{
  "type": "FeatureCollection",
  "features": [
    {
      "type": "Feature",
      "id": 1,
      "geometry": {
        "type": "Point",
        "coordinates": [
          73.46174386625965,
          19.64105346687558
        ]
      },
      "properties": {
        "plotNo": 1,
        "name": "Plot 1",
        "category": "saleable",
        "type": "DETACHED",
        "areaSqm": 360,
        "areaSqft": 3875,
        "owner": "PERCY S CHOWDHRY",
        "cornerArea": null,
        "status": "available"
      }
    },
    {
      "type": "Feature",
      "id": 2,
      "geometry": {
        "type": "Point",
        "coordinates": [
          73.46186388012896,
          19.64103092749208
        ]
      },
      "properties": {
        "plotNo": 2,
        "name": "Plot 2",
        "category": "saleable",
        "type": "DETACHED",
        "areaSqm": 360,
        "areaSqft": 3875,
        "owner": "PERCY S CHOWDHRY",
        "cornerArea": null,
        "status": "sold"
      }
    },
    {
      "type": "Feature",
      "id": 3,
      "geometry": {
        "type": "Point",
        "coordinates": [
          73.46197559311304,
          19.64101848123721
        ]
      },
      "properties": {
        "plotNo": 3,
        "name": "Plot 3",
        "category": "saleable",
        "type": "DETACHED",
        "areaSqm": 360,
        "areaSqft": 3875,
        "owner": "PERCY S CHOWDHRY",
        "cornerArea": null,
        "status": "available"
      }
    },
    {
      "type": "Feature",
      "id": 4,
      "geometry": {
        "type": "Point",
        "coordinates": [
          73.46209839520144,
          19.64100178058471
        ]
      },
      "properties": {
        "plotNo": 4,
        "name": "Plot 4",
        "category": "saleable",
        "type": "DETACHED",
        "areaSqm": 360,
        "areaSqft": 3875,
        "owner": "PERCY S CHOWDHRY",
        "cornerArea": null,
        "status": "reserved"
      }
    },
    {
      "type": "Feature",
      "id": 5,
      "geometry": {
        "type": "Point",
        "coordinates": [
          73.46219292931839,
          19.64097794795669
        ]
      },
      "properties": {
        "plotNo": 5,
        "name": "Plot 5",
        "category": "saleable",
        "type": "DETACHED",
        "areaSqm": 360,
        "areaSqft": 3875,
        "owner": "PERCY S CHOWDHRY",
        "cornerArea": null,
        "status": "available"
      }
    },
    {
      "type": "Feature",
      "id": 6,
      "geometry": {
        "type": "Point",
        "coordinates": [
          73.46232086821945,
          19.64095986667695
        ]
      },
      "properties": {
        "plotNo": 6,
        "name": "Plot 6",
        "category": "saleable",
        "type": "DETACHED",
        "areaSqm": 360,
        "areaSqft": 3875,
        "owner": "PERCY S CHOWDHRY",
        "cornerArea": null,
        "status": "sold"
      }
    },
    {
      "type": "Feature",
      "id": 7,
      "geometry": {
        "type": "Point",
        "coordinates": [
          73.46243322773586,
          19.64094085606518
        ]
      },
      "properties": {
        "plotNo": 7,
        "name": "Plot 7",
        "category": "saleable",
        "type": "DETACHED",
        "areaSqm": 360,
        "areaSqft": 3875,
        "owner": "ARNAVAZ S CHOWDHRY",
        "cornerArea": null,
        "status": "available"
      }
    },
    {
      "type": "Feature",
      "id": 8,
      "geometry": {
        "type": "Point",
        "coordinates": [
          73.46254160736655,
          19.64092106282829
        ]
      },
      "properties": {
        "plotNo": 8,
        "name": "Plot 8",
        "category": "saleable",
        "type": "DETACHED",
        "areaSqm": 360,
        "areaSqft": 3875,
        "owner": "ARNAVAZ S CHOWDHRY",
        "cornerArea": null,
        "status": "available"
      }
    },
    {
      "type": "Feature",
      "id": 9,
      "geometry": {
        "type": "Point",
        "coordinates": [
          73.46265714130747,
          19.64090492159098
        ]
      },
      "properties": {
        "plotNo": 9,
        "name": "Plot 9",
        "category": "saleable",
        "type": "DETACHED",
        "areaSqm": 360,
        "areaSqft": 3875,
        "owner": "ARNAVAZ S CHOWDHRY",
        "cornerArea": null,
        "status": "sold"
      }
    },
    {
      "type": "Feature",
      "id": 10,
      "geometry": {
        "type": "Point",
        "coordinates": [
          73.46276853076282,
          19.64088696732954
        ]
      },
      "properties": {
        "plotNo": 10,
        "name": "Plot 10",
        "category": "saleable",
        "type": "DETACHED",
        "areaSqm": 360,
        "areaSqft": 3875,
        "owner": "ARNAVAZ S CHOWDHRY",
        "cornerArea": null,
        "status": "available"
      }
    },
    {
      "type": "Feature",
      "id": 11,
      "geometry": {
        "type": "Point",
        "coordinates": [
          73.46288415545638,
          19.64086949963985
        ]
      },
      "properties": {
        "plotNo": 11,
        "name": "Plot 11",
        "category": "saleable",
        "type": "DETACHED",
        "areaSqm": 360,
        "areaSqft": 3875,
        "owner": "ARNAVAZ S CHOWDHRY",
        "cornerArea": null,
        "status": "reserved"
      }
    },
    {
      "type": "Feature",
      "id": 12,
      "geometry": {
        "type": "Point",
        "coordinates": [
          73.46299168663768,
          19.64085281409692
        ]
      },
      "properties": {
        "plotNo": 12,
        "name": "Plot 12",
        "category": "saleable",
        "type": "DETACHED",
        "areaSqm": 345.6,
        "areaSqft": 3720,
        "owner": "ARNAVAZ S CHOWDHRY",
        "cornerArea": null,
        "status": "available"
      }
    },
    {
      "type": "Feature",
      "id": 13,
      "geometry": {
        "type": "Point",
        "coordinates": [
          73.4631450662024,
          19.64086814949984
        ]
      },
      "properties": {
        "plotNo": 13,
        "name": "Plot 13",
        "category": "saleable",
        "type": "DETACHED",
        "areaSqm": 288.13,
        "areaSqft": 3101.4,
        "owner": "ARNAVAZ S CHOWDHRY",
        "cornerArea": null,
        "status": "available"
      }
    },
    {
      "type": "Feature",
      "id": 14,
      "geometry": {
        "type": "Point",
        "coordinates": [
          73.46139325427421,
          19.64117107924189
        ]
      },
      "properties": {
        "plotNo": 14,
        "name": "Plot 14",
        "category": "saleable",
        "type": "DETACHED",
        "areaSqm": 346.6,
        "areaSqft": 3730.77,
        "owner": "ARNAVAZ S CHOWDHRY",
        "cornerArea": 10.44,
        "status": "sold"
      }
    },
    {
      "type": "Feature",
      "id": 15,
      "geometry": {
        "type": "Point",
        "coordinates": [
          73.46127828655833,
          19.64070722957232
        ]
      },
      "properties": {
        "plotNo": 15,
        "name": "Plot 15",
        "category": "saleable",
        "type": "DETACHED",
        "areaSqm": 344.25,
        "areaSqft": 3705.47,
        "owner": "PERCY S CHOWDHRY",
        "cornerArea": null,
        "status": "available"
      }
    },
    {
      "type": "Feature",
      "id": 16,
      "geometry": {
        "type": "Point",
        "coordinates": [
          73.4616722704191,
          19.64066930752427
        ]
      },
      "properties": {
        "plotNo": 16,
        "name": "Plot 16",
        "category": "saleable",
        "type": "DETACHED",
        "areaSqm": 346.6,
        "areaSqft": 3730.77,
        "owner": "PERCY S CHOWDHRY",
        "cornerArea": 10.44,
        "status": "reserved"
      }
    },
    {
      "type": "Feature",
      "id": 17,
      "geometry": {
        "type": "Point",
        "coordinates": [
          73.46179533537779,
          19.64065342732109
        ]
      },
      "properties": {
        "plotNo": 17,
        "name": "Plot 17",
        "category": "saleable",
        "type": "DETACHED",
        "areaSqm": 732.73,
        "areaSqft": 7887.03,
        "owner": "ARNAVAZ S CHOWDHRY",
        "cornerArea": null,
        "status": "available"
      }
    },
    {
      "type": "Feature",
      "id": 18,
      "geometry": {
        "type": "Point",
        "coordinates": [
          73.46190417916452,
          19.64062733015108
        ]
      },
      "properties": {
        "plotNo": 18,
        "name": "Plot 18",
        "category": "saleable",
        "type": "DETACHED",
        "areaSqm": 524.65,
        "areaSqft": 5647.28,
        "owner": "ARNAVAZ S CHOWDHRY",
        "cornerArea": null,
        "status": "available"
      }
    },
    {
      "type": "Feature",
      "id": 19,
      "geometry": {
        "type": "Point",
        "coordinates": [
          73.46202003557383,
          19.64061166396046
        ]
      },
      "properties": {
        "plotNo": 19,
        "name": "Plot 19",
        "category": "saleable",
        "type": "DETACHED",
        "areaSqm": 594.96,
        "areaSqft": 6404.09,
        "owner": "ARNAVAZ S CHOWDHRY",
        "cornerArea": null,
        "status": "available"
      }
    },
    {
      "type": "Feature",
      "id": 20,
      "geometry": {
        "type": "Point",
        "coordinates": [
          73.46212924671045,
          19.64058896807406
        ]
      },
      "properties": {
        "plotNo": 20,
        "name": "Plot 20",
        "category": "saleable",
        "type": "DETACHED",
        "areaSqm": 592.23,
        "areaSqft": 6374.7,
        "owner": "ARNAVAZ S CHOWDHRY",
        "cornerArea": null,
        "status": "sold"
      }
    },
    {
      "type": "Feature",
      "id": 21,
      "geometry": {
        "type": "Point",
        "coordinates": [
          73.4622444072211,
          19.64056623134573
        ]
      },
      "properties": {
        "plotNo": 21,
        "name": "Plot 21",
        "category": "saleable",
        "type": "DETACHED",
        "areaSqm": 590.87,
        "areaSqft": 6360.07,
        "owner": "ARNAVAZ S CHOWDHRY",
        "cornerArea": 7.73,
        "status": "available"
      }
    },
    {
      "type": "Feature",
      "id": 22,
      "geometry": {
        "type": "Point",
        "coordinates": [
          73.462365146632,
          19.64054964204181
        ]
      },
      "properties": {
        "plotNo": 22,
        "name": "Plot 22",
        "category": "saleable",
        "type": "DETACHED",
        "areaSqm": 280.05,
        "areaSqft": 3014.43,
        "owner": "PERCY S CHOWDHRY",
        "cornerArea": 7.73,
        "status": "reserved"
      }
    },
    {
      "type": "Feature",
      "id": 23,
      "geometry": {
        "type": "Point",
        "coordinates": [
          73.46247385626883,
          19.64052875601474
        ]
      },
      "properties": {
        "plotNo": 23,
        "name": "Plot 23",
        "category": "saleable",
        "type": "DETACHED",
        "areaSqm": 318.83,
        "areaSqft": 3431.85,
        "owner": "PERCY S CHOWDHRY",
        "cornerArea": 7.73,
        "status": "available"
      }
    },
    {
      "type": "Feature",
      "id": 24,
      "geometry": {
        "type": "Point",
        "coordinates": [
          73.46259232608121,
          19.64050553484086
        ]
      },
      "properties": {
        "plotNo": 24,
        "name": "Plot 24",
        "category": "saleable",
        "type": "DETACHED",
        "areaSqm": 318.83,
        "areaSqft": 3431.85,
        "owner": "PERCY S CHOWDHRY",
        "cornerArea": 7.73,
        "status": "sold"
      }
    },
    {
      "type": "Feature",
      "id": 25,
      "geometry": {
        "type": "Point",
        "coordinates": [
          73.46269336328909,
          19.64048709925867
        ]
      },
      "properties": {
        "plotNo": 25,
        "name": "Plot 25",
        "category": "saleable",
        "type": "DETACHED",
        "areaSqm": 318.83,
        "areaSqft": 3431.85,
        "owner": "PERCY S CHOWDHRY",
        "cornerArea": 12.33,
        "status": "available"
      }
    },
    {
      "type": "Feature",
      "id": 26,
      "geometry": {
        "type": "Point",
        "coordinates": [
          73.46281502289632,
          19.64046671534319
        ]
      },
      "properties": {
        "plotNo": 26,
        "name": "Plot 26",
        "category": "saleable",
        "type": "DETACHED",
        "areaSqm": 377.5,
        "areaSqft": 4063.37,
        "owner": "BOMAN R IRANI",
        "cornerArea": 12.33,
        "status": "available"
      }
    },
    {
      "type": "Feature",
      "id": 27,
      "geometry": {
        "type": "Point",
        "coordinates": [
          73.46292670132111,
          19.64044661169595
        ]
      },
      "properties": {
        "plotNo": 27,
        "name": "Plot 27",
        "category": "saleable",
        "type": "DETACHED",
        "areaSqm": 628.77,
        "areaSqft": 6768.02,
        "owner": "BOMAN R IRANI",
        "cornerArea": 12.66,
        "status": "sold"
      }
    },
    {
      "type": "Feature",
      "id": 28,
      "geometry": {
        "type": "Point",
        "coordinates": [
          73.46310001642195,
          19.64044921766017
        ]
      },
      "properties": {
        "plotNo": 28,
        "name": "Plot 28",
        "category": "saleable",
        "type": "DETACHED",
        "areaSqm": 631.94,
        "areaSqft": 6802.14,
        "owner": "BOMAN R IRANI",
        "cornerArea": null,
        "status": "available"
      }
    },
    {
      "type": "Feature",
      "id": 29,
      "geometry": {
        "type": "Point",
        "coordinates": [
          73.46327200840865,
          19.64060094877898
        ]
      },
      "properties": {
        "plotNo": 29,
        "name": "Plot 29",
        "category": "saleable",
        "type": "DETACHED",
        "areaSqm": 632.87,
        "areaSqft": 6812.15,
        "owner": "BOMAN R IRANI",
        "cornerArea": null,
        "status": "reserved"
      }
    },
    {
      "type": "Feature",
      "id": 30,
      "geometry": {
        "type": "Point",
        "coordinates": [
          73.46332616797847,
          19.64044198613946
        ]
      },
      "properties": {
        "plotNo": 30,
        "name": "Plot 30",
        "category": "saleable",
        "type": "DETACHED",
        "areaSqm": 633.93,
        "areaSqft": 6823.56,
        "owner": "BOMAN R IRANI",
        "cornerArea": null,
        "status": "available"
      }
    },
    {
      "type": "Feature",
      "id": 31,
      "geometry": {
        "type": "Point",
        "coordinates": [
          73.46345139928027,
          19.64037150413766
        ]
      },
      "properties": {
        "plotNo": 31,
        "name": "Plot 31",
        "category": "saleable",
        "type": "DETACHED",
        "areaSqm": 635.99,
        "areaSqft": 6845.73,
        "owner": "PERCY S CHOWDHRY",
        "cornerArea": null,
        "status": "available"
      }
    },
    {
      "type": "Feature",
      "id": 32,
      "geometry": {
        "type": "Point",
        "coordinates": [
          73.46360041092568,
          19.64029840480763
        ]
      },
      "properties": {
        "plotNo": 32,
        "name": "Plot 32",
        "category": "saleable",
        "type": "DETACHED",
        "areaSqm": 637.02,
        "areaSqft": 6856.82,
        "owner": "PERCY S CHOWDHRY",
        "cornerArea": null,
        "status": "sold"
      }
    },
    {
      "type": "Feature",
      "id": 33,
      "geometry": {
        "type": "Point",
        "coordinates": [
          73.4637855621482,
          19.64058702482987
        ]
      },
      "properties": {
        "plotNo": 33,
        "name": "Plot 33",
        "category": "saleable",
        "type": "DETACHED",
        "areaSqm": 5221.08,
        "areaSqft": 56199.18,
        "owner": "PERCY S CHOWDHRY",
        "cornerArea": null,
        "status": "available"
      }
    },
    {
      "type": "Feature",
      "id": 34,
      "geometry": {
        "type": "Point",
        "coordinates": [
          73.46369134291321,
          19.64066812940822
        ]
      },
      "properties": {
        "plotNo": 34,
        "name": "Plot 34",
        "category": "saleable",
        "type": "DETACHED",
        "areaSqm": 527.01,
        "areaSqft": 5672.68,
        "owner": "ARNAVAZ S CHOWDHRY",
        "cornerArea": null,
        "status": "reserved"
      }
    },
    {
      "type": "Feature",
      "id": 35,
      "geometry": {
        "type": "Point",
        "coordinates": [
          73.46360314963297,
          19.64074652304084
        ]
      },
      "properties": {
        "plotNo": 35,
        "name": "Plot 35",
        "category": "saleable",
        "type": "DETACHED",
        "areaSqm": 375.43,
        "areaSqft": 4041.09,
        "owner": "ARNAVAZ S CHOWDHRY",
        "cornerArea": null,
        "status": "available"
      }
    },
    {
      "type": "Feature",
      "id": 36,
      "geometry": {
        "type": "Point",
        "coordinates": [
          73.46350042412482,
          19.64083535857342
        ]
      },
      "properties": {
        "plotNo": 36,
        "name": "Plot 36",
        "category": "saleable",
        "type": "DETACHED",
        "areaSqm": 515.28,
        "areaSqft": 5546.42,
        "owner": "ARNAVAZ S CHOWDHRY",
        "cornerArea": null,
        "status": "available"
      }
    },
    {
      "type": "Feature",
      "id": 37,
      "geometry": {
        "type": "Point",
        "coordinates": [
          73.46324181966204,
          19.6414519748943
        ]
      },
      "properties": {
        "plotNo": 37,
        "name": "Plot 37",
        "category": "saleable",
        "type": "DETACHED",
        "areaSqm": 626.5,
        "areaSqft": 6743.58,
        "owner": "ARNAVAZ S CHOWDHRY",
        "cornerArea": null,
        "status": "available"
      }
    },
    {
      "type": "Feature",
      "id": 38,
      "geometry": {
        "type": "Point",
        "coordinates": [
          73.46340034234865,
          19.64128900637508
        ]
      },
      "properties": {
        "plotNo": 38,
        "name": "Plot 38",
        "category": "saleable",
        "type": "DETACHED",
        "areaSqm": 466.16,
        "areaSqft": 5017.7,
        "owner": "ARNAVAZ S CHOWDHRY",
        "cornerArea": null,
        "status": "sold"
      }
    },
    {
      "type": "Feature",
      "id": 39,
      "geometry": {
        "type": "Point",
        "coordinates": [
          73.46350690934398,
          19.64115571138205
        ]
      },
      "properties": {
        "plotNo": 39,
        "name": "Plot 39",
        "category": "saleable",
        "type": "DETACHED",
        "areaSqm": 234.14,
        "areaSqft": 2520.26,
        "owner": "ARNAVAZ S CHOWDHRY",
        "cornerArea": null,
        "status": "available"
      }
    },
    {
      "type": "Feature",
      "id": 40,
      "geometry": {
        "type": "Point",
        "coordinates": [
          73.46360079726695,
          19.64107327737767
        ]
      },
      "properties": {
        "plotNo": 40,
        "name": "Plot 40",
        "category": "saleable",
        "type": "DETACHED",
        "areaSqm": 200,
        "areaSqft": 2152.78,
        "owner": "ARNAVAZ S CHOWDHRY",
        "cornerArea": null,
        "status": "reserved"
      }
    },
    {
      "type": "Feature",
      "id": 41,
      "geometry": {
        "type": "Point",
        "coordinates": [
          73.46368520268346,
          19.6409986497536
        ]
      },
      "properties": {
        "plotNo": 41,
        "name": "Plot 41",
        "category": "saleable",
        "type": "DETACHED",
        "areaSqm": 0,
        "areaSqft": 0,
        "owner": null,
        "cornerArea": null,
        "status": "available"
      }
    },
    {
      "type": "Feature",
      "id": 42,
      "geometry": {
        "type": "Point",
        "coordinates": [
          73.46377265819528,
          19.64091901666783
        ]
      },
      "properties": {
        "plotNo": 42,
        "name": "Plot 42",
        "category": "saleable",
        "type": "DETACHED",
        "areaSqm": 0,
        "areaSqft": 0,
        "owner": null,
        "cornerArea": null,
        "status": "sold"
      }
    },
    {
      "type": "Feature",
      "id": 43,
      "geometry": {
        "type": "Point",
        "coordinates": [
          73.46385672454346,
          19.64085156482879
        ]
      },
      "properties": {
        "plotNo": 43,
        "name": "Plot 43",
        "category": "saleable",
        "type": "DETACHED",
        "areaSqm": 0,
        "areaSqft": 0,
        "owner": null,
        "cornerArea": null,
        "status": "available"
      }
    },
    {
      "type": "Feature",
      "id": 44,
      "geometry": {
        "type": "Point",
        "coordinates": [
          73.46395025678703,
          19.6407655774287
        ]
      },
      "properties": {
        "plotNo": 44,
        "name": "Plot 44",
        "category": "saleable",
        "type": "DETACHED",
        "areaSqm": 0,
        "areaSqft": 0,
        "owner": null,
        "cornerArea": null,
        "status": "available"
      }
    },
    {
      "type": "Feature",
      "id": 45,
      "geometry": {
        "type": "Point",
        "coordinates": [
          73.46415126088382,
          19.6409737043012
        ]
      },
      "properties": {
        "plotNo": 45,
        "name": "Plot 45",
        "category": "saleable",
        "type": "DETACHED",
        "areaSqm": 0,
        "areaSqft": 0,
        "owner": null,
        "cornerArea": null,
        "status": "sold"
      }
    },
    {
      "type": "Feature",
      "id": 46,
      "geometry": {
        "type": "Point",
        "coordinates": [
          73.46406959007838,
          19.64105114203346
        ]
      },
      "properties": {
        "plotNo": 46,
        "name": "Plot 46",
        "category": "saleable",
        "type": "DETACHED",
        "areaSqm": 0,
        "areaSqft": 0,
        "owner": null,
        "cornerArea": null,
        "status": "available"
      }
    },
    {
      "type": "Feature",
      "id": 47,
      "geometry": {
        "type": "Point",
        "coordinates": [
          73.46397700651623,
          19.6411285528505
        ]
      },
      "properties": {
        "plotNo": 47,
        "name": "Plot 47",
        "category": "saleable",
        "type": "DETACHED",
        "areaSqm": 0,
        "areaSqft": 0,
        "owner": null,
        "cornerArea": null,
        "status": "reserved"
      }
    },
    {
      "type": "Feature",
      "id": 48,
      "geometry": {
        "type": "Point",
        "coordinates": [
          73.46388667682805,
          19.64120825921494
        ]
      },
      "properties": {
        "plotNo": 48,
        "name": "Plot 48",
        "category": "saleable",
        "type": "DETACHED",
        "areaSqm": 0,
        "areaSqft": 0,
        "owner": null,
        "cornerArea": null,
        "status": "available"
      }
    },
    {
      "type": "Feature",
      "id": 49,
      "geometry": {
        "type": "Point",
        "coordinates": [
          73.4637976932326,
          19.64128415694475
        ]
      },
      "properties": {
        "plotNo": 49,
        "name": "Plot 49",
        "category": "saleable",
        "type": "DETACHED",
        "areaSqm": 0,
        "areaSqft": 0,
        "owner": null,
        "cornerArea": null,
        "status": "available"
      }
    },
    {
      "type": "Feature",
      "id": 50,
      "geometry": {
        "type": "Point",
        "coordinates": [
          73.46370957732911,
          19.64136491183532
        ]
      },
      "properties": {
        "plotNo": 50,
        "name": "Plot 50",
        "category": "saleable",
        "type": "DETACHED",
        "areaSqm": 0,
        "areaSqft": 0,
        "owner": null,
        "cornerArea": null,
        "status": "sold"
      }
    },
    {
      "type": "Feature",
      "id": 51,
      "geometry": {
        "type": "Point",
        "coordinates": [
          73.46362660220957,
          19.6414430639942
        ]
      },
      "properties": {
        "plotNo": 51,
        "name": "Plot 51",
        "category": "saleable",
        "type": "DETACHED",
        "areaSqm": 0,
        "areaSqft": 0,
        "owner": null,
        "cornerArea": null,
        "status": "available"
      }
    },
    {
      "type": "Feature",
      "id": 52,
      "geometry": {
        "type": "Point",
        "coordinates": [
          73.46353736182834,
          19.64151792141174
        ]
      },
      "properties": {
        "plotNo": 52,
        "name": "Plot 52",
        "category": "saleable",
        "type": "DETACHED",
        "areaSqm": 0,
        "areaSqft": 0,
        "owner": null,
        "cornerArea": null,
        "status": "reserved"
      }
    },
    {
      "type": "Feature",
      "id": 53,
      "geometry": {
        "type": "Point",
        "coordinates": [
          73.46345187649189,
          19.64159618758817
        ]
      },
      "properties": {
        "plotNo": 53,
        "name": "Plot 53",
        "category": "saleable",
        "type": "DETACHED",
        "areaSqm": 0,
        "areaSqft": 0,
        "owner": null,
        "cornerArea": null,
        "status": "available"
      }
    },
    {
      "type": "Feature",
      "id": 54,
      "geometry": {
        "type": "Point",
        "coordinates": [
          73.46335464669261,
          19.64167622211675
        ]
      },
      "properties": {
        "plotNo": 54,
        "name": "Plot 54",
        "category": "saleable",
        "type": "DETACHED",
        "areaSqm": 0,
        "areaSqft": 0,
        "owner": null,
        "cornerArea": null,
        "status": "available"
      }
    },
    {
      "type": "Feature",
      "id": 55,
      "geometry": {
        "type": "Point",
        "coordinates": [
          73.4634704882837,
          19.64180089739452
        ]
      },
      "properties": {
        "plotNo": 55,
        "name": "Plot 55",
        "category": "saleable",
        "type": "DETACHED",
        "areaSqm": 0,
        "areaSqft": 0,
        "owner": null,
        "cornerArea": null,
        "status": "available"
      }
    },
    {
      "type": "Feature",
      "id": 56,
      "geometry": {
        "type": "Point",
        "coordinates": [
          73.46357465911225,
          19.64171249364957
        ]
      },
      "properties": {
        "plotNo": 56,
        "name": "Plot 56",
        "category": "saleable",
        "type": "DETACHED",
        "areaSqm": 0,
        "areaSqft": 0,
        "owner": null,
        "cornerArea": null,
        "status": "sold"
      }
    },
    {
      "type": "Feature",
      "id": 57,
      "geometry": {
        "type": "Point",
        "coordinates": [
          73.46366440290068,
          19.64164447171772
        ]
      },
      "properties": {
        "plotNo": 57,
        "name": "Plot 57",
        "category": "saleable",
        "type": "DETACHED",
        "areaSqm": 0,
        "areaSqft": 0,
        "owner": null,
        "cornerArea": null,
        "status": "available"
      }
    },
    {
      "type": "Feature",
      "id": 58,
      "geometry": {
        "type": "Point",
        "coordinates": [
          73.4637453762486,
          19.64156380778195
        ]
      },
      "properties": {
        "plotNo": 58,
        "name": "Plot 58",
        "category": "saleable",
        "type": "DETACHED",
        "areaSqm": 0,
        "areaSqft": 0,
        "owner": null,
        "cornerArea": null,
        "status": "reserved"
      }
    },
    {
      "type": "Feature",
      "id": 59,
      "geometry": {
        "type": "Point",
        "coordinates": [
          73.46383734954928,
          19.64148542289761
        ]
      },
      "properties": {
        "plotNo": 59,
        "name": "Plot 59",
        "category": "saleable",
        "type": "DETACHED",
        "areaSqm": 0,
        "areaSqft": 0,
        "owner": null,
        "cornerArea": null,
        "status": "available"
      }
    },
    {
      "type": "Feature",
      "id": 60,
      "geometry": {
        "type": "Point",
        "coordinates": [
          73.46392453484616,
          19.64140684009808
        ]
      },
      "properties": {
        "plotNo": 60,
        "name": "Plot 60",
        "category": "saleable",
        "type": "DETACHED",
        "areaSqm": 0,
        "areaSqft": 0,
        "owner": null,
        "cornerArea": null,
        "status": "sold"
      }
    },
    {
      "type": "Feature",
      "id": 61,
      "geometry": {
        "type": "Point",
        "coordinates": [
          73.46401575592746,
          19.64133556984893
        ]
      },
      "properties": {
        "plotNo": 61,
        "name": "Plot 61",
        "category": "saleable",
        "type": "DETACHED",
        "areaSqm": 0,
        "areaSqft": 0,
        "owner": null,
        "cornerArea": null,
        "status": "available"
      }
    },
    {
      "type": "Feature",
      "id": 62,
      "geometry": {
        "type": "Point",
        "coordinates": [
          73.46410458942954,
          19.64125108086052
        ]
      },
      "properties": {
        "plotNo": 62,
        "name": "Plot 62",
        "category": "saleable",
        "type": "DETACHED",
        "areaSqm": 0,
        "areaSqft": 0,
        "owner": null,
        "cornerArea": null,
        "status": "available"
      }
    },
    {
      "type": "Feature",
      "id": 63,
      "geometry": {
        "type": "Point",
        "coordinates": [
          73.46419124838026,
          19.64117682589923
        ]
      },
      "properties": {
        "plotNo": 63,
        "name": "Plot 63",
        "category": "saleable",
        "type": "DETACHED",
        "areaSqm": 0,
        "areaSqft": 0,
        "owner": null,
        "cornerArea": null,
        "status": "sold"
      }
    },
    {
      "type": "Feature",
      "id": 64,
      "geometry": {
        "type": "Point",
        "coordinates": [
          73.46427999301578,
          19.64110752891001
        ]
      },
      "properties": {
        "plotNo": 64,
        "name": "Plot 64",
        "category": "saleable",
        "type": "DETACHED",
        "areaSqm": 0,
        "areaSqft": 0,
        "owner": null,
        "cornerArea": null,
        "status": "available"
      }
    },
    {
      "type": "Feature",
      "id": 65,
      "geometry": {
        "type": "Point",
        "coordinates": [
          73.4644664861392,
          19.64130079959086
        ]
      },
      "properties": {
        "plotNo": 65,
        "name": "Plot 65",
        "category": "saleable",
        "type": "DETACHED",
        "areaSqm": 0,
        "areaSqft": 0,
        "owner": null,
        "cornerArea": null,
        "status": "reserved"
      }
    },
    {
      "type": "Feature",
      "id": 66,
      "geometry": {
        "type": "Point",
        "coordinates": [
          73.4643808861258,
          19.6413753233874
        ]
      },
      "properties": {
        "plotNo": 66,
        "name": "Plot 66",
        "category": "saleable",
        "type": "DETACHED",
        "areaSqm": 0,
        "areaSqft": 0,
        "owner": null,
        "cornerArea": null,
        "status": "available"
      }
    },
    {
      "type": "Feature",
      "id": 67,
      "geometry": {
        "type": "Point",
        "coordinates": [
          73.46429142102474,
          19.64144859905202
        ]
      },
      "properties": {
        "plotNo": 67,
        "name": "Plot 67",
        "category": "saleable",
        "type": "DETACHED",
        "areaSqm": 0,
        "areaSqft": 0,
        "owner": null,
        "cornerArea": null,
        "status": "available"
      }
    },
    {
      "type": "Feature",
      "id": 68,
      "geometry": {
        "type": "Point",
        "coordinates": [
          73.46421278275518,
          19.64153169820611
        ]
      },
      "properties": {
        "plotNo": 68,
        "name": "Plot 68",
        "category": "saleable",
        "type": "DETACHED",
        "areaSqm": 0,
        "areaSqft": 0,
        "owner": null,
        "cornerArea": null,
        "status": "sold"
      }
    },
    {
      "type": "Feature",
      "id": 69,
      "geometry": {
        "type": "Point",
        "coordinates": [
          73.46412111127322,
          19.64161389323645
        ]
      },
      "properties": {
        "plotNo": 69,
        "name": "Plot 69",
        "category": "saleable",
        "type": "DETACHED",
        "areaSqm": 0,
        "areaSqft": 0,
        "owner": null,
        "cornerArea": null,
        "status": "available"
      }
    },
    {
      "type": "Feature",
      "id": 70,
      "geometry": {
        "type": "Point",
        "coordinates": [
          73.46402471609659,
          19.64168001630726
        ]
      },
      "properties": {
        "plotNo": 70,
        "name": "Plot 70",
        "category": "saleable",
        "type": "DETACHED",
        "areaSqm": 0,
        "areaSqft": 0,
        "owner": null,
        "cornerArea": null,
        "status": "reserved"
      }
    },
    {
      "type": "Feature",
      "id": 71,
      "geometry": {
        "type": "Point",
        "coordinates": [
          73.46394015627942,
          19.64177154013745
        ]
      },
      "properties": {
        "plotNo": 71,
        "name": "Plot 71",
        "category": "saleable",
        "type": "DETACHED",
        "areaSqm": 0,
        "areaSqft": 0,
        "owner": null,
        "cornerArea": null,
        "status": "available"
      }
    },
    {
      "type": "Feature",
      "id": 72,
      "geometry": {
        "type": "Point",
        "coordinates": [
          73.46385670261289,
          19.64184611489654
        ]
      },
      "properties": {
        "plotNo": 72,
        "name": "Plot 72",
        "category": "saleable",
        "type": "DETACHED",
        "areaSqm": 0,
        "areaSqft": 0,
        "owner": null,
        "cornerArea": null,
        "status": "available"
      }
    },
    {
      "type": "Feature",
      "id": 73,
      "geometry": {
        "type": "Point",
        "coordinates": [
          73.46375934817048,
          19.64191639421929
        ]
      },
      "properties": {
        "plotNo": 73,
        "name": "Plot 73",
        "category": "saleable",
        "type": "DETACHED",
        "areaSqm": 0,
        "areaSqft": 0,
        "owner": null,
        "cornerArea": null,
        "status": "available"
      }
    },
    {
      "type": "Feature",
      "id": 74,
      "geometry": {
        "type": "Point",
        "coordinates": [
          73.46367158309306,
          19.64199994892006
        ]
      },
      "properties": {
        "plotNo": 74,
        "name": "Plot 74",
        "category": "saleable",
        "type": "DETACHED",
        "areaSqm": 0,
        "areaSqft": 0,
        "owner": null,
        "cornerArea": null,
        "status": "sold"
      }
    },
    {
      "type": "Feature",
      "id": 75,
      "geometry": {
        "type": "Point",
        "coordinates": [
          73.46378870027405,
          19.64211630002911
        ]
      },
      "properties": {
        "plotNo": 75,
        "name": "Plot 75",
        "category": "saleable",
        "type": "DETACHED",
        "areaSqm": 0,
        "areaSqft": 0,
        "owner": null,
        "cornerArea": null,
        "status": "available"
      }
    },
    {
      "type": "Feature",
      "id": 76,
      "geometry": {
        "type": "Point",
        "coordinates": [
          73.46388283223477,
          19.64204307553246
        ]
      },
      "properties": {
        "plotNo": 76,
        "name": "Plot 76",
        "category": "saleable",
        "type": "DETACHED",
        "areaSqm": 0,
        "areaSqft": 0,
        "owner": null,
        "cornerArea": null,
        "status": "reserved"
      }
    },
    {
      "type": "Feature",
      "id": 77,
      "geometry": {
        "type": "Point",
        "coordinates": [
          73.46398365895553,
          19.64195294093209
        ]
      },
      "properties": {
        "plotNo": 77,
        "name": "Plot 77",
        "category": "saleable",
        "type": "DETACHED",
        "areaSqm": 0,
        "areaSqft": 0,
        "owner": null,
        "cornerArea": null,
        "status": "available"
      }
    },
    {
      "type": "Feature",
      "id": 78,
      "geometry": {
        "type": "Point",
        "coordinates": [
          73.46406579731456,
          19.64189820126814
        ]
      },
      "properties": {
        "plotNo": 78,
        "name": "Plot 78",
        "category": "saleable",
        "type": "DETACHED",
        "areaSqm": 0,
        "areaSqft": 0,
        "owner": null,
        "cornerArea": null,
        "status": "sold"
      }
    },
    {
      "type": "Feature",
      "id": 79,
      "geometry": {
        "type": "Point",
        "coordinates": [
          73.46415718093542,
          19.64180677691919
        ]
      },
      "properties": {
        "plotNo": 79,
        "name": "Plot 79",
        "category": "saleable",
        "type": "DETACHED",
        "areaSqm": 0,
        "areaSqft": 0,
        "owner": null,
        "cornerArea": null,
        "status": "available"
      }
    },
    {
      "type": "Feature",
      "id": 80,
      "geometry": {
        "type": "Point",
        "coordinates": [
          73.4642421483933,
          19.64173396671718
        ]
      },
      "properties": {
        "plotNo": 80,
        "name": "Plot 80",
        "category": "saleable",
        "type": "DETACHED",
        "areaSqm": 0,
        "areaSqft": 0,
        "owner": null,
        "cornerArea": null,
        "status": "available"
      }
    },
    {
      "type": "Feature",
      "id": 81,
      "geometry": {
        "type": "Point",
        "coordinates": [
          73.4643345602247,
          19.64166217752892
        ]
      },
      "properties": {
        "plotNo": 81,
        "name": "Plot 81",
        "category": "saleable",
        "type": "DETACHED",
        "areaSqm": 0,
        "areaSqft": 0,
        "owner": null,
        "cornerArea": null,
        "status": "sold"
      }
    },
    {
      "type": "Feature",
      "id": 82,
      "geometry": {
        "type": "Point",
        "coordinates": [
          73.4644227382365,
          19.64158366720435
        ]
      },
      "properties": {
        "plotNo": 82,
        "name": "Plot 82",
        "category": "saleable",
        "type": "DETACHED",
        "areaSqm": 0,
        "areaSqft": 0,
        "owner": null,
        "cornerArea": null,
        "status": "available"
      }
    },
    {
      "type": "Feature",
      "id": 83,
      "geometry": {
        "type": "Point",
        "coordinates": [
          73.46451337591928,
          19.64150326626367
        ]
      },
      "properties": {
        "plotNo": 83,
        "name": "Plot 83",
        "category": "saleable",
        "type": "DETACHED",
        "areaSqm": 0,
        "areaSqft": 0,
        "owner": null,
        "cornerArea": null,
        "status": "reserved"
      }
    },
    {
      "type": "Feature",
      "id": 84,
      "geometry": {
        "type": "Point",
        "coordinates": [
          73.46459982869217,
          19.64142659270555
        ]
      },
      "properties": {
        "plotNo": 84,
        "name": "Plot 84",
        "category": "saleable",
        "type": "DETACHED",
        "areaSqm": 0,
        "areaSqft": 0,
        "owner": null,
        "cornerArea": null,
        "status": "available"
      }
    },
    {
      "type": "Feature",
      "id": 85,
      "geometry": {
        "type": "Point",
        "coordinates": [
          73.46489959210483,
          19.64155618252936
        ]
      },
      "properties": {
        "plotNo": 85,
        "name": "Plot 85",
        "category": "saleable",
        "type": "DETACHED",
        "areaSqm": 0,
        "areaSqft": 0,
        "owner": null,
        "cornerArea": null,
        "status": "available"
      }
    },
    {
      "type": "Feature",
      "id": 86,
      "geometry": {
        "type": "Point",
        "coordinates": [
          73.4648172940462,
          19.64163438543815
        ]
      },
      "properties": {
        "plotNo": 86,
        "name": "Plot 86",
        "category": "saleable",
        "type": "DETACHED",
        "areaSqm": 0,
        "areaSqft": 0,
        "owner": null,
        "cornerArea": null,
        "status": "sold"
      }
    },
    {
      "type": "Feature",
      "id": 87,
      "geometry": {
        "type": "Point",
        "coordinates": [
          73.46470775286859,
          19.64171808419908
        ]
      },
      "properties": {
        "plotNo": 87,
        "name": "Plot 87",
        "category": "saleable",
        "type": "DETACHED",
        "areaSqm": 0,
        "areaSqft": 0,
        "owner": null,
        "cornerArea": null,
        "status": "available"
      }
    },
    {
      "type": "Feature",
      "id": 88,
      "geometry": {
        "type": "Point",
        "coordinates": [
          73.46463030650806,
          19.64179054312036
        ]
      },
      "properties": {
        "plotNo": 88,
        "name": "Plot 88",
        "category": "saleable",
        "type": "DETACHED",
        "areaSqm": 0,
        "areaSqft": 0,
        "owner": null,
        "cornerArea": null,
        "status": "reserved"
      }
    },
    {
      "type": "Feature",
      "id": 89,
      "geometry": {
        "type": "Point",
        "coordinates": [
          73.46453959289313,
          19.64186276851728
        ]
      },
      "properties": {
        "plotNo": 89,
        "name": "Plot 89",
        "category": "saleable",
        "type": "DETACHED",
        "areaSqm": 0,
        "areaSqft": 0,
        "owner": null,
        "cornerArea": null,
        "status": "available"
      }
    },
    {
      "type": "Feature",
      "id": 90,
      "geometry": {
        "type": "Point",
        "coordinates": [
          73.46444050857666,
          19.64194740738628
        ]
      },
      "properties": {
        "plotNo": 90,
        "name": "Plot 90",
        "category": "saleable",
        "type": "DETACHED",
        "areaSqm": 0,
        "areaSqft": 0,
        "owner": null,
        "cornerArea": null,
        "status": "available"
      }
    },
    {
      "type": "Feature",
      "id": 91,
      "geometry": {
        "type": "Point",
        "coordinates": [
          73.46435426975263,
          19.64202074892584
        ]
      },
      "properties": {
        "plotNo": 91,
        "name": "Plot 91",
        "category": "saleable",
        "type": "DETACHED",
        "areaSqm": 0,
        "areaSqft": 0,
        "owner": null,
        "cornerArea": null,
        "status": "available"
      }
    },
    {
      "type": "Feature",
      "id": 92,
      "geometry": {
        "type": "Point",
        "coordinates": [
          73.4642619845959,
          19.64209252567024
        ]
      },
      "properties": {
        "plotNo": 92,
        "name": "Plot 92",
        "category": "saleable",
        "type": "DETACHED",
        "areaSqm": 0,
        "areaSqft": 0,
        "owner": null,
        "cornerArea": null,
        "status": "sold"
      }
    },
    {
      "type": "Feature",
      "id": 93,
      "geometry": {
        "type": "Point",
        "coordinates": [
          73.46418404089165,
          19.64216596722374
        ]
      },
      "properties": {
        "plotNo": 93,
        "name": "Plot 93",
        "category": "saleable",
        "type": "DETACHED",
        "areaSqm": 0,
        "areaSqft": 0,
        "owner": null,
        "cornerArea": null,
        "status": "available"
      }
    },
    {
      "type": "Feature",
      "id": 94,
      "geometry": {
        "type": "Point",
        "coordinates": [
          73.46409510434498,
          19.64223683503564
        ]
      },
      "properties": {
        "plotNo": 94,
        "name": "Plot 94",
        "category": "saleable",
        "type": "DETACHED",
        "areaSqm": 0,
        "areaSqft": 0,
        "owner": null,
        "cornerArea": null,
        "status": "reserved"
      }
    },
    {
      "type": "Feature",
      "id": 95,
      "geometry": {
        "type": "Point",
        "coordinates": [
          73.46400078041823,
          19.64232592498847
        ]
      },
      "properties": {
        "plotNo": 95,
        "name": "Plot 95",
        "category": "saleable",
        "type": "DETACHED",
        "areaSqm": 0,
        "areaSqft": 0,
        "owner": null,
        "cornerArea": null,
        "status": "available"
      }
    },
    {
      "type": "Feature",
      "id": 96,
      "geometry": {
        "type": "Point",
        "coordinates": [
          73.46412127145499,
          19.64246273472514
        ]
      },
      "properties": {
        "plotNo": 96,
        "name": "Plot 96",
        "category": "saleable",
        "type": "DETACHED",
        "areaSqm": 0,
        "areaSqft": 0,
        "owner": null,
        "cornerArea": null,
        "status": "sold"
      }
    },
    {
      "type": "Feature",
      "id": 97,
      "geometry": {
        "type": "Point",
        "coordinates": [
          73.46422802978486,
          19.64236838358664
        ]
      },
      "properties": {
        "plotNo": 97,
        "name": "Plot 97",
        "category": "saleable",
        "type": "DETACHED",
        "areaSqm": 0,
        "areaSqft": 0,
        "owner": null,
        "cornerArea": null,
        "status": "available"
      }
    },
    {
      "type": "Feature",
      "id": 98,
      "geometry": {
        "type": "Point",
        "coordinates": [
          73.46430184592194,
          19.64229072257461
        ]
      },
      "properties": {
        "plotNo": 98,
        "name": "Plot 98",
        "category": "saleable",
        "type": "DETACHED",
        "areaSqm": 0,
        "areaSqft": 0,
        "owner": null,
        "cornerArea": null,
        "status": "available"
      }
    },
    {
      "type": "Feature",
      "id": 99,
      "geometry": {
        "type": "Point",
        "coordinates": [
          73.46439019089783,
          19.64221840145363
        ]
      },
      "properties": {
        "plotNo": 99,
        "name": "Plot 99",
        "category": "saleable",
        "type": "DETACHED",
        "areaSqm": 0,
        "areaSqft": 0,
        "owner": null,
        "cornerArea": null,
        "status": "sold"
      }
    },
    {
      "type": "Feature",
      "id": 100,
      "geometry": {
        "type": "Point",
        "coordinates": [
          73.46448254920328,
          19.64214481898813
        ]
      },
      "properties": {
        "plotNo": 100,
        "name": "Plot 100",
        "category": "saleable",
        "type": "DETACHED",
        "areaSqm": 250,
        "areaSqft": 2690.97,
        "owner": "ARNAVAZ S CHOWDHRY",
        "cornerArea": null,
        "status": "available"
      }
    },
    {
      "type": "Feature",
      "id": 101,
      "geometry": {
        "type": "Point",
        "coordinates": [
          73.46456615020955,
          19.64206622481893
        ]
      },
      "properties": {
        "plotNo": 101,
        "name": "Plot 101",
        "category": "saleable",
        "type": "DETACHED",
        "areaSqm": 250,
        "areaSqft": 2690.97,
        "owner": "ARNAVAZ S CHOWDHRY",
        "cornerArea": null,
        "status": "reserved"
      }
    },
    {
      "type": "Feature",
      "id": 102,
      "geometry": {
        "type": "Point",
        "coordinates": [
          73.46465026451227,
          19.6419867030086
        ]
      },
      "properties": {
        "plotNo": 102,
        "name": "Plot 102",
        "category": "saleable",
        "type": "DETACHED",
        "areaSqm": 250,
        "areaSqft": 2690.97,
        "owner": "ARNAVAZ S CHOWDHRY",
        "cornerArea": null,
        "status": "available"
      }
    },
    {
      "type": "Feature",
      "id": 103,
      "geometry": {
        "type": "Point",
        "coordinates": [
          73.46473816151025,
          19.64190702433798
        ]
      },
      "properties": {
        "plotNo": 103,
        "name": "Plot 103",
        "category": "saleable",
        "type": "DETACHED",
        "areaSqm": 488.33,
        "areaSqft": 5256.34,
        "owner": "ARNAVAZ S CHOWDHRY",
        "cornerArea": null,
        "status": "available"
      }
    },
    {
      "type": "Feature",
      "id": 104,
      "geometry": {
        "type": "Point",
        "coordinates": [
          73.46482914376955,
          19.64183486467792
        ]
      },
      "properties": {
        "plotNo": 104,
        "name": "Plot 104",
        "category": "saleable",
        "type": "DETACHED",
        "areaSqm": 330,
        "areaSqft": 3552.09,
        "owner": "ARNAVAZ S CHOWDHRY",
        "cornerArea": null,
        "status": "sold"
      }
    },
    {
      "type": "Feature",
      "id": 105,
      "geometry": {
        "type": "Point",
        "coordinates": [
          73.46492030266435,
          19.64174348631616
        ]
      },
      "properties": {
        "plotNo": 105,
        "name": "Plot 105",
        "category": "saleable",
        "type": "DETACHED",
        "areaSqm": 330.07,
        "areaSqft": 3552.84,
        "owner": "ARNAVAZ S CHOWDHRY",
        "cornerArea": null,
        "status": "available"
      }
    },
    {
      "type": "Feature",
      "id": 106,
      "geometry": {
        "type": "Point",
        "coordinates": [
          73.4650227755925,
          19.64167079543434
        ]
      },
      "properties": {
        "plotNo": 106,
        "name": "Plot 106",
        "category": "saleable",
        "type": "DETACHED",
        "areaSqm": 310.46,
        "areaSqft": 3341.76,
        "owner": "PERCY S CHOWDHRY",
        "cornerArea": null,
        "status": "reserved"
      }
    },
    {
      "type": "Feature",
      "id": 107,
      "geometry": {
        "type": "Point",
        "coordinates": [
          73.46638557250301,
          19.64321899764486
        ]
      },
      "properties": {
        "plotNo": 107,
        "name": "Plot 107",
        "category": "saleable",
        "type": "DETACHED",
        "areaSqm": 200,
        "areaSqft": 2152.78,
        "owner": "PERCY S CHOWDHRY",
        "cornerArea": 9,
        "status": "available"
      }
    },
    {
      "type": "Feature",
      "id": 108,
      "geometry": {
        "type": "Point",
        "coordinates": [
          73.46641938844402,
          19.64332499330557
        ]
      },
      "properties": {
        "plotNo": 108,
        "name": "Plot 108",
        "category": "saleable",
        "type": "DETACHED",
        "areaSqm": 200,
        "areaSqft": 2152.78,
        "owner": "PERCY S CHOWDHRY",
        "cornerArea": null,
        "status": "available"
      }
    },
    {
      "type": "Feature",
      "id": 109,
      "geometry": {
        "type": "Point",
        "coordinates": [
          73.46646270486104,
          19.64343742501608
        ]
      },
      "properties": {
        "plotNo": 109,
        "name": "Plot 109",
        "category": "saleable",
        "type": "DETACHED",
        "areaSqm": 200,
        "areaSqft": 2152.78,
        "owner": "PERCY S CHOWDHRY",
        "cornerArea": null,
        "status": "available"
      }
    },
    {
      "type": "Feature",
      "id": 110,
      "geometry": {
        "type": "Point",
        "coordinates": [
          73.46512617444706,
          19.64308003876487
        ]
      },
      "properties": {
        "plotNo": 110,
        "name": "Plot 110",
        "category": "clubhouse",
        "type": "DETACHED",
        "areaSqm": 0,
        "areaSqft": 0,
        "owner": null,
        "cornerArea": null,
        "status": "sold"
      }
    },
    {
      "type": "Feature",
      "id": 111,
      "geometry": {
        "type": "Point",
        "coordinates": [
          73.46569437608109,
          19.64346075298062
        ]
      },
      "properties": {
        "plotNo": 111,
        "name": "Plot 111",
        "category": "saleable",
        "type": "DETACHED",
        "areaSqm": 570.75,
        "areaSqft": 6143.5,
        "owner": "ARNAVAZ S CHOWDHRY",
        "cornerArea": null,
        "status": "available"
      }
    },
    {
      "type": "Feature",
      "id": 112,
      "geometry": {
        "type": "Point",
        "coordinates": [
          73.4656581756559,
          19.64332847827288
        ]
      },
      "properties": {
        "plotNo": 112,
        "name": "Plot 112",
        "category": "saleable",
        "type": "DETACHED",
        "areaSqm": 576,
        "areaSqft": 6200.01,
        "owner": "ARNAVAZ S CHOWDHRY",
        "cornerArea": null,
        "status": "reserved"
      }
    },
    {
      "type": "Feature",
      "id": 113,
      "geometry": {
        "type": "Point",
        "coordinates": [
          73.46560710927228,
          19.64319673019909
        ]
      },
      "properties": {
        "plotNo": 113,
        "name": "Plot 113",
        "category": "saleable",
        "type": "DETACHED",
        "areaSqm": 572.25,
        "areaSqft": 6159.64,
        "owner": "ARNAVAZ S CHOWDHRY",
        "cornerArea": null,
        "status": "available"
      }
    },
    {
      "type": "Feature",
      "id": 114,
      "geometry": {
        "type": "Point",
        "coordinates": [
          73.46556551447496,
          19.64307110235546
        ]
      },
      "properties": {
        "plotNo": 114,
        "name": "Plot 114",
        "category": "saleable",
        "type": "DETACHED",
        "areaSqm": 573.35,
        "areaSqft": 6171.48,
        "owner": "ARNAVAZ S CHOWDHRY",
        "cornerArea": 12.66,
        "status": "sold"
      }
    },
    {
      "type": "Feature",
      "id": 115,
      "geometry": {
        "type": "Point",
        "coordinates": [
          73.46552231822638,
          19.64292532530302
        ]
      },
      "properties": {
        "plotNo": 115,
        "name": "Plot 115",
        "category": "saleable",
        "type": "DETACHED",
        "areaSqm": 574.12,
        "areaSqft": 6179.77,
        "owner": "ARNAVAZ S CHOWDHRY",
        "cornerArea": 12.66,
        "status": "available"
      }
    },
    {
      "type": "Feature",
      "id": 116,
      "geometry": {
        "type": "Point",
        "coordinates": [
          73.46542110297152,
          19.64277559965624
        ]
      },
      "properties": {
        "plotNo": 116,
        "name": "Plot 116",
        "category": "saleable",
        "type": "DETACHED",
        "areaSqm": 1041.59,
        "areaSqft": 11211.57,
        "owner": "ARNAVAZ S CHOWDHRY",
        "cornerArea": 12.1,
        "status": "available"
      }
    },
    {
      "type": "Feature",
      "id": 117,
      "geometry": {
        "type": "Point",
        "coordinates": [
          73.4653172095712,
          19.64267109135816
        ]
      },
      "properties": {
        "plotNo": 117,
        "name": "Plot 117",
        "category": "saleable",
        "type": "DETACHED",
        "areaSqm": 10769.9,
        "areaSqft": 115926.13,
        "owner": "ARNAVAZ S CHOWDHRY",
        "cornerArea": null,
        "status": "sold"
      }
    },
    {
      "type": "Feature",
      "id": 118,
      "geometry": {
        "type": "Point",
        "coordinates": [
          73.46521694175868,
          19.64257587719534
        ]
      },
      "properties": {
        "plotNo": 118,
        "name": "Plot 118",
        "category": "saleable",
        "type": "DETACHED",
        "areaSqm": 801.13,
        "areaSqft": 8623.28,
        "owner": "BOMAN R IRANI",
        "cornerArea": null,
        "status": "available"
      }
    },
    {
      "type": "Feature",
      "id": 119,
      "geometry": {
        "type": "Point",
        "coordinates": [
          73.46512412657908,
          19.64247401387281
        ]
      },
      "properties": {
        "plotNo": 119,
        "name": "Plot 119",
        "category": "saleable",
        "type": "DETACHED",
        "areaSqm": 573.35,
        "areaSqft": 6171.48,
        "owner": "BOMAN R IRANI",
        "cornerArea": null,
        "status": "reserved"
      }
    },
    {
      "type": "Feature",
      "id": 120,
      "geometry": {
        "type": "Point",
        "coordinates": [
          73.46502675531201,
          19.64237109648271
        ]
      },
      "properties": {
        "plotNo": 120,
        "name": "Plot 120",
        "category": "saleable",
        "type": "DETACHED",
        "areaSqm": 573.35,
        "areaSqft": 6171.48,
        "owner": "BOMAN R IRANI",
        "cornerArea": null,
        "status": "available"
      }
    },
    {
      "type": "Feature",
      "id": 121,
      "geometry": {
        "type": "Point",
        "coordinates": [
          73.46498884307816,
          19.64214221313594
        ]
      },
      "properties": {
        "plotNo": 121,
        "name": "Plot 121",
        "category": "saleable",
        "type": "DETACHED",
        "areaSqm": 0,
        "areaSqft": 0,
        "owner": null,
        "cornerArea": null,
        "status": "available"
      }
    },
    {
      "type": "Feature",
      "id": 122,
      "geometry": {
        "type": "Point",
        "coordinates": [
          73.46489493016487,
          19.64222091819673
        ]
      },
      "properties": {
        "plotNo": 122,
        "name": "Plot 122",
        "category": "saleable",
        "type": "DETACHED",
        "areaSqm": 0,
        "areaSqft": 0,
        "owner": null,
        "cornerArea": null,
        "status": "sold"
      }
    },
    {
      "type": "Feature",
      "id": 123,
      "geometry": {
        "type": "Point",
        "coordinates": [
          73.46481579298495,
          19.64230007147985
        ]
      },
      "properties": {
        "plotNo": 123,
        "name": "Plot 123",
        "category": "saleable",
        "type": "DETACHED",
        "areaSqm": 0,
        "areaSqft": 0,
        "owner": null,
        "cornerArea": null,
        "status": "available"
      }
    },
    {
      "type": "Feature",
      "id": 124,
      "geometry": {
        "type": "Point",
        "coordinates": [
          73.4647145272637,
          19.64237153959453
        ]
      },
      "properties": {
        "plotNo": 124,
        "name": "Plot 124",
        "category": "saleable",
        "type": "DETACHED",
        "areaSqm": 0,
        "areaSqft": 0,
        "owner": null,
        "cornerArea": null,
        "status": "reserved"
      }
    },
    {
      "type": "Feature",
      "id": 125,
      "geometry": {
        "type": "Point",
        "coordinates": [
          73.4646338268283,
          19.64245016136785
        ]
      },
      "properties": {
        "plotNo": 125,
        "name": "Plot 125",
        "category": "saleable",
        "type": "DETACHED",
        "areaSqm": 0,
        "areaSqft": 0,
        "owner": null,
        "cornerArea": null,
        "status": "available"
      }
    },
    {
      "type": "Feature",
      "id": 126,
      "geometry": {
        "type": "Point",
        "coordinates": [
          73.46455184075077,
          19.6425276429341
        ]
      },
      "properties": {
        "plotNo": 126,
        "name": "Plot 126",
        "category": "saleable",
        "type": "DETACHED",
        "areaSqm": 0,
        "areaSqft": 0,
        "owner": null,
        "cornerArea": null,
        "status": "available"
      }
    },
    {
      "type": "Feature",
      "id": 127,
      "geometry": {
        "type": "Point",
        "coordinates": [
          73.46446264876235,
          19.64260165677087
        ]
      },
      "properties": {
        "plotNo": 127,
        "name": "Plot 127",
        "category": "saleable",
        "type": "DETACHED",
        "areaSqm": 0,
        "areaSqft": 0,
        "owner": null,
        "cornerArea": null,
        "status": "available"
      }
    },
    {
      "type": "Feature",
      "id": 128,
      "geometry": {
        "type": "Point",
        "coordinates": [
          73.46436547572686,
          19.64268701173518
        ]
      },
      "properties": {
        "plotNo": 128,
        "name": "Plot 128",
        "category": "saleable",
        "type": "DETACHED",
        "areaSqm": 0,
        "areaSqft": 0,
        "owner": null,
        "cornerArea": null,
        "status": "sold"
      }
    },
    {
      "type": "Feature",
      "id": 129,
      "geometry": {
        "type": "Point",
        "coordinates": [
          73.46400714966464,
          19.64286572278196
        ]
      },
      "properties": {
        "plotNo": 129,
        "name": "Plot 129",
        "category": "saleable",
        "type": "DETACHED",
        "areaSqm": 0,
        "areaSqft": 0,
        "owner": null,
        "cornerArea": null,
        "status": "available"
      }
    },
    {
      "type": "Feature",
      "id": 130,
      "geometry": {
        "type": "Point",
        "coordinates": [
          73.46389072806286,
          19.64274464017015
        ]
      },
      "properties": {
        "plotNo": 130,
        "name": "Plot 130",
        "category": "saleable",
        "type": "DETACHED",
        "areaSqm": 0,
        "areaSqft": 0,
        "owner": null,
        "cornerArea": null,
        "status": "reserved"
      }
    },
    {
      "type": "Feature",
      "id": 131,
      "geometry": {
        "type": "Point",
        "coordinates": [
          73.46376512440507,
          19.64261455329493
        ]
      },
      "properties": {
        "plotNo": 131,
        "name": "Plot 131",
        "category": "saleable",
        "type": "DETACHED",
        "areaSqm": 0,
        "areaSqft": 0,
        "owner": null,
        "cornerArea": null,
        "status": "available"
      }
    },
    {
      "type": "Feature",
      "id": 132,
      "geometry": {
        "type": "Point",
        "coordinates": [
          73.46365944738696,
          19.64250182665261
        ]
      },
      "properties": {
        "plotNo": 132,
        "name": "Plot 132",
        "category": "saleable",
        "type": "DETACHED",
        "areaSqm": 0,
        "areaSqft": 0,
        "owner": null,
        "cornerArea": null,
        "status": "sold"
      }
    },
    {
      "type": "Feature",
      "id": 133,
      "geometry": {
        "type": "Point",
        "coordinates": [
          73.46355044001798,
          19.64238726946079
        ]
      },
      "properties": {
        "plotNo": 133,
        "name": "Plot 133",
        "category": "saleable",
        "type": "DETACHED",
        "areaSqm": 0,
        "areaSqft": 0,
        "owner": null,
        "cornerArea": null,
        "status": "available"
      }
    },
    {
      "type": "Feature",
      "id": 134,
      "geometry": {
        "type": "Point",
        "coordinates": [
          73.46343495755089,
          19.64227256023619
        ]
      },
      "properties": {
        "plotNo": 134,
        "name": "Plot 134",
        "category": "saleable",
        "type": "DETACHED",
        "areaSqm": 0,
        "areaSqft": 0,
        "owner": null,
        "cornerArea": null,
        "status": "available"
      }
    },
    {
      "type": "Feature",
      "id": 135,
      "geometry": {
        "type": "Point",
        "coordinates": [
          73.46331225101106,
          19.64214660089214
        ]
      },
      "properties": {
        "plotNo": 135,
        "name": "Plot 135",
        "category": "saleable",
        "type": "DETACHED",
        "areaSqm": 0,
        "areaSqft": 0,
        "owner": null,
        "cornerArea": null,
        "status": "sold"
      }
    },
    {
      "type": "Feature",
      "id": 136,
      "geometry": {
        "type": "Point",
        "coordinates": [
          73.46319690858479,
          19.64203562789003
        ]
      },
      "properties": {
        "plotNo": 136,
        "name": "Plot 136",
        "category": "saleable",
        "type": "DETACHED",
        "areaSqm": 0,
        "areaSqft": 0,
        "owner": null,
        "cornerArea": null,
        "status": "available"
      }
    },
    {
      "type": "Feature",
      "id": 137,
      "geometry": {
        "type": "Point",
        "coordinates": [
          73.4630707242686,
          19.64190052145049
        ]
      },
      "properties": {
        "plotNo": 137,
        "name": "Plot 137",
        "category": "saleable",
        "type": "DETACHED",
        "areaSqm": 0,
        "areaSqft": 0,
        "owner": null,
        "cornerArea": null,
        "status": "reserved"
      }
    },
    {
      "type": "Feature",
      "id": 138,
      "geometry": {
        "type": "Point",
        "coordinates": [
          73.46295854382069,
          19.64179115546918
        ]
      },
      "properties": {
        "plotNo": 138,
        "name": "Plot 138",
        "category": "saleable",
        "type": "DETACHED",
        "areaSqm": 0,
        "areaSqft": 0,
        "owner": null,
        "cornerArea": null,
        "status": "available"
      }
    },
    {
      "type": "Feature",
      "id": 139,
      "geometry": {
        "type": "Point",
        "coordinates": [
          73.46284100452834,
          19.64168155951464
        ]
      },
      "properties": {
        "plotNo": 139,
        "name": "Plot 139",
        "category": "saleable",
        "type": "DETACHED",
        "areaSqm": 0,
        "areaSqft": 0,
        "owner": null,
        "cornerArea": null,
        "status": "available"
      }
    },
    {
      "type": "Feature",
      "id": 140,
      "geometry": {
        "type": "Point",
        "coordinates": [
          73.46232664806736,
          19.64140276538286
        ]
      },
      "properties": {
        "plotNo": 140,
        "name": "Plot 140",
        "category": "saleable",
        "type": "DETACHED",
        "areaSqm": 0,
        "areaSqft": 0,
        "owner": null,
        "cornerArea": null,
        "status": "sold"
      }
    },
    {
      "type": "Feature",
      "id": 141,
      "geometry": {
        "type": "Point",
        "coordinates": [
          73.45785179741131,
          19.64235401469697
        ]
      },
      "properties": {
        "plotNo": 141,
        "name": "Plot 141",
        "category": "saleable",
        "type": "DETACHED",
        "areaSqm": 0,
        "areaSqft": 0,
        "owner": null,
        "cornerArea": null,
        "status": "available"
      }
    },
    {
      "type": "Feature",
      "id": 142,
      "geometry": {
        "type": "Point",
        "coordinates": [
          73.45790658820599,
          19.64247223403034
        ]
      },
      "properties": {
        "plotNo": 142,
        "name": "Plot 142",
        "category": "saleable",
        "type": "DETACHED",
        "areaSqm": 0,
        "areaSqft": 0,
        "owner": null,
        "cornerArea": null,
        "status": "reserved"
      }
    },
    {
      "type": "Feature",
      "id": 143,
      "geometry": {
        "type": "Point",
        "coordinates": [
          73.45792939418814,
          19.64258551253629
        ]
      },
      "properties": {
        "plotNo": 143,
        "name": "Plot 143",
        "category": "saleable",
        "type": "DETACHED",
        "areaSqm": 0,
        "areaSqft": 0,
        "owner": null,
        "cornerArea": null,
        "status": "available"
      }
    },
    {
      "type": "Feature",
      "id": 144,
      "geometry": {
        "type": "Point",
        "coordinates": [
          73.4579093360108,
          19.64267086045465
        ]
      },
      "properties": {
        "plotNo": 144,
        "name": "Plot 144",
        "category": "saleable",
        "type": "DETACHED",
        "areaSqm": 0,
        "areaSqft": 0,
        "owner": null,
        "cornerArea": null,
        "status": "available"
      }
    },
    {
      "type": "Feature",
      "id": 145,
      "geometry": {
        "type": "Point",
        "coordinates": [
          73.45788014398023,
          19.64276379026247
        ]
      },
      "properties": {
        "plotNo": 145,
        "name": "Plot 145",
        "category": "saleable",
        "type": "DETACHED",
        "areaSqm": 0,
        "areaSqft": 0,
        "owner": null,
        "cornerArea": null,
        "status": "available"
      }
    },
    {
      "type": "Feature",
      "id": 146,
      "geometry": {
        "type": "Point",
        "coordinates": [
          73.45784147171901,
          19.64287242435187
        ]
      },
      "properties": {
        "plotNo": 146,
        "name": "Plot 146",
        "category": "saleable",
        "type": "DETACHED",
        "areaSqm": 0,
        "areaSqft": 0,
        "owner": null,
        "cornerArea": null,
        "status": "sold"
      }
    },
    {
      "type": "Feature",
      "id": 147,
      "geometry": {
        "type": "Point",
        "coordinates": [
          73.45781922058899,
          19.6429648721461
        ]
      },
      "properties": {
        "plotNo": 147,
        "name": "Plot 147",
        "category": "saleable",
        "type": "DETACHED",
        "areaSqm": 0,
        "areaSqft": 0,
        "owner": null,
        "cornerArea": null,
        "status": "available"
      }
    },
    {
      "type": "Feature",
      "id": 148,
      "geometry": {
        "type": "Point",
        "coordinates": [
          73.45779328543107,
          19.64304467846317
        ]
      },
      "properties": {
        "plotNo": 148,
        "name": "Plot 148",
        "category": "saleable",
        "type": "DETACHED",
        "areaSqm": 0,
        "areaSqft": 0,
        "owner": null,
        "cornerArea": null,
        "status": "reserved"
      }
    },
    {
      "type": "Feature",
      "id": 149,
      "geometry": {
        "type": "Point",
        "coordinates": [
          73.45775974591146,
          19.64314849245585
        ]
      },
      "properties": {
        "plotNo": 149,
        "name": "Plot 149",
        "category": "saleable",
        "type": "DETACHED",
        "areaSqm": 0,
        "areaSqft": 0,
        "owner": null,
        "cornerArea": null,
        "status": "available"
      }
    },
    {
      "type": "Feature",
      "id": 150,
      "geometry": {
        "type": "Point",
        "coordinates": [
          73.4577144732575,
          19.64324239843874
        ]
      },
      "properties": {
        "plotNo": 150,
        "name": "Plot 150",
        "category": "saleable",
        "type": "DETACHED",
        "areaSqm": 0,
        "areaSqft": 0,
        "owner": null,
        "cornerArea": null,
        "status": "sold"
      }
    },
    {
      "type": "Feature",
      "id": 151,
      "geometry": {
        "type": "Point",
        "coordinates": [
          73.45833054853524,
          19.64305087406552
        ]
      },
      "properties": {
        "plotNo": 151,
        "name": "Plot 151",
        "category": "saleable",
        "type": "DETACHED",
        "areaSqm": 0,
        "areaSqft": 0,
        "owner": null,
        "cornerArea": null,
        "status": "available"
      }
    },
    {
      "type": "Feature",
      "id": 152,
      "geometry": {
        "type": "Point",
        "coordinates": [
          73.45834251812481,
          19.64320118920173
        ]
      },
      "properties": {
        "plotNo": 152,
        "name": "Plot 152",
        "category": "saleable",
        "type": "DETACHED",
        "areaSqm": 0,
        "areaSqft": 0,
        "owner": null,
        "cornerArea": null,
        "status": "available"
      }
    },
    {
      "type": "Feature",
      "id": 153,
      "geometry": {
        "type": "Point",
        "coordinates": [
          73.45829731631669,
          19.64330226670511
        ]
      },
      "properties": {
        "plotNo": 153,
        "name": "Plot 153",
        "category": "saleable",
        "type": "DETACHED",
        "areaSqm": 0,
        "areaSqft": 0,
        "owner": null,
        "cornerArea": null,
        "status": "sold"
      }
    },
    {
      "type": "Feature",
      "id": 154,
      "geometry": {
        "type": "Point",
        "coordinates": [
          73.45826064757519,
          19.64339653244588
        ]
      },
      "properties": {
        "plotNo": 154,
        "name": "Plot 154",
        "category": "saleable",
        "type": "DETACHED",
        "areaSqm": 0,
        "areaSqft": 0,
        "owner": null,
        "cornerArea": null,
        "status": "available"
      }
    },
    {
      "type": "Feature",
      "id": 155,
      "geometry": {
        "type": "Point",
        "coordinates": [
          73.45820969982005,
          19.6434644357259
        ]
      },
      "properties": {
        "plotNo": 155,
        "name": "Plot 155",
        "category": "saleable",
        "type": "DETACHED",
        "areaSqm": 0,
        "areaSqft": 0,
        "owner": null,
        "cornerArea": null,
        "status": "reserved"
      }
    },
    {
      "type": "Feature",
      "id": 156,
      "geometry": {
        "type": "Point",
        "coordinates": [
          73.4581643612648,
          19.64354382282962
        ]
      },
      "properties": {
        "plotNo": 156,
        "name": "Plot 156",
        "category": "saleable",
        "type": "DETACHED",
        "areaSqm": 0,
        "areaSqft": 0,
        "owner": null,
        "cornerArea": null,
        "status": "available"
      }
    },
    {
      "type": "Feature",
      "id": 157,
      "geometry": {
        "type": "Point",
        "coordinates": [
          73.45811789185261,
          19.64362587289113
        ]
      },
      "properties": {
        "plotNo": 157,
        "name": "Plot 157",
        "category": "saleable",
        "type": "DETACHED",
        "areaSqm": 0,
        "areaSqft": 0,
        "owner": null,
        "cornerArea": null,
        "status": "available"
      }
    },
    {
      "type": "Feature",
      "id": 158,
      "geometry": {
        "type": "Point",
        "coordinates": [
          73.4580708904647,
          19.64369562825888
        ]
      },
      "properties": {
        "plotNo": 158,
        "name": "Plot 158",
        "category": "saleable",
        "type": "DETACHED",
        "areaSqm": 0,
        "areaSqft": 0,
        "owner": null,
        "cornerArea": null,
        "status": "sold"
      }
    },
    {
      "type": "Feature",
      "id": 159,
      "geometry": {
        "type": "Point",
        "coordinates": [
          73.45803093616719,
          19.64378749366902
        ]
      },
      "properties": {
        "plotNo": 159,
        "name": "Plot 159",
        "category": "saleable",
        "type": "DETACHED",
        "areaSqm": 0,
        "areaSqft": 0,
        "owner": null,
        "cornerArea": null,
        "status": "available"
      }
    },
    {
      "type": "Feature",
      "id": 160,
      "geometry": {
        "type": "Point",
        "coordinates": [
          73.45798002017575,
          19.64386467157347
        ]
      },
      "properties": {
        "plotNo": 160,
        "name": "Plot 160",
        "category": "saleable",
        "type": "DETACHED",
        "areaSqm": 0,
        "areaSqft": 0,
        "owner": null,
        "cornerArea": null,
        "status": "reserved"
      }
    },
    {
      "type": "Feature",
      "id": 161,
      "geometry": {
        "type": "Point",
        "coordinates": [
          73.45794542104355,
          19.64395862792399
        ]
      },
      "properties": {
        "plotNo": 161,
        "name": "Plot 161",
        "category": "saleable",
        "type": "DETACHED",
        "areaSqm": 0,
        "areaSqft": 0,
        "owner": null,
        "cornerArea": null,
        "status": "available"
      }
    },
    {
      "type": "Feature",
      "id": 162,
      "geometry": {
        "type": "Point",
        "coordinates": [
          73.45788996137804,
          19.644028773386
        ]
      },
      "properties": {
        "plotNo": 162,
        "name": "Plot 162",
        "category": "saleable",
        "type": "DETACHED",
        "areaSqm": 0,
        "areaSqft": 0,
        "owner": null,
        "cornerArea": null,
        "status": "available"
      }
    },
    {
      "type": "Feature",
      "id": 163,
      "geometry": {
        "type": "Point",
        "coordinates": [
          73.45784616940959,
          19.64411476195916
        ]
      },
      "properties": {
        "plotNo": 163,
        "name": "Plot 163",
        "category": "saleable",
        "type": "DETACHED",
        "areaSqm": 0,
        "areaSqft": 0,
        "owner": null,
        "cornerArea": null,
        "status": "available"
      }
    },
    {
      "type": "Feature",
      "id": 164,
      "geometry": {
        "type": "Point",
        "coordinates": [
          73.45779799558004,
          19.64418553557188
        ]
      },
      "properties": {
        "plotNo": 164,
        "name": "Plot 164",
        "category": "saleable",
        "type": "DETACHED",
        "areaSqm": 0,
        "areaSqft": 0,
        "owner": null,
        "cornerArea": null,
        "status": "sold"
      }
    },
    {
      "type": "Feature",
      "id": 165,
      "geometry": {
        "type": "Point",
        "coordinates": [
          73.4577577192096,
          19.64426329705609
        ]
      },
      "properties": {
        "plotNo": 165,
        "name": "Plot 165",
        "category": "saleable",
        "type": "DETACHED",
        "areaSqm": 0,
        "areaSqft": 0,
        "owner": null,
        "cornerArea": null,
        "status": "available"
      }
    },
    {
      "type": "Feature",
      "id": 166,
      "geometry": {
        "type": "Point",
        "coordinates": [
          73.45770702140953,
          19.64434200972227
        ]
      },
      "properties": {
        "plotNo": 166,
        "name": "Plot 166",
        "category": "saleable",
        "type": "DETACHED",
        "areaSqm": 0,
        "areaSqft": 0,
        "owner": null,
        "cornerArea": null,
        "status": "reserved"
      }
    },
    {
      "type": "Feature",
      "id": 167,
      "geometry": {
        "type": "Point",
        "coordinates": [
          73.45766792704427,
          19.6444227906241
        ]
      },
      "properties": {
        "plotNo": 167,
        "name": "Plot 167",
        "category": "saleable",
        "type": "DETACHED",
        "areaSqm": 0,
        "areaSqft": 0,
        "owner": null,
        "cornerArea": null,
        "status": "available"
      }
    },
    {
      "type": "Feature",
      "id": 168,
      "geometry": {
        "type": "Point",
        "coordinates": [
          73.45821581632636,
          19.64413048272829
        ]
      },
      "properties": {
        "plotNo": 168,
        "name": "Plot 168",
        "category": "saleable",
        "type": "DETACHED",
        "areaSqm": 0,
        "areaSqft": 0,
        "owner": null,
        "cornerArea": null,
        "status": "sold"
      }
    },
    {
      "type": "Feature",
      "id": 169,
      "geometry": {
        "type": "Point",
        "coordinates": [
          73.45815184054179,
          19.64423447023828
        ]
      },
      "properties": {
        "plotNo": 169,
        "name": "Plot 169",
        "category": "saleable",
        "type": "DETACHED",
        "areaSqm": 0,
        "areaSqft": 0,
        "owner": null,
        "cornerArea": null,
        "status": "available"
      }
    },
    {
      "type": "Feature",
      "id": 170,
      "geometry": {
        "type": "Point",
        "coordinates": [
          73.4580856009585,
          19.64433343904264
        ]
      },
      "properties": {
        "plotNo": 170,
        "name": "Plot 170",
        "category": "saleable",
        "type": "DETACHED",
        "areaSqm": 0,
        "areaSqft": 0,
        "owner": null,
        "cornerArea": null,
        "status": "available"
      }
    },
    {
      "type": "Feature",
      "id": 171,
      "geometry": {
        "type": "Point",
        "coordinates": [
          73.45788308562253,
          19.64452556944411
        ]
      },
      "properties": {
        "plotNo": 171,
        "name": "Plot 171",
        "category": "saleable",
        "type": "DETACHED",
        "areaSqm": 0,
        "areaSqft": 0,
        "owner": null,
        "cornerArea": null,
        "status": "sold"
      }
    },
    {
      "type": "Feature",
      "id": 172,
      "geometry": {
        "type": "Point",
        "coordinates": [
          73.45799245381434,
          19.64459140526984
        ]
      },
      "properties": {
        "plotNo": 172,
        "name": "Plot 172",
        "category": "saleable",
        "type": "DETACHED",
        "areaSqm": 0,
        "areaSqft": 0,
        "owner": null,
        "cornerArea": null,
        "status": "available"
      }
    },
    {
      "type": "Feature",
      "id": 173,
      "geometry": {
        "type": "Point",
        "coordinates": [
          73.45808815958318,
          19.64466548177194
        ]
      },
      "properties": {
        "plotNo": 173,
        "name": "Plot 173",
        "category": "saleable",
        "type": "DETACHED",
        "areaSqm": 0,
        "areaSqft": 0,
        "owner": null,
        "cornerArea": null,
        "status": "reserved"
      }
    },
    {
      "type": "Feature",
      "id": 174,
      "geometry": {
        "type": "Point",
        "coordinates": [
          73.45818181384368,
          19.64472200467578
        ]
      },
      "properties": {
        "plotNo": 174,
        "name": "Plot 174",
        "category": "saleable",
        "type": "DETACHED",
        "areaSqm": 0,
        "areaSqft": 0,
        "owner": null,
        "cornerArea": null,
        "status": "available"
      }
    },
    {
      "type": "Feature",
      "id": 175,
      "geometry": {
        "type": "Point",
        "coordinates": [
          73.45831006209256,
          19.64448128236383
        ]
      },
      "properties": {
        "plotNo": 175,
        "name": "Plot 175",
        "category": "saleable",
        "type": "DETACHED",
        "areaSqm": 0,
        "areaSqft": 0,
        "owner": null,
        "cornerArea": null,
        "status": "available"
      }
    },
    {
      "type": "Feature",
      "id": 176,
      "geometry": {
        "type": "Point",
        "coordinates": [
          73.45839242442717,
          19.64438927783224
        ]
      },
      "properties": {
        "plotNo": 176,
        "name": "Plot 176",
        "category": "saleable",
        "type": "DETACHED",
        "areaSqm": 0,
        "areaSqft": 0,
        "owner": null,
        "cornerArea": null,
        "status": "sold"
      }
    },
    {
      "type": "Feature",
      "id": 177,
      "geometry": {
        "type": "Point",
        "coordinates": [
          73.45845950016925,
          19.6442925396264
        ]
      },
      "properties": {
        "plotNo": 177,
        "name": "Plot 177",
        "category": "saleable",
        "type": "DETACHED",
        "areaSqm": 0,
        "areaSqft": 0,
        "owner": null,
        "cornerArea": null,
        "status": "available"
      }
    },
    {
      "type": "Feature",
      "id": 178,
      "geometry": {
        "type": "Point",
        "coordinates": [
          73.45814267807216,
          19.64141046167
        ]
      },
      "properties": {
        "plotNo": 178,
        "name": "Plot 178",
        "category": "saleable",
        "type": "DETACHED",
        "areaSqm": 0,
        "areaSqft": 0,
        "owner": null,
        "cornerArea": null,
        "status": "reserved"
      }
    },
    {
      "type": "Feature",
      "id": 179,
      "geometry": {
        "type": "Point",
        "coordinates": [
          73.45815642803203,
          19.64155423166046
        ]
      },
      "properties": {
        "plotNo": 179,
        "name": "Plot 179",
        "category": "saleable",
        "type": "DETACHED",
        "areaSqm": 0,
        "areaSqft": 0,
        "owner": null,
        "cornerArea": null,
        "status": "available"
      }
    },
    {
      "type": "Feature",
      "id": 180,
      "geometry": {
        "type": "Point",
        "coordinates": [
          73.45817809525714,
          19.6416796518356
        ]
      },
      "properties": {
        "plotNo": 180,
        "name": "Plot 180",
        "category": "saleable",
        "type": "DETACHED",
        "areaSqm": 0,
        "areaSqft": 0,
        "owner": null,
        "cornerArea": null,
        "status": "available"
      }
    },
    {
      "type": "Feature",
      "id": 181,
      "geometry": {
        "type": "Point",
        "coordinates": [
          73.45822004873955,
          19.64180514551665
        ]
      },
      "properties": {
        "plotNo": 181,
        "name": "Plot 181",
        "category": "saleable",
        "type": "DETACHED",
        "areaSqm": 0,
        "areaSqft": 0,
        "owner": null,
        "cornerArea": null,
        "status": "available"
      }
    },
    {
      "type": "Feature",
      "id": 182,
      "geometry": {
        "type": "Point",
        "coordinates": [
          73.4582729060492,
          19.64191439040138
        ]
      },
      "properties": {
        "plotNo": 182,
        "name": "Plot 182",
        "category": "saleable",
        "type": "DETACHED",
        "areaSqm": 0,
        "areaSqft": 0,
        "owner": null,
        "cornerArea": null,
        "status": "sold"
      }
    },
    {
      "type": "Feature",
      "id": 183,
      "geometry": {
        "type": "Point",
        "coordinates": [
          73.45836029749188,
          19.6420141230369
        ]
      },
      "properties": {
        "plotNo": 183,
        "name": "Plot 183",
        "category": "saleable",
        "type": "DETACHED",
        "areaSqm": 0,
        "areaSqft": 0,
        "owner": null,
        "cornerArea": null,
        "status": "available"
      }
    },
    {
      "type": "Feature",
      "id": 184,
      "geometry": {
        "type": "Point",
        "coordinates": [
          73.45844194136063,
          19.64209697456444
        ]
      },
      "properties": {
        "plotNo": 184,
        "name": "Plot 184",
        "category": "saleable",
        "type": "DETACHED",
        "areaSqm": 0,
        "areaSqft": 0,
        "owner": null,
        "cornerArea": null,
        "status": "reserved"
      }
    },
    {
      "type": "Feature",
      "id": 185,
      "geometry": {
        "type": "Point",
        "coordinates": [
          73.45855689142871,
          19.64218167992509
        ]
      },
      "properties": {
        "plotNo": 185,
        "name": "Plot 185",
        "category": "saleable",
        "type": "DETACHED",
        "areaSqm": 0,
        "areaSqft": 0,
        "owner": null,
        "cornerArea": null,
        "status": "available"
      }
    },
    {
      "type": "Feature",
      "id": 186,
      "geometry": {
        "type": "Point",
        "coordinates": [
          73.45867468239727,
          19.64223705984123
        ]
      },
      "properties": {
        "plotNo": 186,
        "name": "Plot 186",
        "category": "saleable",
        "type": "DETACHED",
        "areaSqm": 0,
        "areaSqft": 0,
        "owner": null,
        "cornerArea": null,
        "status": "sold"
      }
    },
    {
      "type": "Feature",
      "id": 187,
      "geometry": {
        "type": "Point",
        "coordinates": [
          73.45882554922896,
          19.64228496296368
        ]
      },
      "properties": {
        "plotNo": 187,
        "name": "Plot 187",
        "category": "saleable",
        "type": "DETACHED",
        "areaSqm": 0,
        "areaSqft": 0,
        "owner": null,
        "cornerArea": null,
        "status": "available"
      }
    },
    {
      "type": "Feature",
      "id": 188,
      "geometry": {
        "type": "Point",
        "coordinates": [
          73.4589532472793,
          19.64229974650248
        ]
      },
      "properties": {
        "plotNo": 188,
        "name": "Plot 188",
        "category": "saleable",
        "type": "DETACHED",
        "areaSqm": 0,
        "areaSqft": 0,
        "owner": null,
        "cornerArea": null,
        "status": "available"
      }
    },
    {
      "type": "Feature",
      "id": 189,
      "geometry": {
        "type": "Point",
        "coordinates": [
          73.45906747464312,
          19.64231384884038
        ]
      },
      "properties": {
        "plotNo": 189,
        "name": "Plot 189",
        "category": "saleable",
        "type": "DETACHED",
        "areaSqm": 0,
        "areaSqft": 0,
        "owner": null,
        "cornerArea": null,
        "status": "sold"
      }
    },
    {
      "type": "Feature",
      "id": 190,
      "geometry": {
        "type": "Point",
        "coordinates": [
          73.45917524490795,
          19.6423267477147
        ]
      },
      "properties": {
        "plotNo": 190,
        "name": "Plot 190",
        "category": "saleable",
        "type": "DETACHED",
        "areaSqm": 0,
        "areaSqft": 0,
        "owner": null,
        "cornerArea": null,
        "status": "available"
      }
    },
    {
      "type": "Feature",
      "id": 191,
      "geometry": {
        "type": "Point",
        "coordinates": [
          73.45928107477191,
          19.64234837567447
        ]
      },
      "properties": {
        "plotNo": 191,
        "name": "Plot 191",
        "category": "saleable",
        "type": "DETACHED",
        "areaSqm": 0,
        "areaSqft": 0,
        "owner": null,
        "cornerArea": null,
        "status": "reserved"
      }
    },
    {
      "type": "Feature",
      "id": 192,
      "geometry": {
        "type": "Point",
        "coordinates": [
          73.45937498033574,
          19.64238472538445
        ]
      },
      "properties": {
        "plotNo": 192,
        "name": "Plot 192",
        "category": "saleable",
        "type": "DETACHED",
        "areaSqm": 0,
        "areaSqft": 0,
        "owner": null,
        "cornerArea": null,
        "status": "available"
      }
    },
    {
      "type": "Feature",
      "id": 193,
      "geometry": {
        "type": "Point",
        "coordinates": [
          73.45945764776012,
          19.64245913179366
        ]
      },
      "properties": {
        "plotNo": 193,
        "name": "Plot 193",
        "category": "saleable",
        "type": "DETACHED",
        "areaSqm": 0,
        "areaSqft": 0,
        "owner": null,
        "cornerArea": null,
        "status": "available"
      }
    },
    {
      "type": "Feature",
      "id": 194,
      "geometry": {
        "type": "Point",
        "coordinates": [
          73.45953950088128,
          19.6425233961404
        ]
      },
      "properties": {
        "plotNo": 194,
        "name": "Plot 194",
        "category": "saleable",
        "type": "DETACHED",
        "areaSqm": 0,
        "areaSqft": 0,
        "owner": null,
        "cornerArea": null,
        "status": "sold"
      }
    },
    {
      "type": "Feature",
      "id": 195,
      "geometry": {
        "type": "Point",
        "coordinates": [
          73.45964307669415,
          19.64238395124979
        ]
      },
      "properties": {
        "plotNo": 195,
        "name": "Plot 195",
        "category": "saleable",
        "type": "DETACHED",
        "areaSqm": 0,
        "areaSqft": 0,
        "owner": null,
        "cornerArea": null,
        "status": "available"
      }
    },
    {
      "type": "Feature",
      "id": 196,
      "geometry": {
        "type": "Point",
        "coordinates": [
          73.45956269701212,
          19.64231843760248
        ]
      },
      "properties": {
        "plotNo": 196,
        "name": "Plot 196",
        "category": "saleable",
        "type": "DETACHED",
        "areaSqm": 0,
        "areaSqft": 0,
        "owner": null,
        "cornerArea": null,
        "status": "reserved"
      }
    },
    {
      "type": "Feature",
      "id": 197,
      "geometry": {
        "type": "Point",
        "coordinates": [
          73.45945961146238,
          19.64224260949173
        ]
      },
      "properties": {
        "plotNo": 197,
        "name": "Plot 197",
        "category": "saleable",
        "type": "DETACHED",
        "areaSqm": 0,
        "areaSqft": 0,
        "owner": null,
        "cornerArea": null,
        "status": "available"
      }
    },
    {
      "type": "Feature",
      "id": 198,
      "geometry": {
        "type": "Point",
        "coordinates": [
          73.45935411104176,
          19.64219066787365
        ]
      },
      "properties": {
        "plotNo": 198,
        "name": "Plot 198",
        "category": "saleable",
        "type": "DETACHED",
        "areaSqm": 0,
        "areaSqft": 0,
        "owner": null,
        "cornerArea": null,
        "status": "available"
      }
    },
    {
      "type": "Feature",
      "id": 199,
      "geometry": {
        "type": "Point",
        "coordinates": [
          73.45923212974492,
          19.64216670518075
        ]
      },
      "properties": {
        "plotNo": 199,
        "name": "Plot 199",
        "category": "saleable",
        "type": "DETACHED",
        "areaSqm": 0,
        "areaSqft": 0,
        "owner": null,
        "cornerArea": null,
        "status": "available"
      }
    },
    {
      "type": "Feature",
      "id": 200,
      "geometry": {
        "type": "Point",
        "coordinates": [
          73.4591078435937,
          19.64213995662903
        ]
      },
      "properties": {
        "plotNo": 200,
        "name": "Plot 200",
        "category": "saleable",
        "type": "DETACHED",
        "areaSqm": 0,
        "areaSqft": 0,
        "owner": null,
        "cornerArea": null,
        "status": "sold"
      }
    },
    {
      "type": "Feature",
      "id": 201,
      "geometry": {
        "type": "Point",
        "coordinates": [
          73.45897699370703,
          19.64212905282929
        ]
      },
      "properties": {
        "plotNo": 201,
        "name": "Plot 201",
        "category": "saleable",
        "type": "DETACHED",
        "areaSqm": 0,
        "areaSqft": 0,
        "owner": null,
        "cornerArea": null,
        "status": "available"
      }
    },
    {
      "type": "Feature",
      "id": 202,
      "geometry": {
        "type": "Point",
        "coordinates": [
          73.45886518986902,
          19.64210964674925
        ]
      },
      "properties": {
        "plotNo": 202,
        "name": "Plot 202",
        "category": "saleable",
        "type": "DETACHED",
        "areaSqm": 0,
        "areaSqft": 0,
        "owner": null,
        "cornerArea": null,
        "status": "reserved"
      }
    },
    {
      "type": "Feature",
      "id": 203,
      "geometry": {
        "type": "Point",
        "coordinates": [
          73.45875933880214,
          19.64208510646708
        ]
      },
      "properties": {
        "plotNo": 203,
        "name": "Plot 203",
        "category": "saleable",
        "type": "DETACHED",
        "areaSqm": 0,
        "areaSqft": 0,
        "owner": null,
        "cornerArea": null,
        "status": "available"
      }
    },
    {
      "type": "Feature",
      "id": 204,
      "geometry": {
        "type": "Point",
        "coordinates": [
          73.45866040721322,
          19.64203606277311
        ]
      },
      "properties": {
        "plotNo": 204,
        "name": "Plot 204",
        "category": "saleable",
        "type": "DETACHED",
        "areaSqm": 0,
        "areaSqft": 0,
        "owner": null,
        "cornerArea": null,
        "status": "sold"
      }
    },
    {
      "type": "Feature",
      "id": 205,
      "geometry": {
        "type": "Point",
        "coordinates": [
          73.45856101992138,
          19.64198627702084
        ]
      },
      "properties": {
        "plotNo": 205,
        "name": "Plot 205",
        "category": "saleable",
        "type": "DETACHED",
        "areaSqm": 0,
        "areaSqft": 0,
        "owner": null,
        "cornerArea": null,
        "status": "available"
      }
    },
    {
      "type": "Feature",
      "id": 206,
      "geometry": {
        "type": "Point",
        "coordinates": [
          73.4584764148189,
          19.64190152931983
        ]
      },
      "properties": {
        "plotNo": 206,
        "name": "Plot 206",
        "category": "saleable",
        "type": "DETACHED",
        "areaSqm": 0,
        "areaSqft": 0,
        "owner": null,
        "cornerArea": null,
        "status": "available"
      }
    },
    {
      "type": "Feature",
      "id": 207,
      "geometry": {
        "type": "Point",
        "coordinates": [
          73.45842148593705,
          19.64181426122316
        ]
      },
      "properties": {
        "plotNo": 207,
        "name": "Plot 207",
        "category": "saleable",
        "type": "DETACHED",
        "areaSqm": 0,
        "areaSqft": 0,
        "owner": null,
        "cornerArea": null,
        "status": "sold"
      }
    },
    {
      "type": "Feature",
      "id": 208,
      "geometry": {
        "type": "Point",
        "coordinates": [
          73.45837027722965,
          19.6417235522388
        ]
      },
      "properties": {
        "plotNo": 208,
        "name": "Plot 208",
        "category": "saleable",
        "type": "DETACHED",
        "areaSqm": 0,
        "areaSqft": 0,
        "owner": null,
        "cornerArea": null,
        "status": "available"
      }
    },
    {
      "type": "Feature",
      "id": 209,
      "geometry": {
        "type": "Point",
        "coordinates": [
          73.45833887616685,
          19.641636627876
        ]
      },
      "properties": {
        "plotNo": 209,
        "name": "Plot 209",
        "category": "saleable",
        "type": "DETACHED",
        "areaSqm": 0,
        "areaSqft": 0,
        "owner": null,
        "cornerArea": null,
        "status": "reserved"
      }
    },
    {
      "type": "Feature",
      "id": 210,
      "geometry": {
        "type": "Point",
        "coordinates": [
          73.45831978843444,
          19.64149948747363
        ]
      },
      "properties": {
        "plotNo": 210,
        "name": "Plot 210",
        "category": "saleable",
        "type": "DETACHED",
        "areaSqm": 0,
        "areaSqft": 0,
        "owner": null,
        "cornerArea": null,
        "status": "available"
      }
    },
    {
      "type": "Feature",
      "id": 211,
      "geometry": {
        "type": "Point",
        "coordinates": [
          73.45860222317373,
          19.64149115731719
        ]
      },
      "properties": {
        "plotNo": 211,
        "name": "Plot 211",
        "category": "saleable",
        "type": "DETACHED",
        "areaSqm": 0,
        "areaSqft": 0,
        "owner": null,
        "cornerArea": null,
        "status": "available"
      }
    },
    {
      "type": "Feature",
      "id": 212,
      "geometry": {
        "type": "Point",
        "coordinates": [
          73.45866675010618,
          19.64159902689849
        ]
      },
      "properties": {
        "plotNo": 212,
        "name": "Plot 212",
        "category": "saleable",
        "type": "DETACHED",
        "areaSqm": 0,
        "areaSqft": 0,
        "owner": null,
        "cornerArea": null,
        "status": "sold"
      }
    },
    {
      "type": "Feature",
      "id": 213,
      "geometry": {
        "type": "Point",
        "coordinates": [
          73.45876064407275,
          19.64165271460422
        ]
      },
      "properties": {
        "plotNo": 213,
        "name": "Plot 213",
        "category": "saleable",
        "type": "DETACHED",
        "areaSqm": 0,
        "areaSqft": 0,
        "owner": null,
        "cornerArea": null,
        "status": "available"
      }
    },
    {
      "type": "Feature",
      "id": 214,
      "geometry": {
        "type": "Point",
        "coordinates": [
          73.45886893100761,
          19.64171129045211
        ]
      },
      "properties": {
        "plotNo": 214,
        "name": "Plot 214",
        "category": "saleable",
        "type": "DETACHED",
        "areaSqm": 0,
        "areaSqft": 0,
        "owner": null,
        "cornerArea": null,
        "status": "reserved"
      }
    },
    {
      "type": "Feature",
      "id": 215,
      "geometry": {
        "type": "Point",
        "coordinates": [
          73.45895909017368,
          19.64176375642394
        ]
      },
      "properties": {
        "plotNo": 215,
        "name": "Plot 215",
        "category": "saleable",
        "type": "DETACHED",
        "areaSqm": 0,
        "areaSqft": 0,
        "owner": null,
        "cornerArea": null,
        "status": "available"
      }
    },
    {
      "type": "Feature",
      "id": 216,
      "geometry": {
        "type": "Point",
        "coordinates": [
          73.45907718131458,
          19.64179461670889
        ]
      },
      "properties": {
        "plotNo": 216,
        "name": "Plot 216",
        "category": "saleable",
        "type": "DETACHED",
        "areaSqm": 0,
        "areaSqft": 0,
        "owner": null,
        "cornerArea": null,
        "status": "available"
      }
    },
    {
      "type": "Feature",
      "id": 217,
      "geometry": {
        "type": "Point",
        "coordinates": [
          73.45919385552004,
          19.64182962453219
        ]
      },
      "properties": {
        "plotNo": 217,
        "name": "Plot 217",
        "category": "saleable",
        "type": "DETACHED",
        "areaSqm": 0,
        "areaSqft": 0,
        "owner": null,
        "cornerArea": null,
        "status": "available"
      }
    },
    {
      "type": "Feature",
      "id": 218,
      "geometry": {
        "type": "Point",
        "coordinates": [
          73.45930047989715,
          19.64186099606084
        ]
      },
      "properties": {
        "plotNo": 218,
        "name": "Plot 218",
        "category": "saleable",
        "type": "DETACHED",
        "areaSqm": 0,
        "areaSqft": 0,
        "owner": null,
        "cornerArea": null,
        "status": "sold"
      }
    },
    {
      "type": "Feature",
      "id": 219,
      "geometry": {
        "type": "Point",
        "coordinates": [
          73.4594059345544,
          19.64189931197195
        ]
      },
      "properties": {
        "plotNo": 219,
        "name": "Plot 219",
        "category": "saleable",
        "type": "DETACHED",
        "areaSqm": 0,
        "areaSqft": 0,
        "owner": null,
        "cornerArea": null,
        "status": "available"
      }
    },
    {
      "type": "Feature",
      "id": 220,
      "geometry": {
        "type": "Point",
        "coordinates": [
          73.45951833011206,
          19.64194427850351
        ]
      },
      "properties": {
        "plotNo": 220,
        "name": "Plot 220",
        "category": "saleable",
        "type": "DETACHED",
        "areaSqm": 0,
        "areaSqft": 0,
        "owner": null,
        "cornerArea": null,
        "status": "reserved"
      }
    },
    {
      "type": "Feature",
      "id": 221,
      "geometry": {
        "type": "Point",
        "coordinates": [
          73.45960578565273,
          19.64197639094655
        ]
      },
      "properties": {
        "plotNo": 221,
        "name": "Plot 221",
        "category": "saleable",
        "type": "DETACHED",
        "areaSqm": 0,
        "areaSqft": 0,
        "owner": null,
        "cornerArea": null,
        "status": "available"
      }
    },
    {
      "type": "Feature",
      "id": 222,
      "geometry": {
        "type": "Point",
        "coordinates": [
          73.45971711677264,
          19.64204216756233
        ]
      },
      "properties": {
        "plotNo": 222,
        "name": "Plot 222",
        "category": "saleable",
        "type": "DETACHED",
        "areaSqm": 0,
        "areaSqft": 0,
        "owner": null,
        "cornerArea": null,
        "status": "sold"
      }
    },
    {
      "type": "Feature",
      "id": 223,
      "geometry": {
        "type": "Point",
        "coordinates": [
          73.45981122403657,
          19.64210916547784
        ]
      },
      "properties": {
        "plotNo": 223,
        "name": "Plot 223",
        "category": "saleable",
        "type": "DETACHED",
        "areaSqm": 0,
        "areaSqft": 0,
        "owner": null,
        "cornerArea": null,
        "status": "available"
      }
    },
    {
      "type": "Feature",
      "id": 224,
      "geometry": {
        "type": "Point",
        "coordinates": [
          73.4597615238489,
          19.64268459242381
        ]
      },
      "properties": {
        "plotNo": 224,
        "name": "Plot 224",
        "category": "saleable",
        "type": "DETACHED",
        "areaSqm": 0,
        "areaSqft": 0,
        "owner": null,
        "cornerArea": null,
        "status": "available"
      }
    },
    {
      "type": "Feature",
      "id": 225,
      "geometry": {
        "type": "Point",
        "coordinates": [
          73.45988472992289,
          19.64274832851319
        ]
      },
      "properties": {
        "plotNo": 225,
        "name": "Plot 225",
        "category": "saleable",
        "type": "DETACHED",
        "areaSqm": 0,
        "areaSqft": 0,
        "owner": null,
        "cornerArea": null,
        "status": "sold"
      }
    },
    {
      "type": "Feature",
      "id": 226,
      "geometry": {
        "type": "Point",
        "coordinates": [
          73.45998875353713,
          19.64279644267752
        ]
      },
      "properties": {
        "plotNo": 226,
        "name": "Plot 226",
        "category": "saleable",
        "type": "DETACHED",
        "areaSqm": 0,
        "areaSqft": 0,
        "owner": null,
        "cornerArea": null,
        "status": "available"
      }
    },
    {
      "type": "Feature",
      "id": 227,
      "geometry": {
        "type": "Point",
        "coordinates": [
          73.46009486264539,
          19.64285360093524
        ]
      },
      "properties": {
        "plotNo": 227,
        "name": "Plot 227",
        "category": "saleable",
        "type": "DETACHED",
        "areaSqm": 0,
        "areaSqft": 0,
        "owner": null,
        "cornerArea": null,
        "status": "reserved"
      }
    },
    {
      "type": "Feature",
      "id": 228,
      "geometry": {
        "type": "Point",
        "coordinates": [
          73.46020833170338,
          19.64288932651791
        ]
      },
      "properties": {
        "plotNo": 228,
        "name": "Plot 228",
        "category": "saleable",
        "type": "DETACHED",
        "areaSqm": 0,
        "areaSqft": 0,
        "owner": null,
        "cornerArea": null,
        "status": "available"
      }
    },
    {
      "type": "Feature",
      "id": 229,
      "geometry": {
        "type": "Point",
        "coordinates": [
          73.46034863758805,
          19.64295341429635
        ]
      },
      "properties": {
        "plotNo": 229,
        "name": "Plot 229",
        "category": "saleable",
        "type": "DETACHED",
        "areaSqm": 0,
        "areaSqft": 0,
        "owner": null,
        "cornerArea": null,
        "status": "available"
      }
    },
    {
      "type": "Feature",
      "id": 230,
      "geometry": {
        "type": "Point",
        "coordinates": [
          73.46043335027112,
          19.64279350278156
        ]
      },
      "properties": {
        "plotNo": 230,
        "name": "Plot 230",
        "category": "saleable",
        "type": "DETACHED",
        "areaSqm": 0,
        "areaSqft": 0,
        "owner": null,
        "cornerArea": null,
        "status": "sold"
      }
    },
    {
      "type": "Feature",
      "id": 231,
      "geometry": {
        "type": "Point",
        "coordinates": [
          73.46027039689761,
          19.64274008726877
        ]
      },
      "properties": {
        "plotNo": 231,
        "name": "Plot 231",
        "category": "saleable",
        "type": "DETACHED",
        "areaSqm": 0,
        "areaSqft": 0,
        "owner": null,
        "cornerArea": null,
        "status": "available"
      }
    },
    {
      "type": "Feature",
      "id": 232,
      "geometry": {
        "type": "Point",
        "coordinates": [
          73.46017752770005,
          19.64269943577411
        ]
      },
      "properties": {
        "plotNo": 232,
        "name": "Plot 232",
        "category": "saleable",
        "type": "DETACHED",
        "areaSqm": 0,
        "areaSqft": 0,
        "owner": null,
        "cornerArea": null,
        "status": "reserved"
      }
    },
    {
      "type": "Feature",
      "id": 233,
      "geometry": {
        "type": "Point",
        "coordinates": [
          73.46007044545681,
          19.64265538700706
        ]
      },
      "properties": {
        "plotNo": 233,
        "name": "Plot 233",
        "category": "saleable",
        "type": "DETACHED",
        "areaSqm": 0,
        "areaSqft": 0,
        "owner": null,
        "cornerArea": null,
        "status": "available"
      }
    },
    {
      "type": "Feature",
      "id": 234,
      "geometry": {
        "type": "Point",
        "coordinates": [
          73.45997757794414,
          19.64259786950563
        ]
      },
      "properties": {
        "plotNo": 234,
        "name": "Plot 234",
        "category": "saleable",
        "type": "DETACHED",
        "areaSqm": 0,
        "areaSqft": 0,
        "owner": null,
        "cornerArea": null,
        "status": "available"
      }
    },
    {
      "type": "Feature",
      "id": 235,
      "geometry": {
        "type": "Point",
        "coordinates": [
          73.45987154819844,
          19.6425395916618
        ]
      },
      "properties": {
        "plotNo": 235,
        "name": "Plot 235",
        "category": "saleable",
        "type": "DETACHED",
        "areaSqm": 0,
        "areaSqft": 0,
        "owner": null,
        "cornerArea": null,
        "status": "available"
      }
    },
    {
      "type": "Feature",
      "id": 236,
      "geometry": {
        "type": "Point",
        "coordinates": [
          73.46003650380325,
          19.6422576369594
        ]
      },
      "properties": {
        "plotNo": 236,
        "name": "Plot 236",
        "category": "saleable",
        "type": "DETACHED",
        "areaSqm": 0,
        "areaSqft": 0,
        "owner": null,
        "cornerArea": null,
        "status": "sold"
      }
    },
    {
      "type": "Feature",
      "id": 237,
      "geometry": {
        "type": "Point",
        "coordinates": [
          73.46013930321979,
          19.64230369066837
        ]
      },
      "properties": {
        "plotNo": 237,
        "name": "Plot 237",
        "category": "saleable",
        "type": "DETACHED",
        "areaSqm": 0,
        "areaSqft": 0,
        "owner": null,
        "cornerArea": null,
        "status": "available"
      }
    },
    {
      "type": "Feature",
      "id": 238,
      "geometry": {
        "type": "Point",
        "coordinates": [
          73.46023551893711,
          19.64235205343815
        ]
      },
      "properties": {
        "plotNo": 238,
        "name": "Plot 238",
        "category": "saleable",
        "type": "DETACHED",
        "areaSqm": 0,
        "areaSqft": 0,
        "owner": null,
        "cornerArea": null,
        "status": "reserved"
      }
    },
    {
      "type": "Feature",
      "id": 239,
      "geometry": {
        "type": "Point",
        "coordinates": [
          73.46033227904034,
          19.64240689846167
        ]
      },
      "properties": {
        "plotNo": 239,
        "name": "Plot 239",
        "category": "saleable",
        "type": "DETACHED",
        "areaSqm": 0,
        "areaSqft": 0,
        "owner": null,
        "cornerArea": null,
        "status": "available"
      }
    },
    {
      "type": "Feature",
      "id": 240,
      "geometry": {
        "type": "Point",
        "coordinates": [
          73.46043829573298,
          19.64245226287778
        ]
      },
      "properties": {
        "plotNo": 240,
        "name": "Plot 240",
        "category": "saleable",
        "type": "DETACHED",
        "areaSqm": 0,
        "areaSqft": 0,
        "owner": null,
        "cornerArea": null,
        "status": "sold"
      }
    },
    {
      "type": "Feature",
      "id": 241,
      "geometry": {
        "type": "Point",
        "coordinates": [
          73.46055064919555,
          19.64248249625423
        ]
      },
      "properties": {
        "plotNo": 241,
        "name": "Plot 241",
        "category": "saleable",
        "type": "DETACHED",
        "areaSqm": 0,
        "areaSqft": 0,
        "owner": null,
        "cornerArea": null,
        "status": "available"
      }
    },
    {
      "type": "Feature",
      "id": 242,
      "geometry": {
        "type": "Point",
        "coordinates": [
          73.46066905244432,
          19.64252649973445
        ]
      },
      "properties": {
        "plotNo": 242,
        "name": "Plot 242",
        "category": "saleable",
        "type": "DETACHED",
        "areaSqm": 0,
        "areaSqft": 0,
        "owner": null,
        "cornerArea": null,
        "status": "available"
      }
    },
    {
      "type": "Feature",
      "id": 243,
      "geometry": {
        "type": "Point",
        "coordinates": [
          73.46094760838288,
          19.64266824221348
        ]
      },
      "properties": {
        "plotNo": 243,
        "name": "Plot 243",
        "category": "saleable",
        "type": "DETACHED",
        "areaSqm": 0,
        "areaSqft": 0,
        "owner": null,
        "cornerArea": null,
        "status": "sold"
      }
    },
    {
      "type": "Feature",
      "id": 244,
      "geometry": {
        "type": "Point",
        "coordinates": [
          73.46086218535252,
          19.64280671347024
        ]
      },
      "properties": {
        "plotNo": 244,
        "name": "Plot 244",
        "category": "saleable",
        "type": "DETACHED",
        "areaSqm": 0,
        "areaSqft": 0,
        "owner": null,
        "cornerArea": null,
        "status": "available"
      }
    },
    {
      "type": "Feature",
      "id": 245,
      "geometry": {
        "type": "Point",
        "coordinates": [
          73.46078289668368,
          19.64291849874642
        ]
      },
      "properties": {
        "plotNo": 245,
        "name": "Plot 245",
        "category": "saleable",
        "type": "DETACHED",
        "areaSqm": 0,
        "areaSqft": 0,
        "owner": null,
        "cornerArea": null,
        "status": "reserved"
      }
    },
    {
      "type": "Feature",
      "id": 246,
      "geometry": {
        "type": "Point",
        "coordinates": [
          73.46068951815322,
          19.64305993351314
        ]
      },
      "properties": {
        "plotNo": 246,
        "name": "Plot 246",
        "category": "saleable",
        "type": "DETACHED",
        "areaSqm": 0,
        "areaSqft": 0,
        "owner": null,
        "cornerArea": null,
        "status": "available"
      }
    },
    {
      "type": "Feature",
      "id": 247,
      "geometry": {
        "type": "Point",
        "coordinates": [
          73.4608592465375,
          19.64314194331101
        ]
      },
      "properties": {
        "plotNo": 247,
        "name": "Plot 247",
        "category": "saleable",
        "type": "DETACHED",
        "areaSqm": 0,
        "areaSqft": 0,
        "owner": null,
        "cornerArea": null,
        "status": "available"
      }
    },
    {
      "type": "Feature",
      "id": 248,
      "geometry": {
        "type": "Point",
        "coordinates": [
          73.46095611229259,
          19.6430206924287
        ]
      },
      "properties": {
        "plotNo": 248,
        "name": "Plot 248",
        "category": "saleable",
        "type": "DETACHED",
        "areaSqm": 0,
        "areaSqft": 0,
        "owner": null,
        "cornerArea": null,
        "status": "sold"
      }
    },
    {
      "type": "Feature",
      "id": 249,
      "geometry": {
        "type": "Point",
        "coordinates": [
          73.46104980075965,
          19.64290828665995
        ]
      },
      "properties": {
        "plotNo": 249,
        "name": "Plot 249",
        "category": "saleable",
        "type": "DETACHED",
        "areaSqm": 0,
        "areaSqft": 0,
        "owner": null,
        "cornerArea": null,
        "status": "available"
      }
    },
    {
      "type": "Feature",
      "id": 250,
      "geometry": {
        "type": "Point",
        "coordinates": [
          73.4611381368786,
          19.64275718017137
        ]
      },
      "properties": {
        "plotNo": 250,
        "name": "Plot 250",
        "category": "saleable",
        "type": "DETACHED",
        "areaSqm": 0,
        "areaSqft": 0,
        "owner": null,
        "cornerArea": null,
        "status": "reserved"
      }
    },
    {
      "type": "Feature",
      "id": 251,
      "geometry": {
        "type": "Point",
        "coordinates": [
          73.46146830003947,
          19.64271578850131
        ]
      },
      "properties": {
        "plotNo": 251,
        "name": "Plot 251",
        "category": "saleable",
        "type": "DETACHED",
        "areaSqm": 0,
        "areaSqft": 0,
        "owner": null,
        "cornerArea": null,
        "status": "available"
      }
    },
    {
      "type": "Feature",
      "id": 252,
      "geometry": {
        "type": "Point",
        "coordinates": [
          73.46157583580737,
          19.64278055774562
        ]
      },
      "properties": {
        "plotNo": 252,
        "name": "Plot 252",
        "category": "saleable",
        "type": "DETACHED",
        "areaSqm": 0,
        "areaSqft": 0,
        "owner": null,
        "cornerArea": null,
        "status": "available"
      }
    },
    {
      "type": "Feature",
      "id": 253,
      "geometry": {
        "type": "Point",
        "coordinates": [
          73.46168571157732,
          19.64284605584185
        ]
      },
      "properties": {
        "plotNo": 253,
        "name": "Plot 253",
        "category": "saleable",
        "type": "DETACHED",
        "areaSqm": 0,
        "areaSqft": 0,
        "owner": null,
        "cornerArea": null,
        "status": "available"
      }
    },
    {
      "type": "Feature",
      "id": 254,
      "geometry": {
        "type": "Point",
        "coordinates": [
          73.46178532446372,
          19.64291659571742
        ]
      },
      "properties": {
        "plotNo": 254,
        "name": "Plot 254",
        "category": "saleable",
        "type": "DETACHED",
        "areaSqm": 0,
        "areaSqft": 0,
        "owner": null,
        "cornerArea": null,
        "status": "sold"
      }
    },
    {
      "type": "Feature",
      "id": 255,
      "geometry": {
        "type": "Point",
        "coordinates": [
          73.46190729185969,
          19.64301765853218
        ]
      },
      "properties": {
        "plotNo": 255,
        "name": "Plot 255",
        "category": "saleable",
        "type": "DETACHED",
        "areaSqm": 0,
        "areaSqft": 0,
        "owner": null,
        "cornerArea": null,
        "status": "available"
      }
    },
    {
      "type": "Feature",
      "id": 256,
      "geometry": {
        "type": "Point",
        "coordinates": [
          73.4621082225178,
          19.64232104157207
        ]
      },
      "properties": {
        "plotNo": 256,
        "name": "Plot 256",
        "category": "saleable",
        "type": "DETACHED",
        "areaSqm": 0,
        "areaSqft": 0,
        "owner": null,
        "cornerArea": null,
        "status": "reserved"
      }
    },
    {
      "type": "Feature",
      "id": 257,
      "geometry": {
        "type": "Point",
        "coordinates": [
          73.46216622308584,
          19.64246205199944
        ]
      },
      "properties": {
        "plotNo": 257,
        "name": "Plot 257",
        "category": "saleable",
        "type": "DETACHED",
        "areaSqm": 0,
        "areaSqft": 0,
        "owner": null,
        "cornerArea": null,
        "status": "available"
      }
    },
    {
      "type": "Feature",
      "id": 258,
      "geometry": {
        "type": "Point",
        "coordinates": [
          73.46221906608662,
          19.642594878432
        ]
      },
      "properties": {
        "plotNo": 258,
        "name": "Plot 258",
        "category": "saleable",
        "type": "DETACHED",
        "areaSqm": 0,
        "areaSqft": 0,
        "owner": null,
        "cornerArea": null,
        "status": "sold"
      }
    },
    {
      "type": "Feature",
      "id": 259,
      "geometry": {
        "type": "Point",
        "coordinates": [
          73.46226960459418,
          19.64274070965328
        ]
      },
      "properties": {
        "plotNo": 259,
        "name": "Plot 259",
        "category": "saleable",
        "type": "DETACHED",
        "areaSqm": 0,
        "areaSqft": 0,
        "owner": null,
        "cornerArea": null,
        "status": "available"
      }
    },
    {
      "type": "Feature",
      "id": 260,
      "geometry": {
        "type": "Point",
        "coordinates": [
          73.46215293746835,
          19.64321618958363
        ]
      },
      "properties": {
        "plotNo": 260,
        "name": "Plot 260",
        "category": "saleable",
        "type": "DETACHED",
        "areaSqm": 0,
        "areaSqft": 0,
        "owner": null,
        "cornerArea": null,
        "status": "available"
      }
    },
    {
      "type": "Feature",
      "id": 261,
      "geometry": {
        "type": "Point",
        "coordinates": [
          73.46222653811046,
          19.64333635715814
        ]
      },
      "properties": {
        "plotNo": 261,
        "name": "Plot 261",
        "category": "saleable",
        "type": "DETACHED",
        "areaSqm": 0,
        "areaSqft": 0,
        "owner": null,
        "cornerArea": null,
        "status": "sold"
      }
    },
    {
      "type": "Feature",
      "id": 262,
      "geometry": {
        "type": "Point",
        "coordinates": [
          73.46229669185747,
          19.64343856185658
        ]
      },
      "properties": {
        "plotNo": 262,
        "name": "Plot 262",
        "category": "saleable",
        "type": "DETACHED",
        "areaSqm": 0,
        "areaSqft": 0,
        "owner": null,
        "cornerArea": null,
        "status": "available"
      }
    },
    {
      "type": "Feature",
      "id": 263,
      "geometry": {
        "type": "Point",
        "coordinates": [
          73.46233846179996,
          19.64355919174121
        ]
      },
      "properties": {
        "plotNo": 263,
        "name": "Plot 263",
        "category": "saleable",
        "type": "DETACHED",
        "areaSqm": 0,
        "areaSqft": 0,
        "owner": null,
        "cornerArea": null,
        "status": "reserved"
      }
    },
    {
      "type": "Feature",
      "id": 264,
      "geometry": {
        "type": "Point",
        "coordinates": [
          73.46237250145336,
          19.64367038783222
        ]
      },
      "properties": {
        "plotNo": 264,
        "name": "Plot 264",
        "category": "saleable",
        "type": "DETACHED",
        "areaSqm": 0,
        "areaSqft": 0,
        "owner": null,
        "cornerArea": null,
        "status": "available"
      }
    },
    {
      "type": "Feature",
      "id": 265,
      "geometry": {
        "type": "Point",
        "coordinates": [
          73.46242523110237,
          19.64379023123589
        ]
      },
      "properties": {
        "plotNo": 265,
        "name": "Plot 265",
        "category": "saleable",
        "type": "DETACHED",
        "areaSqm": 0,
        "areaSqft": 0,
        "owner": null,
        "cornerArea": null,
        "status": "available"
      }
    },
    {
      "type": "Feature",
      "id": 266,
      "geometry": {
        "type": "Point",
        "coordinates": [
          73.46252455210694,
          19.64390596952258
        ]
      },
      "properties": {
        "plotNo": 266,
        "name": "Plot 266",
        "category": "saleable",
        "type": "DETACHED",
        "areaSqm": 0,
        "areaSqft": 0,
        "owner": null,
        "cornerArea": null,
        "status": "sold"
      }
    },
    {
      "type": "Feature",
      "id": 267,
      "geometry": {
        "type": "Point",
        "coordinates": [
          73.46268689849585,
          19.64396459838443
        ]
      },
      "properties": {
        "plotNo": 267,
        "name": "Plot 267",
        "category": "saleable",
        "type": "DETACHED",
        "areaSqm": 250,
        "areaSqft": 2690.97,
        "owner": "PERCY S CHOWDHRY",
        "cornerArea": null,
        "status": "available"
      }
    },
    {
      "type": "Feature",
      "id": 268,
      "geometry": {
        "type": "Point",
        "coordinates": [
          73.46284429920057,
          19.64395118496826
        ]
      },
      "properties": {
        "plotNo": 268,
        "name": "Plot 268",
        "category": "saleable",
        "type": "DETACHED",
        "areaSqm": 250,
        "areaSqft": 2690.97,
        "owner": "PERCY S CHOWDHRY",
        "cornerArea": null,
        "status": "reserved"
      }
    },
    {
      "type": "Feature",
      "id": 269,
      "geometry": {
        "type": "Point",
        "coordinates": [
          73.46300211163037,
          19.64392303941352
        ]
      },
      "properties": {
        "plotNo": 269,
        "name": "Plot 269",
        "category": "saleable",
        "type": "DETACHED",
        "areaSqm": 250,
        "areaSqft": 2690.97,
        "owner": "PERCY S CHOWDHRY",
        "cornerArea": null,
        "status": "available"
      }
    },
    {
      "type": "Feature",
      "id": 270,
      "geometry": {
        "type": "Point",
        "coordinates": [
          73.46312077483643,
          19.64385214947716
        ]
      },
      "properties": {
        "plotNo": 270,
        "name": "Plot 270",
        "category": "saleable",
        "type": "DETACHED",
        "areaSqm": 290.85,
        "areaSqft": 3130.68,
        "owner": "ARNAVAZ S CHOWDHRY",
        "cornerArea": null,
        "status": "available"
      }
    },
    {
      "type": "Feature",
      "id": 271,
      "geometry": {
        "type": "Point",
        "coordinates": [
          73.46351699269071,
          19.64409471373382
        ]
      },
      "properties": {
        "plotNo": 271,
        "name": "Plot 271",
        "category": "saleable",
        "type": "DETACHED",
        "areaSqm": 250,
        "areaSqft": 2690.97,
        "owner": "ARNAVAZ S CHOWDHRY",
        "cornerArea": null,
        "status": "available"
      }
    },
    {
      "type": "Feature",
      "id": 272,
      "geometry": {
        "type": "Point",
        "coordinates": [
          73.46332518532334,
          19.64420789328241
        ]
      },
      "properties": {
        "plotNo": 272,
        "name": "Plot 272",
        "category": "saleable",
        "type": "DETACHED",
        "areaSqm": 250,
        "areaSqft": 2690.97,
        "owner": "ARNAVAZ S CHOWDHRY",
        "cornerArea": 12.05,
        "status": "sold"
      }
    },
    {
      "type": "Feature",
      "id": 273,
      "geometry": {
        "type": "Point",
        "coordinates": [
          73.46316596910499,
          19.64428325256893
        ]
      },
      "properties": {
        "plotNo": 273,
        "name": "Plot 273",
        "category": "saleable",
        "type": "DETACHED",
        "areaSqm": 250,
        "areaSqft": 2690.97,
        "owner": "ARNAVAZ S CHOWDHRY",
        "cornerArea": 12.05,
        "status": "available"
      }
    },
    {
      "type": "Feature",
      "id": 274,
      "geometry": {
        "type": "Point",
        "coordinates": [
          73.46302047407663,
          19.6443060139916
        ]
      },
      "properties": {
        "plotNo": 274,
        "name": "Plot 274",
        "category": "saleable",
        "type": "DETACHED",
        "areaSqm": 296.29,
        "areaSqft": 3189.24,
        "owner": "PERCY S CHOWDHRY",
        "cornerArea": null,
        "status": "reserved"
      }
    },
    {
      "type": "Feature",
      "id": 275,
      "geometry": {
        "type": "Point",
        "coordinates": [
          73.46285284651444,
          19.64432642267907
        ]
      },
      "properties": {
        "plotNo": 275,
        "name": "Plot 275",
        "category": "saleable",
        "type": "DETACHED",
        "areaSqm": 305.41,
        "areaSqft": 3287.4,
        "owner": "PERCY S CHOWDHRY",
        "cornerArea": null,
        "status": "available"
      }
    },
    {
      "type": "Feature",
      "id": 276,
      "geometry": {
        "type": "Point",
        "coordinates": [
          73.46268190241955,
          19.64429571716343
        ]
      },
      "properties": {
        "plotNo": 276,
        "name": "Plot 276",
        "category": "saleable",
        "type": "DETACHED",
        "areaSqm": 318.83,
        "areaSqft": 3431.85,
        "owner": "PERCY S CHOWDHRY",
        "cornerArea": null,
        "status": "sold"
      }
    },
    {
      "type": "Feature",
      "id": 277,
      "geometry": {
        "type": "Point",
        "coordinates": [
          73.46254640668778,
          19.64428516994268
        ]
      },
      "properties": {
        "plotNo": 277,
        "name": "Plot 277",
        "category": "saleable",
        "type": "DETACHED",
        "areaSqm": 285.47,
        "areaSqft": 3072.77,
        "owner": "PERCY S CHOWDHRY",
        "cornerArea": null,
        "status": "available"
      }
    },
    {
      "type": "Feature",
      "id": 278,
      "geometry": {
        "type": "Point",
        "coordinates": [
          73.46238733044919,
          19.64427865088573
        ]
      },
      "properties": {
        "plotNo": 278,
        "name": "Plot 278",
        "category": "saleable",
        "type": "DETACHED",
        "areaSqm": 285.47,
        "areaSqft": 3072.77,
        "owner": "PERCY S CHOWDHRY",
        "cornerArea": null,
        "status": "available"
      }
    },
    {
      "type": "Feature",
      "id": 279,
      "geometry": {
        "type": "Point",
        "coordinates": [
          73.46209518953938,
          19.6442090870728
        ]
      },
      "properties": {
        "plotNo": 279,
        "name": "Plot 279",
        "category": "saleable",
        "type": "DETACHED",
        "areaSqm": 285.47,
        "areaSqft": 3072.77,
        "owner": "PERCY S CHOWDHRY",
        "cornerArea": null,
        "status": "sold"
      }
    },
    {
      "type": "Feature",
      "id": 280,
      "geometry": {
        "type": "Point",
        "coordinates": [
          73.46209188984581,
          19.64404520195377
        ]
      },
      "properties": {
        "plotNo": 280,
        "name": "Plot 280",
        "category": "saleable",
        "type": "DETACHED",
        "areaSqm": 285.47,
        "areaSqft": 3072.77,
        "owner": "PERCY S CHOWDHRY",
        "cornerArea": null,
        "status": "available"
      }
    },
    {
      "type": "Feature",
      "id": 281,
      "geometry": {
        "type": "Point",
        "coordinates": [
          73.46208370947824,
          19.64392149175669
        ]
      },
      "properties": {
        "plotNo": 281,
        "name": "Plot 281",
        "category": "saleable",
        "type": "DETACHED",
        "areaSqm": 285.47,
        "areaSqft": 3072.77,
        "owner": "PERCY S CHOWDHRY",
        "cornerArea": null,
        "status": "reserved"
      }
    },
    {
      "type": "Feature",
      "id": 282,
      "geometry": {
        "type": "Point",
        "coordinates": [
          73.46203243022312,
          19.6437596100282
        ]
      },
      "properties": {
        "plotNo": 282,
        "name": "Plot 282",
        "category": "saleable",
        "type": "DETACHED",
        "areaSqm": 0,
        "areaSqft": 0,
        "owner": null,
        "cornerArea": null,
        "status": "available"
      }
    },
    {
      "type": "Feature",
      "id": 283,
      "geometry": {
        "type": "Point",
        "coordinates": [
          73.46195971650312,
          19.64364423808941
        ]
      },
      "properties": {
        "plotNo": 283,
        "name": "Plot 283",
        "category": "saleable",
        "type": "DETACHED",
        "areaSqm": 0,
        "areaSqft": 0,
        "owner": null,
        "cornerArea": null,
        "status": "available"
      }
    },
    {
      "type": "Feature",
      "id": 284,
      "geometry": {
        "type": "Point",
        "coordinates": [
          73.46189172795587,
          19.64353730613737
        ]
      },
      "properties": {
        "plotNo": 284,
        "name": "Plot 284",
        "category": "saleable",
        "type": "DETACHED",
        "areaSqm": 0,
        "areaSqft": 0,
        "owner": null,
        "cornerArea": null,
        "status": "sold"
      }
    },
    {
      "type": "Feature",
      "id": 285,
      "geometry": {
        "type": "Point",
        "coordinates": [
          73.46182376005069,
          19.64343580235204
        ]
      },
      "properties": {
        "plotNo": 285,
        "name": "Plot 285",
        "category": "saleable",
        "type": "DETACHED",
        "areaSqm": 0,
        "areaSqft": 0,
        "owner": null,
        "cornerArea": null,
        "status": "available"
      }
    },
    {
      "type": "Feature",
      "id": 286,
      "geometry": {
        "type": "Point",
        "coordinates": [
          73.4617417206972,
          19.64331493983782
        ]
      },
      "properties": {
        "plotNo": 286,
        "name": "Plot 286",
        "category": "saleable",
        "type": "DETACHED",
        "areaSqm": 0,
        "areaSqft": 0,
        "owner": null,
        "cornerArea": null,
        "status": "reserved"
      }
    },
    {
      "type": "Feature",
      "id": 287,
      "geometry": {
        "type": "Point",
        "coordinates": [
          73.46162704836128,
          19.64320366169936
        ]
      },
      "properties": {
        "plotNo": 287,
        "name": "Plot 287",
        "category": "saleable",
        "type": "DETACHED",
        "areaSqm": 0,
        "areaSqft": 0,
        "owner": null,
        "cornerArea": null,
        "status": "available"
      }
    },
    {
      "type": "Feature",
      "id": 288,
      "geometry": {
        "type": "Point",
        "coordinates": [
          73.46152681246487,
          19.64311302349908
        ]
      },
      "properties": {
        "plotNo": 288,
        "name": "Plot 288",
        "category": "saleable",
        "type": "DETACHED",
        "areaSqm": 0,
        "areaSqft": 0,
        "owner": null,
        "cornerArea": null,
        "status": "available"
      }
    },
    {
      "type": "Feature",
      "id": 289,
      "geometry": {
        "type": "Point",
        "coordinates": [
          73.46140736152782,
          19.64303184617108
        ]
      },
      "properties": {
        "plotNo": 289,
        "name": "Plot 289",
        "category": "saleable",
        "type": "DETACHED",
        "areaSqm": 0,
        "areaSqft": 0,
        "owner": null,
        "cornerArea": null,
        "status": "available"
      }
    },
    {
      "type": "Feature",
      "id": 290,
      "geometry": {
        "type": "Point",
        "coordinates": [
          73.46150224312987,
          19.64350385050205
        ]
      },
      "properties": {
        "plotNo": 290,
        "name": "Plot 290",
        "category": "saleable",
        "type": "DETACHED",
        "areaSqm": 0,
        "areaSqft": 0,
        "owner": null,
        "cornerArea": null,
        "status": "sold"
      }
    },
    {
      "type": "Feature",
      "id": 291,
      "geometry": {
        "type": "Point",
        "coordinates": [
          73.46158188944341,
          19.64360343391953
        ]
      },
      "properties": {
        "plotNo": 291,
        "name": "Plot 291",
        "category": "saleable",
        "type": "DETACHED",
        "areaSqm": 0,
        "areaSqft": 0,
        "owner": null,
        "cornerArea": null,
        "status": "available"
      }
    },
    {
      "type": "Feature",
      "id": 292,
      "geometry": {
        "type": "Point",
        "coordinates": [
          73.4616586049144,
          19.64368707759212
        ]
      },
      "properties": {
        "plotNo": 292,
        "name": "Plot 292",
        "category": "saleable",
        "type": "DETACHED",
        "areaSqm": 0,
        "areaSqft": 0,
        "owner": null,
        "cornerArea": null,
        "status": "reserved"
      }
    },
    {
      "type": "Feature",
      "id": 293,
      "geometry": {
        "type": "Point",
        "coordinates": [
          73.46173030486052,
          19.64377232436464
        ]
      },
      "properties": {
        "plotNo": 293,
        "name": "Plot 293",
        "category": "saleable",
        "type": "DETACHED",
        "areaSqm": 0,
        "areaSqft": 0,
        "owner": null,
        "cornerArea": null,
        "status": "available"
      }
    },
    {
      "type": "Feature",
      "id": 294,
      "geometry": {
        "type": "Point",
        "coordinates": [
          73.46179014887721,
          19.64387499334545
        ]
      },
      "properties": {
        "plotNo": 294,
        "name": "Plot 294",
        "category": "saleable",
        "type": "DETACHED",
        "areaSqm": 0,
        "areaSqft": 0,
        "owner": null,
        "cornerArea": null,
        "status": "sold"
      }
    },
    {
      "type": "Feature",
      "id": 295,
      "geometry": {
        "type": "Point",
        "coordinates": [
          73.4618677236447,
          19.64398298716702
        ]
      },
      "properties": {
        "plotNo": 295,
        "name": "Plot 295",
        "category": "saleable",
        "type": "DETACHED",
        "areaSqm": 0,
        "areaSqft": 0,
        "owner": null,
        "cornerArea": null,
        "status": "available"
      }
    },
    {
      "type": "Feature",
      "id": 296,
      "geometry": {
        "type": "Point",
        "coordinates": [
          73.4619034482848,
          19.64409947566826
        ]
      },
      "properties": {
        "plotNo": 296,
        "name": "Plot 296",
        "category": "saleable",
        "type": "DETACHED",
        "areaSqm": 0,
        "areaSqft": 0,
        "owner": null,
        "cornerArea": null,
        "status": "available"
      }
    },
    {
      "type": "Feature",
      "id": 297,
      "geometry": {
        "type": "Point",
        "coordinates": [
          73.46193489017644,
          19.64421637137052
        ]
      },
      "properties": {
        "plotNo": 297,
        "name": "Plot 297",
        "category": "saleable",
        "type": "DETACHED",
        "areaSqm": 0,
        "areaSqft": 0,
        "owner": null,
        "cornerArea": null,
        "status": "sold"
      }
    },
    {
      "type": "Feature",
      "id": 298,
      "geometry": {
        "type": "Point",
        "coordinates": [
          73.46163843462608,
          19.64420127839828
        ]
      },
      "properties": {
        "plotNo": 298,
        "name": "Plot 298",
        "category": "saleable",
        "type": "DETACHED",
        "areaSqm": 0,
        "areaSqft": 0,
        "owner": null,
        "cornerArea": null,
        "status": "available"
      }
    },
    {
      "type": "Feature",
      "id": 299,
      "geometry": {
        "type": "Point",
        "coordinates": [
          73.46155979697242,
          19.64424574764435
        ]
      },
      "properties": {
        "plotNo": 299,
        "name": "Plot 299",
        "category": "saleable",
        "type": "DETACHED",
        "areaSqm": 0,
        "areaSqft": 0,
        "owner": null,
        "cornerArea": null,
        "status": "reserved"
      }
    },
    {
      "type": "Feature",
      "id": 300,
      "geometry": {
        "type": "Point",
        "coordinates": [
          73.46146977666687,
          19.64429083067746
        ]
      },
      "properties": {
        "plotNo": 300,
        "name": "Plot 300",
        "category": "saleable",
        "type": "DETACHED",
        "areaSqm": 0,
        "areaSqft": 0,
        "owner": null,
        "cornerArea": null,
        "status": "available"
      }
    },
    {
      "type": "Feature",
      "id": 301,
      "geometry": {
        "type": "Point",
        "coordinates": [
          73.46138446167149,
          19.64434224288393
        ]
      },
      "properties": {
        "plotNo": 301,
        "name": "Plot 301",
        "category": "saleable",
        "type": "DETACHED",
        "areaSqm": 0,
        "areaSqft": 0,
        "owner": null,
        "cornerArea": null,
        "status": "available"
      }
    },
    {
      "type": "Feature",
      "id": 302,
      "geometry": {
        "type": "Point",
        "coordinates": [
          73.46130563547764,
          19.64439364666711
        ]
      },
      "properties": {
        "plotNo": 302,
        "name": "Plot 302",
        "category": "saleable",
        "type": "DETACHED",
        "areaSqm": 0,
        "areaSqft": 0,
        "owner": null,
        "cornerArea": null,
        "status": "sold"
      }
    },
    {
      "type": "Feature",
      "id": 303,
      "geometry": {
        "type": "Point",
        "coordinates": [
          73.46121319131277,
          19.64441419500907
        ]
      },
      "properties": {
        "plotNo": 303,
        "name": "Plot 303",
        "category": "saleable",
        "type": "DETACHED",
        "areaSqm": 0,
        "areaSqft": 0,
        "owner": null,
        "cornerArea": null,
        "status": "available"
      }
    },
    {
      "type": "Feature",
      "id": 304,
      "geometry": {
        "type": "Point",
        "coordinates": [
          73.46112794405309,
          19.64428858983775
        ]
      },
      "properties": {
        "plotNo": 304,
        "name": "Plot 304",
        "category": "saleable",
        "type": "DETACHED",
        "areaSqm": 0,
        "areaSqft": 0,
        "owner": null,
        "cornerArea": null,
        "status": "reserved"
      }
    },
    {
      "type": "Feature",
      "id": 305,
      "geometry": {
        "type": "Point",
        "coordinates": [
          73.46120241926116,
          19.64422890242679
        ]
      },
      "properties": {
        "plotNo": 305,
        "name": "Plot 305",
        "category": "saleable",
        "type": "DETACHED",
        "areaSqm": 0,
        "areaSqft": 0,
        "owner": null,
        "cornerArea": null,
        "status": "available"
      }
    },
    {
      "type": "Feature",
      "id": 306,
      "geometry": {
        "type": "Point",
        "coordinates": [
          73.46127675601667,
          19.64416927853644
        ]
      },
      "properties": {
        "plotNo": 306,
        "name": "Plot 306",
        "category": "saleable",
        "type": "DETACHED",
        "areaSqm": 0,
        "areaSqft": 0,
        "owner": null,
        "cornerArea": null,
        "status": "available"
      }
    },
    {
      "type": "Feature",
      "id": 307,
      "geometry": {
        "type": "Point",
        "coordinates": [
          73.46135646975065,
          19.64413318238498
        ]
      },
      "properties": {
        "plotNo": 307,
        "name": "Plot 307",
        "category": "saleable",
        "type": "DETACHED",
        "areaSqm": 0,
        "areaSqft": 0,
        "owner": null,
        "cornerArea": null,
        "status": "available"
      }
    },
    {
      "type": "Feature",
      "id": 308,
      "geometry": {
        "type": "Point",
        "coordinates": [
          73.46142289571897,
          19.64406586979064
        ]
      },
      "properties": {
        "plotNo": 308,
        "name": "Plot 308",
        "category": "saleable",
        "type": "DETACHED",
        "areaSqm": 0,
        "areaSqft": 0,
        "owner": null,
        "cornerArea": null,
        "status": "sold"
      }
    },
    {
      "type": "Feature",
      "id": 309,
      "geometry": {
        "type": "Point",
        "coordinates": [
          73.46152697037354,
          19.64402888702735
        ]
      },
      "properties": {
        "plotNo": 309,
        "name": "Plot 309",
        "category": "saleable",
        "type": "DETACHED",
        "areaSqm": 0,
        "areaSqft": 0,
        "owner": null,
        "cornerArea": null,
        "status": "available"
      }
    },
    {
      "type": "Feature",
      "id": 310,
      "geometry": {
        "type": "Point",
        "coordinates": [
          73.46128041452675,
          19.64375121227734
        ]
      },
      "properties": {
        "plotNo": 310,
        "name": "Plot 310",
        "category": "saleable",
        "type": "DETACHED",
        "areaSqm": 0,
        "areaSqft": 0,
        "owner": null,
        "cornerArea": null,
        "status": "reserved"
      }
    },
    {
      "type": "Feature",
      "id": 311,
      "geometry": {
        "type": "Point",
        "coordinates": [
          73.46119862157022,
          19.64383230026321
        ]
      },
      "properties": {
        "plotNo": 311,
        "name": "Plot 311",
        "category": "saleable",
        "type": "DETACHED",
        "areaSqm": 0,
        "areaSqft": 0,
        "owner": null,
        "cornerArea": null,
        "status": "available"
      }
    },
    {
      "type": "Feature",
      "id": 312,
      "geometry": {
        "type": "Point",
        "coordinates": [
          73.46110203458912,
          19.64389958892933
        ]
      },
      "properties": {
        "plotNo": 312,
        "name": "Plot 312",
        "category": "saleable",
        "type": "DETACHED",
        "areaSqm": 0,
        "areaSqft": 0,
        "owner": null,
        "cornerArea": null,
        "status": "sold"
      }
    },
    {
      "type": "Feature",
      "id": 313,
      "geometry": {
        "type": "Point",
        "coordinates": [
          73.4610186136024,
          19.64396842242427
        ]
      },
      "properties": {
        "plotNo": 313,
        "name": "Plot 313",
        "category": "saleable",
        "type": "DETACHED",
        "areaSqm": 0,
        "areaSqft": 0,
        "owner": null,
        "cornerArea": null,
        "status": "available"
      }
    },
    {
      "type": "Feature",
      "id": 314,
      "geometry": {
        "type": "Point",
        "coordinates": [
          73.4609385069822,
          19.64404109339784
        ]
      },
      "properties": {
        "plotNo": 314,
        "name": "Plot 314",
        "category": "saleable",
        "type": "DETACHED",
        "areaSqm": 0,
        "areaSqft": 0,
        "owner": null,
        "cornerArea": null,
        "status": "available"
      }
    },
    {
      "type": "Feature",
      "id": 315,
      "geometry": {
        "type": "Point",
        "coordinates": [
          73.46074370760246,
          19.6438703658132
        ]
      },
      "properties": {
        "plotNo": 315,
        "name": "Plot 315",
        "category": "saleable",
        "type": "DETACHED",
        "areaSqm": 0,
        "areaSqft": 0,
        "owner": null,
        "cornerArea": null,
        "status": "sold"
      }
    },
    {
      "type": "Feature",
      "id": 316,
      "geometry": {
        "type": "Point",
        "coordinates": [
          73.46082765347504,
          19.64379530499455
        ]
      },
      "properties": {
        "plotNo": 316,
        "name": "Plot 316",
        "category": "saleable",
        "type": "DETACHED",
        "areaSqm": 0,
        "areaSqft": 0,
        "owner": null,
        "cornerArea": null,
        "status": "available"
      }
    },
    {
      "type": "Feature",
      "id": 317,
      "geometry": {
        "type": "Point",
        "coordinates": [
          73.46090914288193,
          19.64371843741596
        ]
      },
      "properties": {
        "plotNo": 317,
        "name": "Plot 317",
        "category": "saleable",
        "type": "DETACHED",
        "areaSqm": 0,
        "areaSqft": 0,
        "owner": null,
        "cornerArea": null,
        "status": "reserved"
      }
    },
    {
      "type": "Feature",
      "id": 318,
      "geometry": {
        "type": "Point",
        "coordinates": [
          73.46097562541888,
          19.64363199978531
        ]
      },
      "properties": {
        "plotNo": 318,
        "name": "Plot 318",
        "category": "saleable",
        "type": "DETACHED",
        "areaSqm": 0,
        "areaSqft": 0,
        "owner": null,
        "cornerArea": null,
        "status": "available"
      }
    },
    {
      "type": "Feature",
      "id": 319,
      "geometry": {
        "type": "Point",
        "coordinates": [
          73.46105542610998,
          19.64354525228666
        ]
      },
      "properties": {
        "plotNo": 319,
        "name": "Plot 319",
        "category": "saleable",
        "type": "DETACHED",
        "areaSqm": 0,
        "areaSqft": 0,
        "owner": null,
        "cornerArea": null,
        "status": "available"
      }
    },
    {
      "type": "Feature",
      "id": 320,
      "geometry": {
        "type": "Point",
        "coordinates": [
          73.4606651272591,
          19.64337593518285
        ]
      },
      "properties": {
        "plotNo": 320,
        "name": "Plot 320",
        "category": "saleable",
        "type": "DETACHED",
        "areaSqm": 0,
        "areaSqft": 0,
        "owner": null,
        "cornerArea": null,
        "status": "sold"
      }
    },
    {
      "type": "Feature",
      "id": 321,
      "geometry": {
        "type": "Point",
        "coordinates": [
          73.46060970147467,
          19.64346087248883
        ]
      },
      "properties": {
        "plotNo": 321,
        "name": "Plot 321",
        "category": "saleable",
        "type": "DETACHED",
        "areaSqm": 0,
        "areaSqft": 0,
        "owner": null,
        "cornerArea": null,
        "status": "available"
      }
    },
    {
      "type": "Feature",
      "id": 322,
      "geometry": {
        "type": "Point",
        "coordinates": [
          73.46053851747598,
          19.64353706198525
        ]
      },
      "properties": {
        "plotNo": 322,
        "name": "Plot 322",
        "category": "saleable",
        "type": "DETACHED",
        "areaSqm": 0,
        "areaSqft": 0,
        "owner": null,
        "cornerArea": null,
        "status": "reserved"
      }
    },
    {
      "type": "Feature",
      "id": 323,
      "geometry": {
        "type": "Point",
        "coordinates": [
          73.46047873810818,
          19.64360409347224
        ]
      },
      "properties": {
        "plotNo": 323,
        "name": "Plot 323",
        "category": "saleable",
        "type": "DETACHED",
        "areaSqm": 0,
        "areaSqft": 0,
        "owner": null,
        "cornerArea": null,
        "status": "available"
      }
    },
    {
      "type": "Feature",
      "id": 324,
      "geometry": {
        "type": "Point",
        "coordinates": [
          73.4604137912531,
          19.64367162994134
        ]
      },
      "properties": {
        "plotNo": 324,
        "name": "Plot 324",
        "category": "saleable",
        "type": "DETACHED",
        "areaSqm": 0,
        "areaSqft": 0,
        "owner": null,
        "cornerArea": null,
        "status": "available"
      }
    },
    {
      "type": "Feature",
      "id": 325,
      "geometry": {
        "type": "Point",
        "coordinates": [
          73.46034086780018,
          19.64372913924209
        ]
      },
      "properties": {
        "plotNo": 325,
        "name": "Plot 325",
        "category": "saleable",
        "type": "DETACHED",
        "areaSqm": 0,
        "areaSqft": 0,
        "owner": null,
        "cornerArea": null,
        "status": "available"
      }
    },
    {
      "type": "Feature",
      "id": 326,
      "geometry": {
        "type": "Point",
        "coordinates": [
          73.46030610423702,
          19.64381741387252
        ]
      },
      "properties": {
        "plotNo": 326,
        "name": "Plot 326",
        "category": "saleable",
        "type": "DETACHED",
        "areaSqm": 0,
        "areaSqft": 0,
        "owner": null,
        "cornerArea": null,
        "status": "sold"
      }
    },
    {
      "type": "Feature",
      "id": 327,
      "geometry": {
        "type": "Point",
        "coordinates": [
          73.46023914312217,
          19.6438750794525
        ]
      },
      "properties": {
        "plotNo": 327,
        "name": "Plot 327",
        "category": "saleable",
        "type": "DETACHED",
        "areaSqm": 0,
        "areaSqft": 0,
        "owner": null,
        "cornerArea": null,
        "status": "available"
      }
    },
    {
      "type": "Feature",
      "id": 328,
      "geometry": {
        "type": "Point",
        "coordinates": [
          73.46016871926068,
          19.64394857516249
        ]
      },
      "properties": {
        "plotNo": 328,
        "name": "Plot 328",
        "category": "saleable",
        "type": "DETACHED",
        "areaSqm": 0,
        "areaSqft": 0,
        "owner": null,
        "cornerArea": null,
        "status": "reserved"
      }
    },
    {
      "type": "Feature",
      "id": 329,
      "geometry": {
        "type": "Point",
        "coordinates": [
          73.46010898218054,
          19.64401738693704
        ]
      },
      "properties": {
        "plotNo": 329,
        "name": "Plot 329",
        "category": "saleable",
        "type": "DETACHED",
        "areaSqm": 0,
        "areaSqft": 0,
        "owner": null,
        "cornerArea": null,
        "status": "available"
      }
    },
    {
      "type": "Feature",
      "id": 330,
      "geometry": {
        "type": "Point",
        "coordinates": [
          73.46003665849227,
          19.64407598347075
        ]
      },
      "properties": {
        "plotNo": 330,
        "name": "Plot 330",
        "category": "saleable",
        "type": "DETACHED",
        "areaSqm": 0,
        "areaSqft": 0,
        "owner": null,
        "cornerArea": null,
        "status": "sold"
      }
    },
    {
      "type": "Feature",
      "id": 331,
      "geometry": {
        "type": "Point",
        "coordinates": [
          73.45997371593081,
          19.64414280789144
        ]
      },
      "properties": {
        "plotNo": 331,
        "name": "Plot 331",
        "category": "saleable",
        "type": "DETACHED",
        "areaSqm": 0,
        "areaSqft": 0,
        "owner": null,
        "cornerArea": null,
        "status": "available"
      }
    },
    {
      "type": "Feature",
      "id": 332,
      "geometry": {
        "type": "Point",
        "coordinates": [
          73.45990843806985,
          19.64421209951079
        ]
      },
      "properties": {
        "plotNo": 332,
        "name": "Plot 332",
        "category": "saleable",
        "type": "DETACHED",
        "areaSqm": 0,
        "areaSqft": 0,
        "owner": null,
        "cornerArea": null,
        "status": "available"
      }
    },
    {
      "type": "Feature",
      "id": 333,
      "geometry": {
        "type": "Point",
        "coordinates": [
          73.45977545134949,
          19.64411314128107
        ]
      },
      "properties": {
        "plotNo": 333,
        "name": "Plot 333",
        "category": "saleable",
        "type": "DETACHED",
        "areaSqm": 0,
        "areaSqft": 0,
        "owner": null,
        "cornerArea": null,
        "status": "sold"
      }
    },
    {
      "type": "Feature",
      "id": 334,
      "geometry": {
        "type": "Point",
        "coordinates": [
          73.45983589127258,
          19.6440399418099
        ]
      },
      "properties": {
        "plotNo": 334,
        "name": "Plot 334",
        "category": "saleable",
        "type": "DETACHED",
        "areaSqm": 0,
        "areaSqft": 0,
        "owner": null,
        "cornerArea": null,
        "status": "available"
      }
    },
    {
      "type": "Feature",
      "id": 335,
      "geometry": {
        "type": "Point",
        "coordinates": [
          73.45991023003057,
          19.64397460388648
        ]
      },
      "properties": {
        "plotNo": 335,
        "name": "Plot 335",
        "category": "saleable",
        "type": "DETACHED",
        "areaSqm": 0,
        "areaSqft": 0,
        "owner": null,
        "cornerArea": null,
        "status": "reserved"
      }
    },
    {
      "type": "Feature",
      "id": 336,
      "geometry": {
        "type": "Point",
        "coordinates": [
          73.45996509435267,
          19.64390463773163
        ]
      },
      "properties": {
        "plotNo": 336,
        "name": "Plot 336",
        "category": "saleable",
        "type": "DETACHED",
        "areaSqm": 0,
        "areaSqft": 0,
        "owner": null,
        "cornerArea": null,
        "status": "available"
      }
    },
    {
      "type": "Feature",
      "id": 337,
      "geometry": {
        "type": "Point",
        "coordinates": [
          73.46002879915464,
          19.64383450134735
        ]
      },
      "properties": {
        "plotNo": 337,
        "name": "Plot 337",
        "category": "saleable",
        "type": "DETACHED",
        "areaSqm": 0,
        "areaSqft": 0,
        "owner": null,
        "cornerArea": null,
        "status": "available"
      }
    },
    {
      "type": "Feature",
      "id": 338,
      "geometry": {
        "type": "Point",
        "coordinates": [
          73.46008748578406,
          19.64376271704182
        ]
      },
      "properties": {
        "plotNo": 338,
        "name": "Plot 338",
        "category": "saleable",
        "type": "DETACHED",
        "areaSqm": 0,
        "areaSqft": 0,
        "owner": null,
        "cornerArea": null,
        "status": "sold"
      }
    },
    {
      "type": "Feature",
      "id": 339,
      "geometry": {
        "type": "Point",
        "coordinates": [
          73.46015132646282,
          19.64369031538309
        ]
      },
      "properties": {
        "plotNo": 339,
        "name": "Plot 339",
        "category": "saleable",
        "type": "DETACHED",
        "areaSqm": 0,
        "areaSqft": 0,
        "owner": null,
        "cornerArea": null,
        "status": "available"
      }
    },
    {
      "type": "Feature",
      "id": 340,
      "geometry": {
        "type": "Point",
        "coordinates": [
          73.46021586953158,
          19.64362889963891
        ]
      },
      "properties": {
        "plotNo": 340,
        "name": "Plot 340",
        "category": "saleable",
        "type": "DETACHED",
        "areaSqm": 0,
        "areaSqft": 0,
        "owner": null,
        "cornerArea": null,
        "status": "reserved"
      }
    },
    {
      "type": "Feature",
      "id": 341,
      "geometry": {
        "type": "Point",
        "coordinates": [
          73.46027967776125,
          19.64356123057799
        ]
      },
      "properties": {
        "plotNo": 341,
        "name": "Plot 341",
        "category": "saleable",
        "type": "DETACHED",
        "areaSqm": 0,
        "areaSqft": 0,
        "owner": null,
        "cornerArea": null,
        "status": "available"
      }
    },
    {
      "type": "Feature",
      "id": 342,
      "geometry": {
        "type": "Point",
        "coordinates": [
          73.46033923280277,
          19.64348130811501
        ]
      },
      "properties": {
        "plotNo": 342,
        "name": "Plot 342",
        "category": "saleable",
        "type": "DETACHED",
        "areaSqm": 0,
        "areaSqft": 0,
        "owner": null,
        "cornerArea": null,
        "status": "available"
      }
    },
    {
      "type": "Feature",
      "id": 343,
      "geometry": {
        "type": "Point",
        "coordinates": [
          73.46040355872377,
          19.64341447045963
        ]
      },
      "properties": {
        "plotNo": 343,
        "name": "Plot 343",
        "category": "saleable",
        "type": "DETACHED",
        "areaSqm": 0,
        "areaSqft": 0,
        "owner": null,
        "cornerArea": null,
        "status": "available"
      }
    },
    {
      "type": "Feature",
      "id": 344,
      "geometry": {
        "type": "Point",
        "coordinates": [
          73.46049266311152,
          19.64331571800758
        ]
      },
      "properties": {
        "plotNo": 344,
        "name": "Plot 344",
        "category": "saleable",
        "type": "DETACHED",
        "areaSqm": 0,
        "areaSqft": 0,
        "owner": null,
        "cornerArea": null,
        "status": "sold"
      }
    },
    {
      "type": "Feature",
      "id": 345,
      "geometry": {
        "type": "Point",
        "coordinates": [
          73.46020005455547,
          19.643209229494
        ]
      },
      "properties": {
        "plotNo": 345,
        "name": "Plot 345",
        "category": "saleable",
        "type": "DETACHED",
        "areaSqm": 0,
        "areaSqft": 0,
        "owner": null,
        "cornerArea": null,
        "status": "available"
      }
    },
    {
      "type": "Feature",
      "id": 346,
      "geometry": {
        "type": "Point",
        "coordinates": [
          73.46013160093642,
          19.64329739343197
        ]
      },
      "properties": {
        "plotNo": 346,
        "name": "Plot 346",
        "category": "saleable",
        "type": "DETACHED",
        "areaSqm": 0,
        "areaSqft": 0,
        "owner": null,
        "cornerArea": null,
        "status": "reserved"
      }
    },
    {
      "type": "Feature",
      "id": 347,
      "geometry": {
        "type": "Point",
        "coordinates": [
          73.46006262396497,
          19.6433626051836
        ]
      },
      "properties": {
        "plotNo": 347,
        "name": "Plot 347",
        "category": "saleable",
        "type": "DETACHED",
        "areaSqm": 0,
        "areaSqft": 0,
        "owner": null,
        "cornerArea": null,
        "status": "available"
      }
    },
    {
      "type": "Feature",
      "id": 348,
      "geometry": {
        "type": "Point",
        "coordinates": [
          73.46000707890553,
          19.64344021899748
        ]
      },
      "properties": {
        "plotNo": 348,
        "name": "Plot 348",
        "category": "saleable",
        "type": "DETACHED",
        "areaSqm": 0,
        "areaSqft": 0,
        "owner": null,
        "cornerArea": null,
        "status": "sold"
      }
    },
    {
      "type": "Feature",
      "id": 349,
      "geometry": {
        "type": "Point",
        "coordinates": [
          73.45994307200237,
          19.64349700519527
        ]
      },
      "properties": {
        "plotNo": 349,
        "name": "Plot 349",
        "category": "saleable",
        "type": "DETACHED",
        "areaSqm": 0,
        "areaSqft": 0,
        "owner": null,
        "cornerArea": null,
        "status": "available"
      }
    },
    {
      "type": "Feature",
      "id": 350,
      "geometry": {
        "type": "Point",
        "coordinates": [
          73.45988491082669,
          19.64356872758003
        ]
      },
      "properties": {
        "plotNo": 350,
        "name": "Plot 350",
        "category": "saleable",
        "type": "DETACHED",
        "areaSqm": 0,
        "areaSqft": 0,
        "owner": null,
        "cornerArea": null,
        "status": "available"
      }
    },
    {
      "type": "Feature",
      "id": 351,
      "geometry": {
        "type": "Point",
        "coordinates": [
          73.45980971462431,
          19.6436307129862
        ]
      },
      "properties": {
        "plotNo": 351,
        "name": "Plot 351",
        "category": "saleable",
        "type": "DETACHED",
        "areaSqm": 0,
        "areaSqft": 0,
        "owner": null,
        "cornerArea": null,
        "status": "sold"
      }
    },
    {
      "type": "Feature",
      "id": 352,
      "geometry": {
        "type": "Point",
        "coordinates": [
          73.45974616367148,
          19.64369666017608
        ]
      },
      "properties": {
        "plotNo": 352,
        "name": "Plot 352",
        "category": "saleable",
        "type": "DETACHED",
        "areaSqm": 0,
        "areaSqft": 0,
        "owner": null,
        "cornerArea": null,
        "status": "available"
      }
    },
    {
      "type": "Feature",
      "id": 353,
      "geometry": {
        "type": "Point",
        "coordinates": [
          73.45968740271562,
          19.64376908250634
        ]
      },
      "properties": {
        "plotNo": 353,
        "name": "Plot 353",
        "category": "saleable",
        "type": "DETACHED",
        "areaSqm": 0,
        "areaSqft": 0,
        "owner": null,
        "cornerArea": null,
        "status": "reserved"
      }
    },
    {
      "type": "Feature",
      "id": 354,
      "geometry": {
        "type": "Point",
        "coordinates": [
          73.45961055319444,
          19.64384502400219
        ]
      },
      "properties": {
        "plotNo": 354,
        "name": "Plot 354",
        "category": "saleable",
        "type": "DETACHED",
        "areaSqm": 0,
        "areaSqft": 0,
        "owner": null,
        "cornerArea": null,
        "status": "available"
      }
    },
    {
      "type": "Feature",
      "id": 355,
      "geometry": {
        "type": "Point",
        "coordinates": [
          73.45956310436068,
          19.64391771121411
        ]
      },
      "properties": {
        "plotNo": 355,
        "name": "Plot 355",
        "category": "saleable",
        "type": "DETACHED",
        "areaSqm": 0,
        "areaSqft": 0,
        "owner": null,
        "cornerArea": null,
        "status": "available"
      }
    },
    {
      "type": "Feature",
      "id": 356,
      "geometry": {
        "type": "Point",
        "coordinates": [
          73.4594229416979,
          19.64379409216416
        ]
      },
      "properties": {
        "plotNo": 356,
        "name": "Plot 356",
        "category": "saleable",
        "type": "DETACHED",
        "areaSqm": 0,
        "areaSqft": 0,
        "owner": null,
        "cornerArea": null,
        "status": "sold"
      }
    },
    {
      "type": "Feature",
      "id": 357,
      "geometry": {
        "type": "Point",
        "coordinates": [
          73.45948308683182,
          19.64373191527723
        ]
      },
      "properties": {
        "plotNo": 357,
        "name": "Plot 357",
        "category": "saleable",
        "type": "DETACHED",
        "areaSqm": 0,
        "areaSqft": 0,
        "owner": null,
        "cornerArea": null,
        "status": "available"
      }
    },
    {
      "type": "Feature",
      "id": 358,
      "geometry": {
        "type": "Point",
        "coordinates": [
          73.45955133401287,
          19.64366868912135
        ]
      },
      "properties": {
        "plotNo": 358,
        "name": "Plot 358",
        "category": "saleable",
        "type": "DETACHED",
        "areaSqm": 0,
        "areaSqft": 0,
        "owner": null,
        "cornerArea": null,
        "status": "reserved"
      }
    },
    {
      "type": "Feature",
      "id": 359,
      "geometry": {
        "type": "Point",
        "coordinates": [
          73.45962432513448,
          19.6435920581635
        ]
      },
      "properties": {
        "plotNo": 359,
        "name": "Plot 359",
        "category": "saleable",
        "type": "DETACHED",
        "areaSqm": 0,
        "areaSqft": 0,
        "owner": null,
        "cornerArea": null,
        "status": "available"
      }
    },
    {
      "type": "Feature",
      "id": 360,
      "geometry": {
        "type": "Point",
        "coordinates": [
          73.45967771802795,
          19.64352403874865
        ]
      },
      "properties": {
        "plotNo": 360,
        "name": "Plot 360",
        "category": "saleable",
        "type": "DETACHED",
        "areaSqm": 0,
        "areaSqft": 0,
        "owner": null,
        "cornerArea": null,
        "status": "available"
      }
    },
    {
      "type": "Feature",
      "id": 361,
      "geometry": {
        "type": "Point",
        "coordinates": [
          73.45974667666749,
          19.64345673382362
        ]
      },
      "properties": {
        "plotNo": 361,
        "name": "Plot 361",
        "category": "saleable",
        "type": "DETACHED",
        "areaSqm": 0,
        "areaSqft": 0,
        "owner": null,
        "cornerArea": null,
        "status": "available"
      }
    },
    {
      "type": "Feature",
      "id": 362,
      "geometry": {
        "type": "Point",
        "coordinates": [
          73.45980428479422,
          19.64339071658478
        ]
      },
      "properties": {
        "plotNo": 362,
        "name": "Plot 362",
        "category": "saleable",
        "type": "DETACHED",
        "areaSqm": 0,
        "areaSqft": 0,
        "owner": null,
        "cornerArea": null,
        "status": "sold"
      }
    },
    {
      "type": "Feature",
      "id": 363,
      "geometry": {
        "type": "Point",
        "coordinates": [
          73.45987724031775,
          19.64331958718549
        ]
      },
      "properties": {
        "plotNo": 363,
        "name": "Plot 363",
        "category": "saleable",
        "type": "DETACHED",
        "areaSqm": 0,
        "areaSqft": 0,
        "owner": null,
        "cornerArea": null,
        "status": "available"
      }
    },
    {
      "type": "Feature",
      "id": 364,
      "geometry": {
        "type": "Point",
        "coordinates": [
          73.45992681074128,
          19.64324911419173
        ]
      },
      "properties": {
        "plotNo": 364,
        "name": "Plot 364",
        "category": "saleable",
        "type": "DETACHED",
        "areaSqm": 0,
        "areaSqft": 0,
        "owner": null,
        "cornerArea": null,
        "status": "reserved"
      }
    },
    {
      "type": "Feature",
      "id": 365,
      "geometry": {
        "type": "Point",
        "coordinates": [
          73.46001314260198,
          19.6431683105928
        ]
      },
      "properties": {
        "plotNo": 365,
        "name": "Plot 365",
        "category": "saleable",
        "type": "DETACHED",
        "areaSqm": 0,
        "areaSqft": 0,
        "owner": null,
        "cornerArea": null,
        "status": "available"
      }
    },
    {
      "type": "Feature",
      "id": 366,
      "geometry": {
        "type": "Point",
        "coordinates": [
          73.45930320850343,
          19.64392516210548
        ]
      },
      "properties": {
        "plotNo": 366,
        "name": "Plot 366",
        "category": "saleable",
        "type": "DETACHED",
        "areaSqm": 0,
        "areaSqft": 0,
        "owner": null,
        "cornerArea": null,
        "status": "sold"
      }
    },
    {
      "type": "Feature",
      "id": 367,
      "geometry": {
        "type": "Point",
        "coordinates": [
          73.45924096696162,
          19.6439945825364
        ]
      },
      "properties": {
        "plotNo": 367,
        "name": "Plot 367",
        "category": "saleable",
        "type": "DETACHED",
        "areaSqm": 0,
        "areaSqft": 0,
        "owner": null,
        "cornerArea": null,
        "status": "available"
      }
    },
    {
      "type": "Feature",
      "id": 368,
      "geometry": {
        "type": "Point",
        "coordinates": [
          73.45912147820502,
          19.64413435321945
        ]
      },
      "properties": {
        "plotNo": 368,
        "name": "Plot 368",
        "category": "saleable",
        "type": "DETACHED",
        "areaSqm": 0,
        "areaSqft": 0,
        "owner": null,
        "cornerArea": null,
        "status": "available"
      }
    },
    {
      "type": "Feature",
      "id": 370,
      "geometry": {
        "type": "Point",
        "coordinates": [
          73.45905437094925,
          19.64420301240101
        ]
      },
      "properties": {
        "plotNo": 370,
        "name": "Plot 370",
        "category": "saleable",
        "type": "DETACHED",
        "areaSqm": 0,
        "areaSqft": 0,
        "owner": null,
        "cornerArea": null,
        "status": "available"
      }
    },
    {
      "type": "Feature",
      "id": 371,
      "geometry": {
        "type": "Point",
        "coordinates": [
          73.45899150298462,
          19.64426520273879
        ]
      },
      "properties": {
        "plotNo": 371,
        "name": "Plot 371",
        "category": "saleable",
        "type": "DETACHED",
        "areaSqm": 0,
        "areaSqft": 0,
        "owner": null,
        "cornerArea": null,
        "status": "reserved"
      }
    },
    {
      "type": "Feature",
      "id": 372,
      "geometry": {
        "type": "Point",
        "coordinates": [
          73.45892833959407,
          19.64433297560318
        ]
      },
      "properties": {
        "plotNo": 372,
        "name": "Plot 372",
        "category": "saleable",
        "type": "DETACHED",
        "areaSqm": 0,
        "areaSqft": 0,
        "owner": null,
        "cornerArea": null,
        "status": "available"
      }
    },
    {
      "type": "Feature",
      "id": 373,
      "geometry": {
        "type": "Point",
        "coordinates": [
          73.45885897420918,
          19.64440373618332
        ]
      },
      "properties": {
        "plotNo": 373,
        "name": "Plot 373",
        "category": "saleable",
        "type": "DETACHED",
        "areaSqm": 0,
        "areaSqft": 0,
        "owner": null,
        "cornerArea": null,
        "status": "available"
      }
    },
    {
      "type": "Feature",
      "id": 374,
      "geometry": {
        "type": "Point",
        "coordinates": [
          73.45879795908952,
          19.64447779166179
        ]
      },
      "properties": {
        "plotNo": 374,
        "name": "Plot 374",
        "category": "saleable",
        "type": "DETACHED",
        "areaSqm": 0,
        "areaSqft": 0,
        "owner": null,
        "cornerArea": null,
        "status": "sold"
      }
    },
    {
      "type": "Feature",
      "id": 375,
      "geometry": {
        "type": "Point",
        "coordinates": [
          73.45873816260519,
          19.64454898560662
        ]
      },
      "properties": {
        "plotNo": 375,
        "name": "Plot 375",
        "category": "saleable",
        "type": "DETACHED",
        "areaSqm": 0,
        "areaSqft": 0,
        "owner": null,
        "cornerArea": null,
        "status": "available"
      }
    },
    {
      "type": "Feature",
      "id": 376,
      "geometry": {
        "type": "Point",
        "coordinates": [
          73.45868424839837,
          19.64461300182079
        ]
      },
      "properties": {
        "plotNo": 376,
        "name": "Plot 376",
        "category": "saleable",
        "type": "DETACHED",
        "areaSqm": 0,
        "areaSqft": 0,
        "owner": null,
        "cornerArea": null,
        "status": "reserved"
      }
    },
    {
      "type": "Feature",
      "id": 377,
      "geometry": {
        "type": "Point",
        "coordinates": [
          73.45860438907117,
          19.64467140684388
        ]
      },
      "properties": {
        "plotNo": 377,
        "name": "Plot 377",
        "category": "saleable",
        "type": "DETACHED",
        "areaSqm": 0,
        "areaSqft": 0,
        "owner": null,
        "cornerArea": null,
        "status": "available"
      }
    },
    {
      "type": "Feature",
      "id": 378,
      "geometry": {
        "type": "Point",
        "coordinates": [
          73.45925670658617,
          19.64425498202703
        ]
      },
      "properties": {
        "plotNo": 378,
        "name": "Plot 378",
        "category": "saleable",
        "type": "DETACHED",
        "areaSqm": 0,
        "areaSqft": 0,
        "owner": null,
        "cornerArea": null,
        "status": "available"
      }
    },
    {
      "type": "Feature",
      "id": 379,
      "geometry": {
        "type": "Point",
        "coordinates": [
          73.45847309353667,
          19.64483058772963
        ]
      },
      "properties": {
        "plotNo": 379,
        "name": "Plot 379",
        "category": "saleable",
        "type": "DETACHED",
        "areaSqm": 0,
        "areaSqft": 0,
        "owner": null,
        "cornerArea": null,
        "status": "available"
      }
    },
    {
      "type": "Feature",
      "id": 380,
      "geometry": {
        "type": "Point",
        "coordinates": [
          73.45870973672325,
          19.64482135855684
        ]
      },
      "properties": {
        "plotNo": 380,
        "name": "Plot 380",
        "category": "saleable",
        "type": "DETACHED",
        "areaSqm": 0,
        "areaSqft": 0,
        "owner": null,
        "cornerArea": null,
        "status": "sold"
      }
    },
    {
      "type": "Feature",
      "id": 381,
      "geometry": {
        "type": "Point",
        "coordinates": [
          73.45880900146145,
          19.64472567450826
        ]
      },
      "properties": {
        "plotNo": 381,
        "name": "Plot 381",
        "category": "saleable",
        "type": "DETACHED",
        "areaSqm": 0,
        "areaSqft": 0,
        "owner": null,
        "cornerArea": null,
        "status": "available"
      }
    },
    {
      "type": "Feature",
      "id": 382,
      "geometry": {
        "type": "Point",
        "coordinates": [
          73.45887513646434,
          19.64465838541639
        ]
      },
      "properties": {
        "plotNo": 382,
        "name": "Plot 382",
        "category": "saleable",
        "type": "DETACHED",
        "areaSqm": 0,
        "areaSqft": 0,
        "owner": null,
        "cornerArea": null,
        "status": "reserved"
      }
    },
    {
      "type": "Feature",
      "id": 383,
      "geometry": {
        "type": "Point",
        "coordinates": [
          73.45894132948766,
          19.64459682935645
        ]
      },
      "properties": {
        "plotNo": 383,
        "name": "Plot 383",
        "category": "saleable",
        "type": "DETACHED",
        "areaSqm": 0,
        "areaSqft": 0,
        "owner": null,
        "cornerArea": null,
        "status": "available"
      }
    },
    {
      "type": "Feature",
      "id": 384,
      "geometry": {
        "type": "Point",
        "coordinates": [
          73.45899599879414,
          19.64452455604668
        ]
      },
      "properties": {
        "plotNo": 384,
        "name": "Plot 384",
        "category": "saleable",
        "type": "DETACHED",
        "areaSqm": 0,
        "areaSqft": 0,
        "owner": null,
        "cornerArea": null,
        "status": "sold"
      }
    },
    {
      "type": "Feature",
      "id": 385,
      "geometry": {
        "type": "Point",
        "coordinates": [
          73.45906180044335,
          19.64445562867377
        ]
      },
      "properties": {
        "plotNo": 385,
        "name": "Plot 385",
        "category": "saleable",
        "type": "DETACHED",
        "areaSqm": 0,
        "areaSqft": 0,
        "owner": null,
        "cornerArea": null,
        "status": "available"
      }
    },
    {
      "type": "Feature",
      "id": 386,
      "geometry": {
        "type": "Point",
        "coordinates": [
          73.45913568116914,
          19.64438848419832
        ]
      },
      "properties": {
        "plotNo": 386,
        "name": "Plot 386",
        "category": "saleable",
        "type": "DETACHED",
        "areaSqm": 0,
        "areaSqft": 0,
        "owner": null,
        "cornerArea": null,
        "status": "available"
      }
    },
    {
      "type": "Feature",
      "id": 387,
      "geometry": {
        "type": "Point",
        "coordinates": [
          73.45918900208919,
          19.64430713389585
        ]
      },
      "properties": {
        "plotNo": 387,
        "name": "Plot 387",
        "category": "saleable",
        "type": "DETACHED",
        "areaSqm": 0,
        "areaSqft": 0,
        "owner": null,
        "cornerArea": null,
        "status": "sold"
      }
    },
    {
      "type": "Feature",
      "id": 389,
      "geometry": {
        "type": "Point",
        "coordinates": [
          73.45932185406369,
          19.64418418884609
        ]
      },
      "properties": {
        "plotNo": 389,
        "name": "Plot 389",
        "category": "saleable",
        "type": "DETACHED",
        "areaSqm": 0,
        "areaSqft": 0,
        "owner": null,
        "cornerArea": null,
        "status": "reserved"
      }
    },
    {
      "type": "Feature",
      "id": 390,
      "geometry": {
        "type": "Point",
        "coordinates": [
          73.45938828649955,
          19.64411236097879
        ]
      },
      "properties": {
        "plotNo": 390,
        "name": "Plot 390",
        "category": "saleable",
        "type": "DETACHED",
        "areaSqm": 0,
        "areaSqft": 0,
        "owner": null,
        "cornerArea": null,
        "status": "available"
      }
    },
    {
      "type": "Feature",
      "id": 391,
      "geometry": {
        "type": "Point",
        "coordinates": [
          73.45944016147816,
          19.64403744485259
        ]
      },
      "properties": {
        "plotNo": 391,
        "name": "Plot 391",
        "category": "saleable",
        "type": "DETACHED",
        "areaSqm": 0,
        "areaSqft": 0,
        "owner": null,
        "cornerArea": null,
        "status": "available"
      }
    },
    {
      "type": "Feature",
      "id": 392,
      "geometry": {
        "type": "Point",
        "coordinates": [
          73.45968310605743,
          19.64422129570455
        ]
      },
      "properties": {
        "plotNo": 392,
        "name": "Plot 392",
        "category": "saleable",
        "type": "DETACHED",
        "areaSqm": 0,
        "areaSqft": 0,
        "owner": null,
        "cornerArea": null,
        "status": "sold"
      }
    },
    {
      "type": "Feature",
      "id": 393,
      "geometry": {
        "type": "Point",
        "coordinates": [
          73.45961999831098,
          19.64429435289469
        ]
      },
      "properties": {
        "plotNo": 393,
        "name": "Plot 393",
        "category": "saleable",
        "type": "DETACHED",
        "areaSqm": 0,
        "areaSqft": 0,
        "owner": null,
        "cornerArea": null,
        "status": "available"
      }
    },
    {
      "type": "Feature",
      "id": 394,
      "geometry": {
        "type": "Point",
        "coordinates": [
          73.45955993915766,
          19.64435654522233
        ]
      },
      "properties": {
        "plotNo": 394,
        "name": "Plot 394",
        "category": "saleable",
        "type": "DETACHED",
        "areaSqm": 0,
        "areaSqft": 0,
        "owner": null,
        "cornerArea": null,
        "status": "reserved"
      }
    },
    {
      "type": "Feature",
      "id": 395,
      "geometry": {
        "type": "Point",
        "coordinates": [
          73.45949521808535,
          19.64443070350552
        ]
      },
      "properties": {
        "plotNo": 395,
        "name": "Plot 395",
        "category": "saleable",
        "type": "DETACHED",
        "areaSqm": 0,
        "areaSqft": 0,
        "owner": null,
        "cornerArea": null,
        "status": "available"
      }
    },
    {
      "type": "Feature",
      "id": 396,
      "geometry": {
        "type": "Point",
        "coordinates": [
          73.45943078113854,
          19.64448602360523
        ]
      },
      "properties": {
        "plotNo": 396,
        "name": "Plot 396",
        "category": "saleable",
        "type": "DETACHED",
        "areaSqm": 0,
        "areaSqft": 0,
        "owner": null,
        "cornerArea": null,
        "status": "available"
      }
    },
    {
      "type": "Feature",
      "id": 397,
      "geometry": {
        "type": "Point",
        "coordinates": [
          73.45936835260791,
          19.64456291083962
        ]
      },
      "properties": {
        "plotNo": 397,
        "name": "Plot 397",
        "category": "saleable",
        "type": "DETACHED",
        "areaSqm": 0,
        "areaSqft": 0,
        "owner": null,
        "cornerArea": null,
        "status": "available"
      }
    },
    {
      "type": "Feature",
      "id": 398,
      "geometry": {
        "type": "Point",
        "coordinates": [
          73.45930297394816,
          19.64462366978843
        ]
      },
      "properties": {
        "plotNo": 398,
        "name": "Plot 398",
        "category": "saleable",
        "type": "DETACHED",
        "areaSqm": 0,
        "areaSqft": 0,
        "owner": null,
        "cornerArea": null,
        "status": "sold"
      }
    },
    {
      "type": "Feature",
      "id": 399,
      "geometry": {
        "type": "Point",
        "coordinates": [
          73.45924527092474,
          19.64470383723885
        ]
      },
      "properties": {
        "plotNo": 399,
        "name": "Plot 399",
        "category": "saleable",
        "type": "DETACHED",
        "areaSqm": 0,
        "areaSqft": 0,
        "owner": null,
        "cornerArea": null,
        "status": "available"
      }
    },
    {
      "type": "Feature",
      "id": 400,
      "geometry": {
        "type": "Point",
        "coordinates": [
          73.45918180644999,
          19.64476799106908
        ]
      },
      "properties": {
        "plotNo": 400,
        "name": "Plot 400",
        "category": "saleable",
        "type": "DETACHED",
        "areaSqm": 0,
        "areaSqft": 0,
        "owner": null,
        "cornerArea": null,
        "status": "reserved"
      }
    },
    {
      "type": "Feature",
      "id": 401,
      "geometry": {
        "type": "Point",
        "coordinates": [
          73.45909692145777,
          19.64484321215947
        ]
      },
      "properties": {
        "plotNo": 401,
        "name": "Plot 401",
        "category": "saleable",
        "type": "DETACHED",
        "areaSqm": 0,
        "areaSqft": 0,
        "owner": null,
        "cornerArea": null,
        "status": "available"
      }
    },
    {
      "type": "Feature",
      "id": 402,
      "geometry": {
        "type": "Point",
        "coordinates": [
          73.45933750285126,
          19.64483352366642
        ]
      },
      "properties": {
        "plotNo": 402,
        "name": "Plot 402",
        "category": "saleable",
        "type": "DETACHED",
        "areaSqm": 0,
        "areaSqft": 0,
        "owner": null,
        "cornerArea": null,
        "status": "sold"
      }
    },
    {
      "type": "Feature",
      "id": 403,
      "geometry": {
        "type": "Point",
        "coordinates": [
          73.45944179687334,
          19.64474020721645
        ]
      },
      "properties": {
        "plotNo": 403,
        "name": "Plot 403",
        "category": "saleable",
        "type": "DETACHED",
        "areaSqm": 0,
        "areaSqft": 0,
        "owner": null,
        "cornerArea": null,
        "status": "available"
      }
    },
    {
      "type": "Feature",
      "id": 404,
      "geometry": {
        "type": "Point",
        "coordinates": [
          73.45950522117157,
          19.64468591320123
        ]
      },
      "properties": {
        "plotNo": 404,
        "name": "Plot 404",
        "category": "saleable",
        "type": "DETACHED",
        "areaSqm": 0,
        "areaSqft": 0,
        "owner": null,
        "cornerArea": null,
        "status": "available"
      }
    },
    {
      "type": "Feature",
      "id": 405,
      "geometry": {
        "type": "Point",
        "coordinates": [
          73.45956279392371,
          19.64462080601712
        ]
      },
      "properties": {
        "plotNo": 405,
        "name": "Plot 405",
        "category": "saleable",
        "type": "DETACHED",
        "areaSqm": 0,
        "areaSqft": 0,
        "owner": null,
        "cornerArea": null,
        "status": "sold"
      }
    },
    {
      "type": "Feature",
      "id": 406,
      "geometry": {
        "type": "Point",
        "coordinates": [
          73.4596334356244,
          19.64454119272025
        ]
      },
      "properties": {
        "plotNo": 406,
        "name": "Plot 406",
        "category": "saleable",
        "type": "DETACHED",
        "areaSqm": 0,
        "areaSqft": 0,
        "owner": null,
        "cornerArea": null,
        "status": "available"
      }
    },
    {
      "type": "Feature",
      "id": 407,
      "geometry": {
        "type": "Point",
        "coordinates": [
          73.45969094539477,
          19.64447056676037
        ]
      },
      "properties": {
        "plotNo": 407,
        "name": "Plot 407",
        "category": "saleable",
        "type": "DETACHED",
        "areaSqm": 0,
        "areaSqft": 0,
        "owner": null,
        "cornerArea": null,
        "status": "reserved"
      }
    },
    {
      "type": "Feature",
      "id": 408,
      "geometry": {
        "type": "Point",
        "coordinates": [
          73.45974818836517,
          19.64440542630893
        ]
      },
      "properties": {
        "plotNo": 408,
        "name": "Plot 408",
        "category": "saleable",
        "type": "DETACHED",
        "areaSqm": 0,
        "areaSqft": 0,
        "owner": null,
        "cornerArea": null,
        "status": "available"
      }
    },
    {
      "type": "Feature",
      "id": 409,
      "geometry": {
        "type": "Point",
        "coordinates": [
          73.45980151431955,
          19.64432260786868
        ]
      },
      "properties": {
        "plotNo": 409,
        "name": "Plot 409",
        "category": "saleable",
        "type": "DETACHED",
        "areaSqm": 0,
        "areaSqft": 0,
        "owner": null,
        "cornerArea": null,
        "status": "available"
      }
    },
    {
      "type": "Feature",
      "id": 410,
      "geometry": {
        "type": "Point",
        "coordinates": [
          73.46051877637353,
          19.6440267107281
        ]
      },
      "properties": {
        "plotNo": 410,
        "name": "Plot 410",
        "category": "saleable",
        "type": "DETACHED",
        "areaSqm": 0,
        "areaSqft": 0,
        "owner": null,
        "cornerArea": null,
        "status": "sold"
      }
    },
    {
      "type": "Feature",
      "id": 411,
      "geometry": {
        "type": "Point",
        "coordinates": [
          73.46036887754815,
          19.64421710286174
        ]
      },
      "properties": {
        "plotNo": 411,
        "name": "Plot 411",
        "category": "saleable",
        "type": "DETACHED",
        "areaSqm": 0,
        "areaSqft": 0,
        "owner": null,
        "cornerArea": null,
        "status": "available"
      }
    },
    {
      "type": "Feature",
      "id": 412,
      "geometry": {
        "type": "Point",
        "coordinates": [
          73.46029975512552,
          19.64428021511748
        ]
      },
      "properties": {
        "plotNo": 412,
        "name": "Plot 412",
        "category": "saleable",
        "type": "DETACHED",
        "areaSqm": 0,
        "areaSqft": 0,
        "owner": null,
        "cornerArea": null,
        "status": "reserved"
      }
    },
    {
      "type": "Feature",
      "id": 413,
      "geometry": {
        "type": "Point",
        "coordinates": [
          73.46023931511824,
          19.64434732350117
        ]
      },
      "properties": {
        "plotNo": 413,
        "name": "Plot 413",
        "category": "saleable",
        "type": "DETACHED",
        "areaSqm": 0,
        "areaSqft": 0,
        "owner": null,
        "cornerArea": null,
        "status": "available"
      }
    },
    {
      "type": "Feature",
      "id": 414,
      "geometry": {
        "type": "Point",
        "coordinates": [
          73.46018282587916,
          19.64442685787314
        ]
      },
      "properties": {
        "plotNo": 414,
        "name": "Plot 414",
        "category": "saleable",
        "type": "DETACHED",
        "areaSqm": 0,
        "areaSqft": 0,
        "owner": null,
        "cornerArea": null,
        "status": "available"
      }
    },
    {
      "type": "Feature",
      "id": 415,
      "geometry": {
        "type": "Point",
        "coordinates": [
          73.46010828026803,
          19.64447517904834
        ]
      },
      "properties": {
        "plotNo": 415,
        "name": "Plot 415",
        "category": "saleable",
        "type": "DETACHED",
        "areaSqm": 0,
        "areaSqft": 0,
        "owner": null,
        "cornerArea": null,
        "status": "available"
      }
    },
    {
      "type": "Feature",
      "id": 416,
      "geometry": {
        "type": "Point",
        "coordinates": [
          73.46005350857165,
          19.6445539354559
        ]
      },
      "properties": {
        "plotNo": 416,
        "name": "Plot 416",
        "category": "saleable",
        "type": "DETACHED",
        "areaSqm": 0,
        "areaSqft": 0,
        "owner": null,
        "cornerArea": null,
        "status": "sold"
      }
    },
    {
      "type": "Feature",
      "id": 417,
      "geometry": {
        "type": "Point",
        "coordinates": [
          73.45999625411416,
          19.64461916861137
        ]
      },
      "properties": {
        "plotNo": 417,
        "name": "Plot 417",
        "category": "saleable",
        "type": "DETACHED",
        "areaSqm": 0,
        "areaSqft": 0,
        "owner": null,
        "cornerArea": null,
        "status": "available"
      }
    },
    {
      "type": "Feature",
      "id": 418,
      "geometry": {
        "type": "Point",
        "coordinates": [
          73.45993307046818,
          19.64469508744038
        ]
      },
      "properties": {
        "plotNo": 418,
        "name": "Plot 418",
        "category": "saleable",
        "type": "DETACHED",
        "areaSqm": 0,
        "areaSqft": 0,
        "owner": null,
        "cornerArea": null,
        "status": "reserved"
      }
    },
    {
      "type": "Feature",
      "id": 419,
      "geometry": {
        "type": "Point",
        "coordinates": [
          73.45983778884225,
          19.64478389040553
        ]
      },
      "properties": {
        "plotNo": 419,
        "name": "Plot 419",
        "category": "saleable",
        "type": "DETACHED",
        "areaSqm": 0,
        "areaSqft": 0,
        "owner": null,
        "cornerArea": null,
        "status": "available"
      }
    },
    {
      "type": "Feature",
      "id": 420,
      "geometry": {
        "type": "Point",
        "coordinates": [
          73.46012562703055,
          19.64485684815235
        ]
      },
      "properties": {
        "plotNo": 420,
        "name": "Plot 420",
        "category": "saleable",
        "type": "DETACHED",
        "areaSqm": 0,
        "areaSqft": 0,
        "owner": null,
        "cornerArea": null,
        "status": "sold"
      }
    },
    {
      "type": "Feature",
      "id": 421,
      "geometry": {
        "type": "Point",
        "coordinates": [
          73.46023025218201,
          19.64493733539814
        ]
      },
      "properties": {
        "plotNo": 421,
        "name": "Plot 421",
        "category": "saleable",
        "type": "DETACHED",
        "areaSqm": 0,
        "areaSqft": 0,
        "owner": null,
        "cornerArea": null,
        "status": "available"
      }
    },
    {
      "type": "Feature",
      "id": 422,
      "geometry": {
        "type": "Point",
        "coordinates": [
          73.46061057501723,
          19.64474187595837
        ]
      },
      "properties": {
        "plotNo": 422,
        "name": "Plot 422",
        "category": "saleable",
        "type": "DETACHED",
        "areaSqm": 0,
        "areaSqft": 0,
        "owner": null,
        "cornerArea": null,
        "status": "available"
      }
    },
    {
      "type": "Feature",
      "id": 423,
      "geometry": {
        "type": "Point",
        "coordinates": [
          73.46072635833224,
          19.6446716213573
        ]
      },
      "properties": {
        "plotNo": 423,
        "name": "Plot 423",
        "category": "saleable",
        "type": "DETACHED",
        "areaSqm": 0,
        "areaSqft": 0,
        "owner": null,
        "cornerArea": null,
        "status": "sold"
      }
    },
    {
      "type": "Feature",
      "id": 424,
      "geometry": {
        "type": "Point",
        "coordinates": [
          73.46081521140498,
          19.64462356130046
        ]
      },
      "properties": {
        "plotNo": 424,
        "name": "Plot 424",
        "category": "saleable",
        "type": "DETACHED",
        "areaSqm": 0,
        "areaSqft": 0,
        "owner": null,
        "cornerArea": null,
        "status": "available"
      }
    },
    {
      "type": "Feature",
      "id": 425,
      "geometry": {
        "type": "Point",
        "coordinates": [
          73.46089085583631,
          19.64457682585986
        ]
      },
      "properties": {
        "plotNo": 425,
        "name": "Plot 425",
        "category": "saleable",
        "type": "DETACHED",
        "areaSqm": 0,
        "areaSqft": 0,
        "owner": null,
        "cornerArea": null,
        "status": "reserved"
      }
    },
    {
      "type": "Feature",
      "id": 426,
      "geometry": {
        "type": "Point",
        "coordinates": [
          73.46105247524785,
          19.64455194779138
        ]
      },
      "properties": {
        "plotNo": 426,
        "name": "Plot 426",
        "category": "saleable",
        "type": "DETACHED",
        "areaSqm": 0,
        "areaSqft": 0,
        "owner": null,
        "cornerArea": null,
        "status": "available"
      }
    },
    {
      "type": "Feature",
      "id": 427,
      "geometry": {
        "type": "Point",
        "coordinates": [
          73.46102011593936,
          19.64447429782305
        ]
      },
      "properties": {
        "plotNo": 427,
        "name": "Plot 427",
        "category": "saleable",
        "type": "DETACHED",
        "areaSqm": 0,
        "areaSqft": 0,
        "owner": null,
        "cornerArea": null,
        "status": "available"
      }
    },
    {
      "type": "Feature",
      "id": 428,
      "geometry": {
        "type": "Point",
        "coordinates": [
          73.4609648354958,
          19.64440132322381
        ]
      },
      "properties": {
        "plotNo": 428,
        "name": "Plot 428",
        "category": "saleable",
        "type": "DETACHED",
        "areaSqm": 0,
        "areaSqft": 0,
        "owner": null,
        "cornerArea": null,
        "status": "sold"
      }
    },
    {
      "type": "Feature",
      "id": 429,
      "geometry": {
        "type": "Point",
        "coordinates": [
          73.46036838314976,
          19.64517213001773
        ]
      },
      "properties": {
        "plotNo": 429,
        "name": "Plot 429",
        "category": "saleable",
        "type": "DETACHED",
        "areaSqm": 200,
        "areaSqft": 2152.78,
        "owner": "ARNAVAZ S CHOWDHRY",
        "cornerArea": null,
        "status": "available"
      }
    },
    {
      "type": "Feature",
      "id": 430,
      "geometry": {
        "type": "Point",
        "coordinates": [
          73.46047629053345,
          19.64525811924175
        ]
      },
      "properties": {
        "plotNo": 430,
        "name": "Plot 430",
        "category": "saleable",
        "type": "DETACHED",
        "areaSqm": 200,
        "areaSqft": 2152.78,
        "owner": "ARNAVAZ S CHOWDHRY",
        "cornerArea": null,
        "status": "reserved"
      }
    },
    {
      "type": "Feature",
      "id": 431,
      "geometry": {
        "type": "Point",
        "coordinates": [
          73.46055762021648,
          19.64532637551122
        ]
      },
      "properties": {
        "plotNo": 431,
        "name": "Plot 431",
        "category": "saleable",
        "type": "DETACHED",
        "areaSqm": 200,
        "areaSqft": 2152.78,
        "owner": "ARNAVAZ S CHOWDHRY",
        "cornerArea": null,
        "status": "available"
      }
    },
    {
      "type": "Feature",
      "id": 432,
      "geometry": {
        "type": "Point",
        "coordinates": [
          73.4606514081207,
          19.64540679995214
        ]
      },
      "properties": {
        "plotNo": 432,
        "name": "Plot 432",
        "category": "saleable",
        "type": "DETACHED",
        "areaSqm": 200,
        "areaSqft": 2152.78,
        "owner": "ARNAVAZ S CHOWDHRY",
        "cornerArea": null,
        "status": "available"
      }
    },
    {
      "type": "Feature",
      "id": 433,
      "geometry": {
        "type": "Point",
        "coordinates": [
          73.46073182248229,
          19.64548249484859
        ]
      },
      "properties": {
        "plotNo": 433,
        "name": "Plot 433",
        "category": "saleable",
        "type": "DETACHED",
        "areaSqm": 200,
        "areaSqft": 2152.78,
        "owner": "ARNAVAZ S CHOWDHRY",
        "cornerArea": null,
        "status": "available"
      }
    },
    {
      "type": "Feature",
      "id": 434,
      "geometry": {
        "type": "Point",
        "coordinates": [
          73.46080860408112,
          19.64557390354107
        ]
      },
      "properties": {
        "plotNo": 434,
        "name": "Plot 434",
        "category": "saleable",
        "type": "DETACHED",
        "areaSqm": 200,
        "areaSqft": 2152.78,
        "owner": "ARNAVAZ S CHOWDHRY",
        "cornerArea": null,
        "status": "sold"
      }
    },
    {
      "type": "Feature",
      "id": 435,
      "geometry": {
        "type": "Point",
        "coordinates": [
          73.46116840863914,
          19.64528142603495
        ]
      },
      "properties": {
        "plotNo": 435,
        "name": "Plot 435",
        "category": "saleable",
        "type": "DETACHED",
        "areaSqm": 200,
        "areaSqft": 2152.78,
        "owner": "ARNAVAZ S CHOWDHRY",
        "cornerArea": null,
        "status": "available"
      }
    },
    {
      "type": "Feature",
      "id": 436,
      "geometry": {
        "type": "Point",
        "coordinates": [
          73.46142412052271,
          19.64546471540719
        ]
      },
      "properties": {
        "plotNo": 436,
        "name": "Plot 436",
        "category": "saleable",
        "type": "DETACHED",
        "areaSqm": 250,
        "areaSqft": 2690.97,
        "owner": "ARNAVAZ S CHOWDHRY",
        "cornerArea": null,
        "status": "reserved"
      }
    },
    {
      "type": "Feature",
      "id": 437,
      "geometry": {
        "type": "Point",
        "coordinates": [
          73.46121981716806,
          19.64558985158848
        ]
      },
      "properties": {
        "plotNo": 437,
        "name": "Plot 437",
        "category": "saleable",
        "type": "DETACHED",
        "areaSqm": 250,
        "areaSqft": 2690.97,
        "owner": "ARNAVAZ S CHOWDHRY",
        "cornerArea": null,
        "status": "available"
      }
    },
    {
      "type": "Feature",
      "id": 438,
      "geometry": {
        "type": "Point",
        "coordinates": [
          73.46101046216735,
          19.64573283739733
        ]
      },
      "properties": {
        "plotNo": 438,
        "name": "Plot 438",
        "category": "saleable",
        "type": "DETACHED",
        "areaSqm": 250,
        "areaSqft": 2690.97,
        "owner": "ARNAVAZ S CHOWDHRY",
        "cornerArea": null,
        "status": "sold"
      }
    },
    {
      "type": "Feature",
      "id": 439,
      "geometry": {
        "type": "Point",
        "coordinates": [
          73.461100892311,
          19.64581848738348
        ]
      },
      "properties": {
        "plotNo": 439,
        "name": "Plot 439",
        "category": "saleable",
        "type": "DETACHED",
        "areaSqm": 250,
        "areaSqft": 2690.97,
        "owner": "ARNAVAZ S CHOWDHRY",
        "cornerArea": null,
        "status": "available"
      }
    },
    {
      "type": "Feature",
      "id": 440,
      "geometry": {
        "type": "Point",
        "coordinates": [
          73.46132764034132,
          19.64599125215603
        ]
      },
      "properties": {
        "plotNo": 440,
        "name": "Plot 440",
        "category": "saleable",
        "type": "DETACHED",
        "areaSqm": 250,
        "areaSqft": 2690.97,
        "owner": "ARNAVAZ S CHOWDHRY",
        "cornerArea": null,
        "status": "available"
      }
    },
    {
      "type": "Feature",
      "id": 441,
      "geometry": {
        "type": "Point",
        "coordinates": [
          73.46146584489831,
          19.64590139840062
        ]
      },
      "properties": {
        "plotNo": 441,
        "name": "Plot 441",
        "category": "saleable",
        "type": "DETACHED",
        "areaSqm": 250,
        "areaSqft": 2690.97,
        "owner": "ARNAVAZ S CHOWDHRY",
        "cornerArea": null,
        "status": "sold"
      }
    },
    {
      "type": "Feature",
      "id": 442,
      "geometry": {
        "type": "Point",
        "coordinates": [
          73.46156321337386,
          19.64584212987106
        ]
      },
      "properties": {
        "plotNo": 442,
        "name": "Plot 442",
        "category": "saleable",
        "type": "DETACHED",
        "areaSqm": 250,
        "areaSqft": 2690.97,
        "owner": "ARNAVAZ S CHOWDHRY",
        "cornerArea": null,
        "status": "available"
      }
    },
    {
      "type": "Feature",
      "id": 443,
      "geometry": {
        "type": "Point",
        "coordinates": [
          73.46165632647477,
          19.64579597481259
        ]
      },
      "properties": {
        "plotNo": 443,
        "name": "Plot 443",
        "category": "saleable",
        "type": "DETACHED",
        "areaSqm": 250,
        "areaSqft": 2690.97,
        "owner": "ARNAVAZ S CHOWDHRY",
        "cornerArea": null,
        "status": "reserved"
      }
    },
    {
      "type": "Feature",
      "id": 444,
      "geometry": {
        "type": "Point",
        "coordinates": [
          73.46176716812529,
          19.64573671925458
        ]
      },
      "properties": {
        "plotNo": 444,
        "name": "Plot 444",
        "category": "saleable",
        "type": "DETACHED",
        "areaSqm": 250,
        "areaSqft": 2690.97,
        "owner": "ARNAVAZ S CHOWDHRY",
        "cornerArea": null,
        "status": "available"
      }
    },
    {
      "type": "Feature",
      "id": 445,
      "geometry": {
        "type": "Point",
        "coordinates": [
          73.4618928630933,
          19.64564204145411
        ]
      },
      "properties": {
        "plotNo": 445,
        "name": "Plot 445",
        "category": "saleable",
        "type": "DETACHED",
        "areaSqm": 250,
        "areaSqft": 2690.97,
        "owner": "ARNAVAZ S CHOWDHRY",
        "cornerArea": null,
        "status": "available"
      }
    },
    {
      "type": "Feature",
      "id": 446,
      "geometry": {
        "type": "Point",
        "coordinates": [
          73.46160578982573,
          19.64621778873653
        ]
      },
      "properties": {
        "plotNo": 446,
        "name": "Plot 446",
        "category": "saleable",
        "type": "DETACHED",
        "areaSqm": 285.47,
        "areaSqft": 3072.77,
        "owner": "PERCY S CHOWDHRY",
        "cornerArea": null,
        "status": "sold"
      }
    },
    {
      "type": "Feature",
      "id": 447,
      "geometry": {
        "type": "Point",
        "coordinates": [
          73.46171382192743,
          19.64617972124907
        ]
      },
      "properties": {
        "plotNo": 447,
        "name": "Plot 447",
        "category": "saleable",
        "type": "DETACHED",
        "areaSqm": 285.47,
        "areaSqft": 3072.77,
        "owner": "PERCY S CHOWDHRY",
        "cornerArea": null,
        "status": "available"
      }
    },
    {
      "type": "Feature",
      "id": 448,
      "geometry": {
        "type": "Point",
        "coordinates": [
          73.4618132309637,
          19.64613620299197
        ]
      },
      "properties": {
        "plotNo": 448,
        "name": "Plot 448",
        "category": "saleable",
        "type": "DETACHED",
        "areaSqm": 285.47,
        "areaSqft": 3072.77,
        "owner": "PERCY S CHOWDHRY",
        "cornerArea": null,
        "status": "reserved"
      }
    },
    {
      "type": "Feature",
      "id": 449,
      "geometry": {
        "type": "Point",
        "coordinates": [
          73.46192067440425,
          19.6460875838055
        ]
      },
      "properties": {
        "plotNo": 449,
        "name": "Plot 449",
        "category": "saleable",
        "type": "DETACHED",
        "areaSqm": 285.47,
        "areaSqft": 3072.77,
        "owner": "PERCY S CHOWDHRY",
        "cornerArea": null,
        "status": "available"
      }
    },
    {
      "type": "Feature",
      "id": 451,
      "geometry": {
        "type": "Point",
        "coordinates": [
          73.46212122145289,
          19.64599556288373
        ]
      },
      "properties": {
        "plotNo": 451,
        "name": "Plot 451",
        "category": "saleable",
        "type": "DETACHED",
        "areaSqm": 285.47,
        "areaSqft": 3072.77,
        "owner": "PERCY S CHOWDHRY",
        "cornerArea": null,
        "status": "available"
      }
    },
    {
      "type": "Feature",
      "id": 452,
      "geometry": {
        "type": "Point",
        "coordinates": [
          73.46222972658231,
          19.64594628622936
        ]
      },
      "properties": {
        "plotNo": 452,
        "name": "Plot 452",
        "category": "saleable",
        "type": "DETACHED",
        "areaSqm": 285.47,
        "areaSqft": 3072.77,
        "owner": "PERCY S CHOWDHRY",
        "cornerArea": null,
        "status": "sold"
      }
    },
    {
      "type": "Feature",
      "id": 453,
      "geometry": {
        "type": "Point",
        "coordinates": [
          73.46232788342502,
          19.64590113281973
        ]
      },
      "properties": {
        "plotNo": 453,
        "name": "Plot 453",
        "category": "saleable",
        "type": "DETACHED",
        "areaSqm": 285.47,
        "areaSqft": 3072.77,
        "owner": "PERCY S CHOWDHRY",
        "cornerArea": null,
        "status": "available"
      }
    },
    {
      "type": "Feature",
      "id": 454,
      "geometry": {
        "type": "Point",
        "coordinates": [
          73.46242309331117,
          19.64583025866624
        ]
      },
      "properties": {
        "plotNo": 454,
        "name": "Plot 454",
        "category": "saleable",
        "type": "DETACHED",
        "areaSqm": 285.47,
        "areaSqft": 3072.77,
        "owner": "PERCY S CHOWDHRY",
        "cornerArea": null,
        "status": "reserved"
      }
    },
    {
      "type": "Feature",
      "id": 455,
      "geometry": {
        "type": "Point",
        "coordinates": [
          73.46249388946525,
          19.64576798125042
        ]
      },
      "properties": {
        "plotNo": 455,
        "name": "Plot 455",
        "category": "saleable",
        "type": "DETACHED",
        "areaSqm": 285.47,
        "areaSqft": 3072.77,
        "owner": "PERCY S CHOWDHRY",
        "cornerArea": null,
        "status": "available"
      }
    },
    {
      "type": "Feature",
      "id": 456,
      "geometry": {
        "type": "Point",
        "coordinates": [
          73.46258625546463,
          19.64570301707223
        ]
      },
      "properties": {
        "plotNo": 456,
        "name": "Plot 456",
        "category": "saleable",
        "type": "DETACHED",
        "areaSqm": 285.47,
        "areaSqft": 3072.77,
        "owner": "ARNAVAZ S CHOWDHRY",
        "cornerArea": null,
        "status": "sold"
      }
    },
    {
      "type": "Feature",
      "id": 457,
      "geometry": {
        "type": "Point",
        "coordinates": [
          73.4627065965287,
          19.64565056949604
        ]
      },
      "properties": {
        "plotNo": 457,
        "name": "Plot 457",
        "category": "saleable",
        "type": "DETACHED",
        "areaSqm": 285.47,
        "areaSqft": 3072.77,
        "owner": "ARNAVAZ S CHOWDHRY",
        "cornerArea": null,
        "status": "available"
      }
    },
    {
      "type": "Feature",
      "id": 458,
      "geometry": {
        "type": "Point",
        "coordinates": [
          73.4627944097552,
          19.64559668340896
        ]
      },
      "properties": {
        "plotNo": 458,
        "name": "Plot 458",
        "category": "saleable",
        "type": "DETACHED",
        "areaSqm": 285.47,
        "areaSqft": 3072.77,
        "owner": "ARNAVAZ S CHOWDHRY",
        "cornerArea": null,
        "status": "available"
      }
    },
    {
      "type": "Feature",
      "id": 459,
      "geometry": {
        "type": "Point",
        "coordinates": [
          73.46303427993583,
          19.64549341131044
        ]
      },
      "properties": {
        "plotNo": 459,
        "name": "Plot 459",
        "category": "saleable",
        "type": "DETACHED",
        "areaSqm": 285.47,
        "areaSqft": 3072.77,
        "owner": "ARNAVAZ S CHOWDHRY",
        "cornerArea": null,
        "status": "sold"
      }
    },
    {
      "type": "Feature",
      "id": 460,
      "geometry": {
        "type": "Point",
        "coordinates": [
          73.4631132740781,
          19.64540475328317
        ]
      },
      "properties": {
        "plotNo": 460,
        "name": "Plot 460",
        "category": "saleable",
        "type": "DETACHED",
        "areaSqm": 285.47,
        "areaSqft": 3072.77,
        "owner": "ARNAVAZ S CHOWDHRY",
        "cornerArea": null,
        "status": "available"
      }
    },
    {
      "type": "Feature",
      "id": 461,
      "geometry": {
        "type": "Point",
        "coordinates": [
          73.46324229675815,
          19.64538219596258
        ]
      },
      "properties": {
        "plotNo": 461,
        "name": "Plot 461",
        "category": "saleable",
        "type": "DETACHED",
        "areaSqm": 285.47,
        "areaSqft": 3072.77,
        "owner": "ARNAVAZ S CHOWDHRY",
        "cornerArea": null,
        "status": "reserved"
      }
    },
    {
      "type": "Feature",
      "id": 462,
      "geometry": {
        "type": "Point",
        "coordinates": [
          73.4633571714594,
          19.64536352231762
        ]
      },
      "properties": {
        "plotNo": 462,
        "name": "Plot 462",
        "category": "saleable",
        "type": "DETACHED",
        "areaSqm": 285.47,
        "areaSqft": 3072.77,
        "owner": "ARNAVAZ S CHOWDHRY",
        "cornerArea": null,
        "status": "available"
      }
    },
    {
      "type": "Feature",
      "id": 463,
      "geometry": {
        "type": "Point",
        "coordinates": [
          73.46189770920012,
          19.64635521077441
        ]
      },
      "properties": {
        "plotNo": 463,
        "name": "Plot 463",
        "category": "saleable",
        "type": "DETACHED",
        "areaSqm": 285.47,
        "areaSqft": 3072.77,
        "owner": "ARNAVAZ S CHOWDHRY",
        "cornerArea": null,
        "status": "available"
      }
    },
    {
      "type": "Feature",
      "id": 464,
      "geometry": {
        "type": "Point",
        "coordinates": [
          73.4621027210944,
          19.64628323149415
        ]
      },
      "properties": {
        "plotNo": 464,
        "name": "Plot 464",
        "category": "saleable",
        "type": "DETACHED",
        "areaSqm": 285.47,
        "areaSqft": 3072.77,
        "owner": "ARNAVAZ S CHOWDHRY",
        "cornerArea": null,
        "status": "sold"
      }
    },
    {
      "type": "Feature",
      "id": 465,
      "geometry": {
        "type": "Point",
        "coordinates": [
          73.46223555314546,
          19.64623327489405
        ]
      },
      "properties": {
        "plotNo": 465,
        "name": "Plot 465",
        "category": "saleable",
        "type": "DETACHED",
        "areaSqm": 285.47,
        "areaSqft": 3072.77,
        "owner": "ARNAVAZ S CHOWDHRY",
        "cornerArea": null,
        "status": "available"
      }
    },
    {
      "type": "Feature",
      "id": 466,
      "geometry": {
        "type": "Point",
        "coordinates": [
          73.46234103656785,
          19.64619415687995
        ]
      },
      "properties": {
        "plotNo": 466,
        "name": "Plot 466",
        "category": "saleable",
        "type": "DETACHED",
        "areaSqm": 285.47,
        "areaSqft": 3072.77,
        "owner": "ARNAVAZ S CHOWDHRY",
        "cornerArea": null,
        "status": "reserved"
      }
    },
    {
      "type": "Feature",
      "id": 467,
      "geometry": {
        "type": "Point",
        "coordinates": [
          73.46245929876315,
          19.64615210933532
        ]
      },
      "properties": {
        "plotNo": 467,
        "name": "Plot 467",
        "category": "saleable",
        "type": "DETACHED",
        "areaSqm": 285.47,
        "areaSqft": 3072.77,
        "owner": "ARNAVAZ S CHOWDHRY",
        "cornerArea": null,
        "status": "available"
      }
    },
    {
      "type": "Feature",
      "id": 468,
      "geometry": {
        "type": "Point",
        "coordinates": [
          73.46257271606837,
          19.64609984680092
        ]
      },
      "properties": {
        "plotNo": 468,
        "name": "Plot 468",
        "category": "saleable",
        "type": "DETACHED",
        "areaSqm": 285.47,
        "areaSqft": 3072.77,
        "owner": "ARNAVAZ S CHOWDHRY",
        "cornerArea": null,
        "status": "available"
      }
    },
    {
      "type": "Feature",
      "id": 469,
      "geometry": {
        "type": "Point",
        "coordinates": [
          73.46267312988374,
          19.64605512191822
        ]
      },
      "properties": {
        "plotNo": 469,
        "name": "Plot 469",
        "category": "saleable",
        "type": "DETACHED",
        "areaSqm": 285.47,
        "areaSqft": 3072.77,
        "owner": "ARNAVAZ S CHOWDHRY",
        "cornerArea": null,
        "status": "available"
      }
    },
    {
      "type": "Feature",
      "id": 470,
      "geometry": {
        "type": "Point",
        "coordinates": [
          73.462772928057,
          19.64600296297709
        ]
      },
      "properties": {
        "plotNo": 470,
        "name": "Plot 470",
        "category": "saleable",
        "type": "DETACHED",
        "areaSqm": 285.47,
        "areaSqft": 3072.77,
        "owner": "ARNAVAZ S CHOWDHRY",
        "cornerArea": null,
        "status": "sold"
      }
    },
    {
      "type": "Feature",
      "id": 471,
      "geometry": {
        "type": "Point",
        "coordinates": [
          73.46286675268857,
          19.6459433373935
        ]
      },
      "properties": {
        "plotNo": 471,
        "name": "Plot 471",
        "category": "saleable",
        "type": "DETACHED",
        "areaSqm": 285.47,
        "areaSqft": 3072.77,
        "owner": "ARNAVAZ S CHOWDHRY",
        "cornerArea": null,
        "status": "available"
      }
    },
    {
      "type": "Feature",
      "id": 472,
      "geometry": {
        "type": "Point",
        "coordinates": [
          73.4629733542997,
          19.6458946338583
        ]
      },
      "properties": {
        "plotNo": 472,
        "name": "Plot 472",
        "category": "saleable",
        "type": "DETACHED",
        "areaSqm": 285.47,
        "areaSqft": 3072.77,
        "owner": "ARNAVAZ S CHOWDHRY",
        "cornerArea": null,
        "status": "reserved"
      }
    },
    {
      "type": "Feature",
      "id": 473,
      "geometry": {
        "type": "Point",
        "coordinates": [
          73.46319328693231,
          19.64579285866933
        ]
      },
      "properties": {
        "plotNo": 473,
        "name": "Plot 473",
        "category": "saleable",
        "type": "DETACHED",
        "areaSqm": 285.47,
        "areaSqft": 3072.77,
        "owner": "ARNAVAZ S CHOWDHRY",
        "cornerArea": null,
        "status": "available"
      }
    },
    {
      "type": "Feature",
      "id": 474,
      "geometry": {
        "type": "Point",
        "coordinates": [
          73.46328538557363,
          19.64574270782616
        ]
      },
      "properties": {
        "plotNo": 474,
        "name": "Plot 474",
        "category": "saleable",
        "type": "DETACHED",
        "areaSqm": 285.47,
        "areaSqft": 3072.77,
        "owner": "ARNAVAZ S CHOWDHRY",
        "cornerArea": null,
        "status": "sold"
      }
    },
    {
      "type": "Feature",
      "id": 475,
      "geometry": {
        "type": "Point",
        "coordinates": [
          73.46340120877333,
          19.64567857333745
        ]
      },
      "properties": {
        "plotNo": 475,
        "name": "Plot 475",
        "category": "saleable",
        "type": "DETACHED",
        "areaSqm": 285.47,
        "areaSqft": 3072.77,
        "owner": "ARNAVAZ S CHOWDHRY",
        "cornerArea": null,
        "status": "available"
      }
    },
    {
      "type": "Feature",
      "id": 476,
      "geometry": {
        "type": "Point",
        "coordinates": [
          73.4635231324965,
          19.64568224697786
        ]
      },
      "properties": {
        "plotNo": 476,
        "name": "Plot 476",
        "category": "saleable",
        "type": "DETACHED",
        "areaSqm": 192.54,
        "areaSqft": 2072.48,
        "owner": "ARNAVAZ S CHOWDHRY",
        "cornerArea": null,
        "status": "available"
      }
    },
    {
      "type": "Feature",
      "id": 477,
      "geometry": {
        "type": "Point",
        "coordinates": [
          73.46365315576797,
          19.6456623881126
        ]
      },
      "properties": {
        "plotNo": 477,
        "name": "Plot 477",
        "category": "saleable",
        "type": "DETACHED",
        "areaSqm": 192.54,
        "areaSqft": 2072.48,
        "owner": "ARNAVAZ S CHOWDHRY",
        "cornerArea": null,
        "status": "sold"
      }
    },
    {
      "type": "Feature",
      "id": 478,
      "geometry": {
        "type": "Point",
        "coordinates": [
          73.46376119794154,
          19.64565000044529
        ]
      },
      "properties": {
        "plotNo": 478,
        "name": "Plot 478",
        "category": "saleable",
        "type": "DETACHED",
        "areaSqm": 192.54,
        "areaSqft": 2072.48,
        "owner": "ARNAVAZ S CHOWDHRY",
        "cornerArea": null,
        "status": "available"
      }
    },
    {
      "type": "Feature",
      "id": 479,
      "geometry": {
        "type": "Point",
        "coordinates": [
          73.46387636630737,
          19.6456437226108
        ]
      },
      "properties": {
        "plotNo": 479,
        "name": "Plot 479",
        "category": "saleable",
        "type": "DETACHED",
        "areaSqm": 265.2,
        "areaSqft": 2854.59,
        "owner": "ARNAVAZ S CHOWDHRY",
        "cornerArea": null,
        "status": "reserved"
      }
    },
    {
      "type": "Feature",
      "id": 480,
      "geometry": {
        "type": "Point",
        "coordinates": [
          73.4639985830634,
          19.64563897725817
        ]
      },
      "properties": {
        "plotNo": 480,
        "name": "Plot 480",
        "category": "saleable",
        "type": "DETACHED",
        "areaSqm": 265.2,
        "areaSqft": 2854.59,
        "owner": "ARNAVAZ S CHOWDHRY",
        "cornerArea": null,
        "status": "available"
      }
    },
    {
      "type": "Feature",
      "id": 481,
      "geometry": {
        "type": "Point",
        "coordinates": [
          73.46411027979926,
          19.64563172562926
        ]
      },
      "properties": {
        "plotNo": 481,
        "name": "Plot 481",
        "category": "saleable",
        "type": "DETACHED",
        "areaSqm": 265.2,
        "areaSqft": 2854.59,
        "owner": "ARNAVAZ S CHOWDHRY",
        "cornerArea": null,
        "status": "available"
      }
    },
    {
      "type": "Feature",
      "id": 482,
      "geometry": {
        "type": "Point",
        "coordinates": [
          73.46422569140314,
          19.64561702852475
        ]
      },
      "properties": {
        "plotNo": 482,
        "name": "Plot 482",
        "category": "saleable",
        "type": "DETACHED",
        "areaSqm": 0,
        "areaSqft": 0,
        "owner": null,
        "cornerArea": null,
        "status": "sold"
      }
    },
    {
      "type": "Feature",
      "id": 483,
      "geometry": {
        "type": "Point",
        "coordinates": [
          73.46433837754982,
          19.64560130084166
        ]
      },
      "properties": {
        "plotNo": 483,
        "name": "Plot 483",
        "category": "saleable",
        "type": "DETACHED",
        "areaSqm": 0,
        "areaSqft": 0,
        "owner": null,
        "cornerArea": null,
        "status": "available"
      }
    },
    {
      "type": "Feature",
      "id": 484,
      "geometry": {
        "type": "Point",
        "coordinates": [
          73.46461931772484,
          19.64555419155262
        ]
      },
      "properties": {
        "plotNo": 484,
        "name": "Plot 484",
        "category": "park",
        "type": "DETACHED",
        "areaSqm": 0,
        "areaSqft": 0,
        "owner": null,
        "cornerArea": null,
        "status": "reserved"
      }
    },
    {
      "type": "Feature",
      "id": 485,
      "geometry": {
        "type": "Point",
        "coordinates": [
          73.46480869108345,
          19.64550067880977
        ]
      },
      "properties": {
        "plotNo": 485,
        "name": "Plot 485",
        "category": "saleable",
        "type": "DETACHED",
        "areaSqm": 0,
        "areaSqft": 0,
        "owner": null,
        "cornerArea": null,
        "status": "available"
      }
    },
    {
      "type": "Feature",
      "id": 486,
      "geometry": {
        "type": "Point",
        "coordinates": [
          73.46498850970723,
          19.64546424587855
        ]
      },
      "properties": {
        "plotNo": 486,
        "name": "Plot 486",
        "category": "saleable",
        "type": "DETACHED",
        "areaSqm": 0,
        "areaSqft": 0,
        "owner": null,
        "cornerArea": null,
        "status": "available"
      }
    },
    {
      "type": "Feature",
      "id": 487,
      "geometry": {
        "type": "Point",
        "coordinates": [
          73.46516834721642,
          19.64539078834598
        ]
      },
      "properties": {
        "plotNo": 487,
        "name": "Plot 487",
        "category": "saleable",
        "type": "DETACHED",
        "areaSqm": 0,
        "areaSqft": 0,
        "owner": null,
        "cornerArea": null,
        "status": "available"
      }
    },
    {
      "type": "Feature",
      "id": 488,
      "geometry": {
        "type": "Point",
        "coordinates": [
          73.46536082717535,
          19.64534078698498
        ]
      },
      "properties": {
        "plotNo": 488,
        "name": "Plot 488",
        "category": "saleable",
        "type": "DETACHED",
        "areaSqm": 0,
        "areaSqft": 0,
        "owner": null,
        "cornerArea": null,
        "status": "sold"
      }
    },
    {
      "type": "Feature",
      "id": 489,
      "geometry": {
        "type": "Point",
        "coordinates": [
          73.46560589297167,
          19.64527612321914
        ]
      },
      "properties": {
        "plotNo": 489,
        "name": "Plot 489",
        "category": "saleable",
        "type": "DETACHED",
        "areaSqm": 0,
        "areaSqft": 0,
        "owner": null,
        "cornerArea": null,
        "status": "available"
      }
    }
  ]
}