<?xml version="1.0" encoding="UTF-8"?>
<kml xmlns="http://www.opengis.net/kml/2.2" xmlns:gx="http://www.google.com/kml/ext/2.2" xmlns:kml="http://www.opengis.net/kml/2.2" xmlns:atom="http://www.w3.org/2005/Atom">
<Document>
	<name>My Places-2.kmz</name>
	<StyleMap id="m_ylw-pushpin">
		<Pair>
			<key>normal</key>
			<styleUrl>#s_ylw-pushpin</styleUrl>
		</Pair>
		<Pair>
			<key>highlight</key>
			<styleUrl>#s_ylw-pushpin_hl</styleUrl>
		</Pair>
	</StyleMap>
	<StyleMap id="msn_wht-blank">
		<Pair>
			<key>normal</key>
			<styleUrl>#sn_wht-blank</styleUrl>
		</Pair>
		<Pair>
			<key>highlight</key>
			<styleUrl>#sh_wht-blank</styleUrl>
		</Pair>
	</StyleMap>
	<Style id="s_ylw-pushpin">
		<IconStyle>
			<scale>0.8</scale>
			<Icon>
				<href>http://maps.google.com/mapfiles/kml/paddle/wht-diamond.png</href>
			</Icon>
			<hotSpot x="32" y="1" xunits="pixels" yunits="pixels"/>
		</IconStyle>
		<ListStyle>
			<ItemIcon>
				<href>http://maps.google.com/mapfiles/kml/paddle/wht-diamond-lv.png</href>
			</ItemIcon>
		</ListStyle>
	</Style>
	<Style id="s_ylw-pushpin_hl">
		<IconStyle>
			<scale>0.945455</scale>
			<Icon>
				<href>http://maps.google.com/mapfiles/kml/paddle/wht-diamond.png</href>
			</Icon>
			<hotSpot x="32" y="1" xunits="pixels" yunits="pixels"/>
		</IconStyle>
		<ListStyle>
			<ItemIcon>
				<href>http://maps.google.com/mapfiles/kml/paddle/wht-diamond-lv.png</href>
			</ItemIcon>
		</ListStyle>
	</Style>
	<Style id="sh_wht-blank">
		<IconStyle>
			<color>ff00ffff</color>
			<scale>0.945455</scale>
			<Icon>
				<href>http://maps.google.com/mapfiles/kml/paddle/wht-blank.png</href>
			</Icon>
			<hotSpot x="32" y="1" xunits="pixels" yunits="pixels"/>
		</IconStyle>
		<ListStyle>
			<ItemIcon>
				<href>http://maps.google.com/mapfiles/kml/paddle/wht-blank-lv.png</href>
			</ItemIcon>
		</ListStyle>
	</Style>
	<Style id="sn_wht-blank">
		<IconStyle>
			<color>ff00ffff</color>
			<scale>0.8</scale>
			<Icon>
				<href>http://maps.google.com/mapfiles/kml/paddle/wht-blank.png</href>
			</Icon>
			<hotSpot x="32" y="1" xunits="pixels" yunits="pixels"/>
		</IconStyle>
		<ListStyle>
			<ItemIcon>
				<href>http://maps.google.com/mapfiles/kml/paddle/wht-blank-lv.png</href>
			</ItemIcon>
		</ListStyle>
	</Style>
	<Folder>
		<name>My Places</name>
		<open>1</open>
		<Style>
			<ListStyle>
				<listItemType>check</listItemType>
				<ItemIcon>
					<state>open</state>
					<href>files/mysavedplaces_open.png</href>
				</ItemIcon>
				<ItemIcon>
					<state>closed</state>
					<href>files/mysavedplaces_closed.png</href>
				</ItemIcon>
				<bgColor>00ffffff</bgColor>
				<maxSnippetLines>2</maxSnippetLines>
			</ListStyle>
		</Style>
		<GroundOverlay>
			<name>Site Plan</name>
			<visibility>0</visibility>
			<color>8fffffff</color>
			<Icon>
				<href>files/Kasara masterplan jpg.jpg</href>
				<viewBoundScale>0.75</viewBoundScale>
			</Icon>
			<LatLonBox>
				<north>19.64731874210565</north>
				<south>19.63944695770992</south>
				<east>73.46800763044476</east>
				<west>73.45521779628152</west>
				<rotation>47.33674240112304</rotation>
			</LatLonBox>
		</GroundOverlay>
		<GroundOverlay>
			<name>Untitled Image Overlay</name>
			<Icon>
				<href>files/Layer 1.png</href>
				<viewBoundScale>0.75</viewBoundScale>
			</Icon>
			<LatLonBox>
				<north>19.64687878918523</north>
				<south>19.63905978772486</south>
				<east>73.46769628506151</east>
				<west>73.45508522534966</west>
				<rotation>47.94295501708985</rotation>
			</LatLonBox>
		</GroundOverlay>
		<Folder>
			<name>Key Plan Legend</name>
			<Placemark>
				<name>Site office</name>
				<LookAt>
					<longitude>73.45941546403202</longitude>
					<latitude>19.64242046052154</latitude>
					<altitude>0</altitude>
					<heading>11.39597209039018</heading>
					<tilt>0</tilt>
					<range>1381.866592638047</range>
					<gx:altitudeMode>relativeToSeaFloor</gx:altitudeMode>
				</LookAt>
				<styleUrl>#m_ylw-pushpin</styleUrl>
				<Point>
					<gx:drawOrder>1</gx:drawOrder>
					<coordinates>73.457757578545,19.63922763428272,0</coordinates>
				</Point>
			</Placemark>
			<Placemark>
				<name>2</name>
				<LookAt>
					<longitude>73.4595509392033</longitude>
					<latitude>19.64268362544051</latitude>
					<altitude>0</altitude>
					<heading>11.39601763024669</heading>
					<tilt>0</tilt>
					<range>1383.430488451731</range>
					<gx:altitudeMode>relativeToSeaFloor</gx:altitudeMode>
				</LookAt>
				<styleUrl>#m_ylw-pushpin</styleUrl>
				<Point>
					<gx:drawOrder>1</gx:drawOrder>
					<coordinates>73.45800456588971,19.63967518460811,0</coordinates>
				</Point>
			</Placemark>
			<Placemark>
				<name>3</name>
				<LookAt>
					<longitude>73.45978332522795</longitude>
					<latitude>19.64279801785444</latitude>
					<altitude>0</altitude>
					<heading>11.39609574586645</heading>
					<tilt>0</tilt>
					<range>1381.837660199139</range>
					<gx:altitudeMode>relativeToSeaFloor</gx:altitudeMode>
				</LookAt>
				<styleUrl>#m_ylw-pushpin</styleUrl>
				<Point>
					<gx:drawOrder>1</gx:drawOrder>
					<coordinates>73.4604721936749,19.64065200986612,0</coordinates>
				</Point>
			</Placemark>
			<Placemark>
				<name>4</name>
				<LookAt>
					<longitude>73.45978332522795</longitude>
					<latitude>19.64279801785444</latitude>
					<altitude>0</altitude>
					<heading>11.39609574586645</heading>
					<tilt>0</tilt>
					<range>1381.837660199139</range>
					<gx:altitudeMode>relativeToSeaFloor</gx:altitudeMode>
				</LookAt>
				<styleUrl>#m_ylw-pushpin</styleUrl>
				<Point>
					<gx:drawOrder>1</gx:drawOrder>
					<coordinates>73.46095023248797,19.64099331929861,0</coordinates>
				</Point>
			</Placemark>
			<Placemark>
				<name>5</name>
				<LookAt>
					<longitude>73.45978332522795</longitude>
					<latitude>19.64279801785444</latitude>
					<altitude>0</altitude>
					<heading>11.39609574586645</heading>
					<tilt>0</tilt>
					<range>1381.837660199139</range>
					<gx:altitudeMode>relativeToSeaFloor</gx:altitudeMode>
				</LookAt>
				<styleUrl>#m_ylw-pushpin</styleUrl>
				<Point>
					<gx:drawOrder>1</gx:drawOrder>
					<coordinates>73.46156461657233,19.64116167891737,0</coordinates>
				</Point>
			</Placemark>
			<Placemark>
				<name>5</name>
				<LookAt>
					<longitude>73.4605635665763</longitude>
					<latitude>19.64197450422724</latitude>
					<altitude>0</altitude>
					<heading>11.39635802131408</heading>
					<tilt>0</tilt>
					<range>1354.16346181225</range>
					<gx:altitudeMode>relativeToSeaFloor</gx:altitudeMode>
				</LookAt>
				<styleUrl>#m_ylw-pushpin</styleUrl>
				<Point>
					<gx:drawOrder>1</gx:drawOrder>
					<coordinates>73.46112310146357,19.64066370169008,0</coordinates>
				</Point>
			</Placemark>
			<Placemark>
				<name>6</name>
				<LookAt>
					<longitude>73.46055276015085</longitude>
					<latitude>19.64205685044437</latitude>
					<altitude>0</altitude>
					<heading>11.39635438773539</heading>
					<tilt>0</tilt>
					<range>1356.64744576052</range>
					<gx:altitudeMode>relativeToSeaFloor</gx:altitudeMode>
				</LookAt>
				<styleUrl>#m_ylw-pushpin</styleUrl>
				<Point>
					<gx:drawOrder>1</gx:drawOrder>
					<coordinates>73.46594407579917,19.64275129054257,0</coordinates>
				</Point>
			</Placemark>
			<Placemark>
				<name>7</name>
				<LookAt>
					<longitude>73.46295848879657</longitude>
					<latitude>19.642964368985</latitude>
					<altitude>0</altitude>
					<heading>11.39716301617827</heading>
					<tilt>0</tilt>
					<range>1340.748798929898</range>
					<gx:altitudeMode>relativeToSeaFloor</gx:altitudeMode>
				</LookAt>
				<styleUrl>#m_ylw-pushpin</styleUrl>
				<Point>
					<gx:drawOrder>1</gx:drawOrder>
					<coordinates>73.46536960713981,19.64204267517904,0</coordinates>
				</Point>
			</Placemark>
			<Placemark>
				<name>8</name>
				<LookAt>
					<longitude>73.46295848879657</longitude>
					<latitude>19.642964368985</latitude>
					<altitude>0</altitude>
					<heading>11.39716301617827</heading>
					<tilt>0</tilt>
					<range>1340.748798929898</range>
					<gx:altitudeMode>relativeToSeaFloor</gx:altitudeMode>
				</LookAt>
				<styleUrl>#m_ylw-pushpin</styleUrl>
				<Point>
					<gx:drawOrder>1</gx:drawOrder>
					<coordinates>73.46535610238065,19.64364210689407,0</coordinates>
				</Point>
			</Placemark>
			<Placemark>
				<name>9</name>
				<LookAt>
					<longitude>73.46295848879657</longitude>
					<latitude>19.642964368985</latitude>
					<altitude>0</altitude>
					<heading>11.39716301617827</heading>
					<tilt>0</tilt>
					<range>1340.748798929898</range>
					<gx:altitudeMode>relativeToSeaFloor</gx:altitudeMode>
				</LookAt>
				<styleUrl>#m_ylw-pushpin</styleUrl>
				<Point>
					<gx:drawOrder>1</gx:drawOrder>
					<coordinates>73.46479580865052,19.64289726342093,0</coordinates>
				</Point>
			</Placemark>
			<Placemark>
				<name>10</name>
				<LookAt>
					<longitude>73.46295848879657</longitude>
					<latitude>19.642964368985</latitude>
					<altitude>0</altitude>
					<heading>11.39716301617827</heading>
					<tilt>0</tilt>
					<range>1340.748798929898</range>
					<gx:altitudeMode>relativeToSeaFloor</gx:altitudeMode>
				</LookAt>
				<styleUrl>#m_ylw-pushpin</styleUrl>
				<Point>
					<gx:drawOrder>1</gx:drawOrder>
					<coordinates>73.46404553202515,19.64369403724107,0</coordinates>
				</Point>
			</Placemark>
			<Placemark>
				<name>11</name>
				<LookAt>
					<longitude>73.46295848879657</longitude>
					<latitude>19.642964368985</latitude>
					<altitude>0</altitude>
					<heading>11.39716301617827</heading>
					<tilt>0</tilt>
					<range>1340.748798929898</range>
					<gx:altitudeMode>relativeToSeaFloor</gx:altitudeMode>
				</LookAt>
				<styleUrl>#m_ylw-pushpin</styleUrl>
				<Point>
					<gx:drawOrder>1</gx:drawOrder>
					<coordinates>73.4650056538101,19.64410413220285,0</coordinates>
				</Point>
			</Placemark>
			<Placemark>
				<name>12</name>
				<LookAt>
					<longitude>73.46294443142993</longitude>
					<latitude>19.6433916721697</latitude>
					<altitude>0</altitude>
					<heading>11.39715828826299</heading>
					<tilt>0</tilt>
					<range>1348.677701235846</range>
					<gx:altitudeMode>relativeToSeaFloor</gx:altitudeMode>
				</LookAt>
				<styleUrl>#m_ylw-pushpin</styleUrl>
				<Point>
					<gx:drawOrder>1</gx:drawOrder>
					<coordinates>73.46590135512716,19.64466518420804,0</coordinates>
				</Point>
			</Placemark>
			<Placemark>
				<name>13</name>
				<LookAt>
					<longitude>73.46294443142993</longitude>
					<latitude>19.6433916721697</latitude>
					<altitude>0</altitude>
					<heading>11.39715828826299</heading>
					<tilt>0</tilt>
					<range>1348.677701235846</range>
					<gx:altitudeMode>relativeToSeaFloor</gx:altitudeMode>
				</LookAt>
				<styleUrl>#m_ylw-pushpin</styleUrl>
				<Point>
					<gx:drawOrder>1</gx:drawOrder>
					<coordinates>73.46391153531209,19.64312317843765,0</coordinates>
				</Point>
			</Placemark>
			<Placemark>
				<name>14</name>
				<LookAt>
					<longitude>73.46294443142993</longitude>
					<latitude>19.6433916721697</latitude>
					<altitude>0</altitude>
					<heading>11.39715828826299</heading>
					<tilt>0</tilt>
					<range>1348.677701235846</range>
					<gx:altitudeMode>relativeToSeaFloor</gx:altitudeMode>
				</LookAt>
				<styleUrl>#m_ylw-pushpin</styleUrl>
				<Point>
					<gx:drawOrder>1</gx:drawOrder>
					<coordinates>73.46314752120263,19.64273869105614,0</coordinates>
				</Point>
			</Placemark>
			<Placemark>
				<name>15</name>
				<LookAt>
					<longitude>73.46160495607606</longitude>
					<latitude>19.6416832885386</latitude>
					<altitude>0</altitude>
					<heading>11.39670798801188</heading>
					<tilt>0</tilt>
					<range>1340.948658578926</range>
					<gx:altitudeMode>relativeToSeaFloor</gx:altitudeMode>
				</LookAt>
				<styleUrl>#m_ylw-pushpin</styleUrl>
				<Point>
					<gx:drawOrder>1</gx:drawOrder>
					<coordinates>73.4581122741797,19.64230423502336,0</coordinates>
				</Point>
			</Placemark>
			<Placemark>
				<name>16</name>
				<LookAt>
					<longitude>73.46160495607606</longitude>
					<latitude>19.6416832885386</latitude>
					<altitude>0</altitude>
					<heading>11.39670798801188</heading>
					<tilt>0</tilt>
					<range>1340.948658578926</range>
					<gx:altitudeMode>relativeToSeaFloor</gx:altitudeMode>
				</LookAt>
				<styleUrl>#m_ylw-pushpin</styleUrl>
				<Point>
					<gx:drawOrder>1</gx:drawOrder>
					<coordinates>73.45943059241159,19.6430161374447,0</coordinates>
				</Point>
			</Placemark>
			<Placemark>
				<name>17</name>
				<LookAt>
					<longitude>73.46034627816722</longitude>
					<latitude>19.64297120871791</latitude>
					<altitude>0</altitude>
					<heading>11.39630897711782</heading>
					<tilt>18.41179638787458</tilt>
					<range>843.1920073252383</range>
					<gx:altitudeMode>relativeToSeaFloor</gx:altitudeMode>
				</LookAt>
				<styleUrl>#m_ylw-pushpin</styleUrl>
				<Point>
					<gx:drawOrder>1</gx:drawOrder>
					<coordinates>73.46126142225964,19.64339089431082,0</coordinates>
				</Point>
			</Placemark>
			<Placemark>
				<name>18</name>
				<LookAt>
					<longitude>73.46034627816722</longitude>
					<latitude>19.64297120871791</latitude>
					<altitude>0</altitude>
					<heading>11.39630897711782</heading>
					<tilt>18.41179638787458</tilt>
					<range>843.1920073252383</range>
					<gx:altitudeMode>relativeToSeaFloor</gx:altitudeMode>
				</LookAt>
				<styleUrl>#m_ylw-pushpin</styleUrl>
				<Point>
					<gx:drawOrder>1</gx:drawOrder>
					<coordinates>73.46172138548307,19.64264537157646,0</coordinates>
				</Point>
			</Placemark>
			<Placemark>
				<name>19</name>
				<LookAt>
					<longitude>73.46034627816722</longitude>
					<latitude>19.64297120871791</latitude>
					<altitude>0</altitude>
					<heading>11.39630897711782</heading>
					<tilt>18.41179638787458</tilt>
					<range>843.1920073252383</range>
					<gx:altitudeMode>relativeToSeaFloor</gx:altitudeMode>
				</LookAt>
				<styleUrl>#m_ylw-pushpin</styleUrl>
				<Point>
					<gx:drawOrder>1</gx:drawOrder>
					<coordinates>73.46269265367116,19.64365379701388,0</coordinates>
				</Point>
			</Placemark>
			<Placemark>
				<name>20</name>
				<LookAt>
					<longitude>73.46034627816722</longitude>
					<latitude>19.64297120871791</latitude>
					<altitude>0</altitude>
					<heading>11.39630897711782</heading>
					<tilt>18.41179638787458</tilt>
					<range>843.1920073252383</range>
					<gx:altitudeMode>relativeToSeaFloor</gx:altitudeMode>
				</LookAt>
				<styleUrl>#m_ylw-pushpin</styleUrl>
				<Point>
					<gx:drawOrder>1</gx:drawOrder>
					<coordinates>73.46145505599587,19.64314110147381,0</coordinates>
				</Point>
			</Placemark>
			<Placemark>
				<name>21</name>
				<LookAt>
					<longitude>73.45972681448247</longitude>
					<latitude>19.64497765247947</latitude>
					<altitude>0</altitude>
					<heading>11.39610071241004</heading>
					<tilt>18.41184143472292</tilt>
					<range>859.0695613556909</range>
					<gx:altitudeMode>relativeToSeaFloor</gx:altitudeMode>
				</LookAt>
				<styleUrl>#m_ylw-pushpin</styleUrl>
				<Point>
					<gx:drawOrder>1</gx:drawOrder>
					<coordinates>73.4598567553119,19.64515004250252,0</coordinates>
				</Point>
			</Placemark>
			<Placemark>
				<name>22</name>
				<LookAt>
					<longitude>73.45972681448247</longitude>
					<latitude>19.64497765247947</latitude>
					<altitude>0</altitude>
					<heading>11.39610071241004</heading>
					<tilt>18.41184143472292</tilt>
					<range>859.0695613556909</range>
					<gx:altitudeMode>relativeToSeaFloor</gx:altitudeMode>
				</LookAt>
				<styleUrl>#m_ylw-pushpin</styleUrl>
				<Point>
					<gx:drawOrder>1</gx:drawOrder>
					<coordinates>73.45864958352369,19.6450130274227,0</coordinates>
				</Point>
			</Placemark>
			<Placemark>
				<name>23</name>
				<LookAt>
					<longitude>73.45972681448247</longitude>
					<latitude>19.64497765247947</latitude>
					<altitude>0</altitude>
					<heading>11.39610071241004</heading>
					<tilt>18.41184143472292</tilt>
					<range>859.0695613556909</range>
					<gx:altitudeMode>relativeToSeaFloor</gx:altitudeMode>
				</LookAt>
				<styleUrl>#m_ylw-pushpin</styleUrl>
				<Point>
					<gx:drawOrder>1</gx:drawOrder>
					<coordinates>73.45981611265637,19.64557151851576,0</coordinates>
				</Point>
			</Placemark>
			<Placemark>
				<name>24</name>
				<LookAt>
					<longitude>73.45972681448247</longitude>
					<latitude>19.64497765247947</latitude>
					<altitude>0</altitude>
					<heading>11.39610071241004</heading>
					<tilt>18.41184143472292</tilt>
					<range>859.0695613556909</range>
					<gx:altitudeMode>relativeToSeaFloor</gx:altitudeMode>
				</LookAt>
				<styleUrl>#m_ylw-pushpin</styleUrl>
				<Point>
					<gx:drawOrder>1</gx:drawOrder>
					<coordinates>73.45932112456109,19.64510215497888,0</coordinates>
				</Point>
			</Placemark>
			<Placemark>
				<name>25</name>
				<LookAt>
					<longitude>73.46343724225012</longitude>
					<latitude>19.64536569730742</latitude>
					<altitude>0</altitude>
					<heading>11.39734816629875</heading>
					<tilt>18.41177130627296</tilt>
					<range>834.351487643603</range>
					<gx:altitudeMode>relativeToSeaFloor</gx:altitudeMode>
				</LookAt>
				<styleUrl>#m_ylw-pushpin</styleUrl>
				<Point>
					<gx:drawOrder>1</gx:drawOrder>
					<coordinates>73.46043914288931,19.64462351060018,0</coordinates>
				</Point>
			</Placemark>
			<Placemark>
				<name>26</name>
				<LookAt>
					<longitude>73.46344409280336</longitude>
					<latitude>19.64536971234113</latitude>
					<altitude>0</altitude>
					<heading>11.39735046811134</heading>
					<tilt>18.41177062619002</tilt>
					<range>834.111861959325</range>
					<gx:altitudeMode>relativeToSeaFloor</gx:altitudeMode>
				</LookAt>
				<styleUrl>#m_ylw-pushpin</styleUrl>
				<Point>
					<gx:drawOrder>1</gx:drawOrder>
					<coordinates>73.46356909965415,19.64534193719232,0</coordinates>
				</Point>
			</Placemark>
		</Folder>
		<Folder>
			<name>Plots</name>
			<Placemark>
				<name>1</name>
				<LookAt>
					<longitude>73.46190354642678</longitude>
					<latitude>19.64089537425017</latitude>
					<altitude>0</altitude>
					<heading>-3.582640846514394</heading>
					<tilt>0</tilt>
					<range>178.8915329761508</range>
					<gx:altitudeMode>relativeToSeaFloor</gx:altitudeMode>
				</LookAt>
				<styleUrl>#msn_wht-blank</styleUrl>
				<Point>
					<gx:drawOrder>1</gx:drawOrder>
					<coordinates>73.46174386625965,19.64105346687558,0</coordinates>
				</Point>
			</Placemark>
			<Placemark>
				<name>2</name>
				<LookAt>
					<longitude>73.46180459472748</longitude>
					<latitude>19.64163782439714</latitude>
					<altitude>0</altitude>
					<heading>-3.58264664806854</heading>
					<tilt>49.71790733482637</tilt>
					<range>333.595169699328</range>
					<gx:altitudeMode>relativeToSeaFloor</gx:altitudeMode>
				</LookAt>
				<styleUrl>#msn_wht-blank</styleUrl>
				<Point>
					<gx:drawOrder>1</gx:drawOrder>
					<coordinates>73.46186388012896,19.64103092749208,0</coordinates>
				</Point>
			</Placemark>
			<Placemark>
				<name>3</name>
				<LookAt>
					<longitude>73.46180459472748</longitude>
					<latitude>19.64163782439714</latitude>
					<altitude>0</altitude>
					<heading>-3.58264664806854</heading>
					<tilt>49.71790733482637</tilt>
					<range>333.595169699328</range>
					<gx:altitudeMode>relativeToSeaFloor</gx:altitudeMode>
				</LookAt>
				<styleUrl>#msn_wht-blank</styleUrl>
				<Point>
					<gx:drawOrder>1</gx:drawOrder>
					<coordinates>73.46197559311304,19.64101848123721,0</coordinates>
				</Point>
			</Placemark>
			<Placemark>
				<name>4</name>
				<LookAt>
					<longitude>73.46179258256694</longitude>
					<latitude>19.64102041582831</latitude>
					<altitude>0</altitude>
					<heading>-2.624067720847501</heading>
					<tilt>0</tilt>
					<range>196.0461499448448</range>
					<gx:altitudeMode>relativeToSeaFloor</gx:altitudeMode>
				</LookAt>
				<styleUrl>#msn_wht-blank</styleUrl>
				<Point>
					<gx:drawOrder>1</gx:drawOrder>
					<coordinates>73.46209839520144,19.64100178058471,0</coordinates>
				</Point>
			</Placemark>
			<Placemark>
				<name>5</name>
				<LookAt>
					<longitude>73.46178746846255</longitude>
					<latitude>19.64126679389509</latitude>
					<altitude>0</altitude>
					<heading>-2.624232360043532</heading>
					<tilt>49.42584848967603</tilt>
					<range>289.0021325664233</range>
					<gx:altitudeMode>relativeToSeaFloor</gx:altitudeMode>
				</LookAt>
				<styleUrl>#msn_wht-blank</styleUrl>
				<Point>
					<gx:drawOrder>1</gx:drawOrder>
					<coordinates>73.46219292931839,19.64097794795669,0</coordinates>
				</Point>
			</Placemark>
			<Placemark>
				<name>6</name>
				<LookAt>
					<longitude>73.46242770520456</longitude>
					<latitude>19.64104758974511</latitude>
					<altitude>0</altitude>
					<heading>0.4437751293788619</heading>
					<tilt>0</tilt>
					<range>185.2857352047035</range>
					<gx:altitudeMode>relativeToSeaFloor</gx:altitudeMode>
				</LookAt>
				<styleUrl>#msn_wht-blank</styleUrl>
				<Point>
					<gx:drawOrder>1</gx:drawOrder>
					<coordinates>73.46232086821945,19.64095986667695,0</coordinates>
				</Point>
			</Placemark>
			<Placemark>
				<name>7</name>
				<LookAt>
					<longitude>73.46242770520456</longitude>
					<latitude>19.64104758974511</latitude>
					<altitude>0</altitude>
					<heading>0.4437751293788619</heading>
					<tilt>0</tilt>
					<range>185.2857352047035</range>
					<gx:altitudeMode>relativeToSeaFloor</gx:altitudeMode>
				</LookAt>
				<styleUrl>#msn_wht-blank</styleUrl>
				<Point>
					<gx:drawOrder>1</gx:drawOrder>
					<coordinates>73.46243322773586,19.64094085606518,0</coordinates>
				</Point>
			</Placemark>
			<Placemark>
				<name>8</name>
				<LookAt>
					<longitude>73.46242770520456</longitude>
					<latitude>19.64104758974511</latitude>
					<altitude>0</altitude>
					<heading>0.4437751293788619</heading>
					<tilt>0</tilt>
					<range>185.2857352047035</range>
					<gx:altitudeMode>relativeToSeaFloor</gx:altitudeMode>
				</LookAt>
				<styleUrl>#msn_wht-blank</styleUrl>
				<Point>
					<gx:drawOrder>1</gx:drawOrder>
					<coordinates>73.46254160736655,19.64092106282829,0</coordinates>
				</Point>
			</Placemark>
			<Placemark>
				<name>9</name>
				<LookAt>
					<longitude>73.46242770520456</longitude>
					<latitude>19.64104758974511</latitude>
					<altitude>0</altitude>
					<heading>0.4437751293788619</heading>
					<tilt>0</tilt>
					<range>185.2857352047035</range>
					<gx:altitudeMode>relativeToSeaFloor</gx:altitudeMode>
				</LookAt>
				<styleUrl>#msn_wht-blank</styleUrl>
				<Point>
					<gx:drawOrder>1</gx:drawOrder>
					<coordinates>73.46265714130747,19.64090492159098,0</coordinates>
				</Point>
			</Placemark>
			<Placemark>
				<name>10</name>
				<LookAt>
					<longitude>73.46242770520456</longitude>
					<latitude>19.64104758974511</latitude>
					<altitude>0</altitude>
					<heading>0.4437751293788619</heading>
					<tilt>0</tilt>
					<range>185.2857352047035</range>
					<gx:altitudeMode>relativeToSeaFloor</gx:altitudeMode>
				</LookAt>
				<styleUrl>#msn_wht-blank</styleUrl>
				<Point>
					<gx:drawOrder>1</gx:drawOrder>
					<coordinates>73.46276853076282,19.64088696732954,0</coordinates>
				</Point>
			</Placemark>
			<Placemark>
				<name>11</name>
				<LookAt>
					<longitude>73.46242770520456</longitude>
					<latitude>19.64104758974511</latitude>
					<altitude>0</altitude>
					<heading>0.4437751293788619</heading>
					<tilt>0</tilt>
					<range>185.2857352047035</range>
					<gx:altitudeMode>relativeToSeaFloor</gx:altitudeMode>
				</LookAt>
				<styleUrl>#msn_wht-blank</styleUrl>
				<Point>
					<gx:drawOrder>1</gx:drawOrder>
					<coordinates>73.46288415545638,19.64086949963985,0</coordinates>
				</Point>
			</Placemark>
			<Placemark>
				<name>12</name>
				<LookAt>
					<longitude>73.46242770520456</longitude>
					<latitude>19.64104758974511</latitude>
					<altitude>0</altitude>
					<heading>0.4437751293788619</heading>
					<tilt>0</tilt>
					<range>185.2857352047035</range>
					<gx:altitudeMode>relativeToSeaFloor</gx:altitudeMode>
				</LookAt>
				<styleUrl>#msn_wht-blank</styleUrl>
				<Point>
					<gx:drawOrder>1</gx:drawOrder>
					<coordinates>73.46299168663768,19.64085281409692,0</coordinates>
				</Point>
			</Placemark>
			<Placemark>
				<name>13</name>
				<LookAt>
					<longitude>73.46242770520456</longitude>
					<latitude>19.64104758974511</latitude>
					<altitude>0</altitude>
					<heading>0.4437751293788619</heading>
					<tilt>0</tilt>
					<range>185.2857352047035</range>
					<gx:altitudeMode>relativeToSeaFloor</gx:altitudeMode>
				</LookAt>
				<styleUrl>#msn_wht-blank</styleUrl>
				<Point>
					<gx:drawOrder>1</gx:drawOrder>
					<coordinates>73.4631450662024,19.64086814949984,0</coordinates>
				</Point>
			</Placemark>
			<Placemark>
				<name>14</name>
				<LookAt>
					<longitude>73.4617172183202</longitude>
					<latitude>19.64105395939835</latitude>
					<altitude>0</altitude>
					<heading>0.4435363177433198</heading>
					<tilt>0</tilt>
					<range>182.3985673265312</range>
					<gx:altitudeMode>relativeToSeaFloor</gx:altitudeMode>
				</LookAt>
				<styleUrl>#msn_wht-blank</styleUrl>
				<Point>
					<gx:drawOrder>1</gx:drawOrder>
					<coordinates>73.46139325427421,19.64117107924189,0</coordinates>
				</Point>
			</Placemark>
			<Placemark>
				<name>15</name>
				<LookAt>
					<longitude>73.4617172183202</longitude>
					<latitude>19.64105395939835</latitude>
					<altitude>0</altitude>
					<heading>0.4435363177433198</heading>
					<tilt>0</tilt>
					<range>182.3985673265312</range>
					<gx:altitudeMode>relativeToSeaFloor</gx:altitudeMode>
				</LookAt>
				<styleUrl>#msn_wht-blank</styleUrl>
				<Point>
					<gx:drawOrder>1</gx:drawOrder>
					<coordinates>73.46127828655833,19.64070722957232,0</coordinates>
				</Point>
			</Placemark>
			<Placemark>
				<name>16</name>
				<LookAt>
					<longitude>73.46196100446662</longitude>
					<latitude>19.64085795193416</latitude>
					<altitude>0</altitude>
					<heading>0.4436182602561888</heading>
					<tilt>0</tilt>
					<range>178.9484556510056</range>
					<gx:altitudeMode>relativeToSeaFloor</gx:altitudeMode>
				</LookAt>
				<styleUrl>#msn_wht-blank</styleUrl>
				<Point>
					<gx:drawOrder>1</gx:drawOrder>
					<coordinates>73.4616722704191,19.64066930752427,0</coordinates>
				</Point>
			</Placemark>
			<Placemark>
				<name>17</name>
				<LookAt>
					<longitude>73.46196100446662</longitude>
					<latitude>19.64085795193416</latitude>
					<altitude>0</altitude>
					<heading>0.4436182602561888</heading>
					<tilt>0</tilt>
					<range>178.9484556510056</range>
					<gx:altitudeMode>relativeToSeaFloor</gx:altitudeMode>
				</LookAt>
				<styleUrl>#msn_wht-blank</styleUrl>
				<Point>
					<gx:drawOrder>1</gx:drawOrder>
					<coordinates>73.46179533537779,19.64065342732109,0</coordinates>
				</Point>
			</Placemark>
			<Placemark>
				<name>18</name>
				<LookAt>
					<longitude>73.46196100446662</longitude>
					<latitude>19.64085795193416</latitude>
					<altitude>0</altitude>
					<heading>0.4436182602561888</heading>
					<tilt>0</tilt>
					<range>178.9484556510056</range>
					<gx:altitudeMode>relativeToSeaFloor</gx:altitudeMode>
				</LookAt>
				<styleUrl>#msn_wht-blank</styleUrl>
				<Point>
					<gx:drawOrder>1</gx:drawOrder>
					<coordinates>73.46190417916452,19.64062733015108,0</coordinates>
				</Point>
			</Placemark>
			<Placemark>
				<name>19</name>
				<LookAt>
					<longitude>73.46196100446662</longitude>
					<latitude>19.64085795193416</latitude>
					<altitude>0</altitude>
					<heading>0.4436182602561888</heading>
					<tilt>0</tilt>
					<range>178.9484556510056</range>
					<gx:altitudeMode>relativeToSeaFloor</gx:altitudeMode>
				</LookAt>
				<styleUrl>#msn_wht-blank</styleUrl>
				<Point>
					<gx:drawOrder>1</gx:drawOrder>
					<coordinates>73.46202003557383,19.64061166396046,0</coordinates>
				</Point>
			</Placemark>
			<Placemark>
				<name>20</name>
				<LookAt>
					<longitude>73.46196100446662</longitude>
					<latitude>19.64085795193416</latitude>
					<altitude>0</altitude>
					<heading>0.4436182602561888</heading>
					<tilt>0</tilt>
					<range>178.9484556510056</range>
					<gx:altitudeMode>relativeToSeaFloor</gx:altitudeMode>
				</LookAt>
				<styleUrl>#msn_wht-blank</styleUrl>
				<Point>
					<gx:drawOrder>1</gx:drawOrder>
					<coordinates>73.46212924671045,19.64058896807406,0</coordinates>
				</Point>
			</Placemark>
			<Placemark>
				<name>21</name>
				<LookAt>
					<longitude>73.46196100446662</longitude>
					<latitude>19.64085795193416</latitude>
					<altitude>0</altitude>
					<heading>0.4436182602561888</heading>
					<tilt>0</tilt>
					<range>178.9484556510056</range>
					<gx:altitudeMode>relativeToSeaFloor</gx:altitudeMode>
				</LookAt>
				<styleUrl>#msn_wht-blank</styleUrl>
				<Point>
					<gx:drawOrder>1</gx:drawOrder>
					<coordinates>73.46224440722111,19.64056623134573,0</coordinates>
				</Point>
			</Placemark>
			<Placemark>
				<name>22</name>
				<LookAt>
					<longitude>73.46196100446662</longitude>
					<latitude>19.64085795193416</latitude>
					<altitude>0</altitude>
					<heading>0.4436182602561888</heading>
					<tilt>0</tilt>
					<range>178.9484556510056</range>
					<gx:altitudeMode>relativeToSeaFloor</gx:altitudeMode>
				</LookAt>
				<styleUrl>#msn_wht-blank</styleUrl>
				<Point>
					<gx:drawOrder>1</gx:drawOrder>
					<coordinates>73.462365146632,19.64054964204181,0</coordinates>
				</Point>
			</Placemark>
			<Placemark>
				<name>23</name>
				<LookAt>
					<longitude>73.46196100446662</longitude>
					<latitude>19.64085795193416</latitude>
					<altitude>0</altitude>
					<heading>0.4436182602561888</heading>
					<tilt>0</tilt>
					<range>178.9484556510056</range>
					<gx:altitudeMode>relativeToSeaFloor</gx:altitudeMode>
				</LookAt>
				<styleUrl>#msn_wht-blank</styleUrl>
				<Point>
					<gx:drawOrder>1</gx:drawOrder>
					<coordinates>73.46247385626883,19.64052875601474,0</coordinates>
				</Point>
			</Placemark>
			<Placemark>
				<name>24</name>
				<LookAt>
					<longitude>73.46206680443456</longitude>
					<latitude>19.64072811179874</latitude>
					<altitude>0</altitude>
					<heading>0.4436538220479722</heading>
					<tilt>0</tilt>
					<range>177.9060962782207</range>
					<gx:altitudeMode>relativeToSeaFloor</gx:altitudeMode>
				</LookAt>
				<styleUrl>#msn_wht-blank</styleUrl>
				<Point>
					<gx:drawOrder>1</gx:drawOrder>
					<coordinates>73.46259232608121,19.64050553484086,0</coordinates>
				</Point>
			</Placemark>
			<Placemark>
				<name>25</name>
				<LookAt>
					<longitude>73.46206680443456</longitude>
					<latitude>19.64072811179874</latitude>
					<altitude>0</altitude>
					<heading>0.4436538220479722</heading>
					<tilt>0</tilt>
					<range>177.9060962782207</range>
					<gx:altitudeMode>relativeToSeaFloor</gx:altitudeMode>
				</LookAt>
				<styleUrl>#msn_wht-blank</styleUrl>
				<Point>
					<gx:drawOrder>1</gx:drawOrder>
					<coordinates>73.46269336328909,19.64048709925867,0</coordinates>
				</Point>
			</Placemark>
			<Placemark>
				<name>26</name>
				<LookAt>
					<longitude>73.4625741567431</longitude>
					<latitude>19.64073595073383</latitude>
					<altitude>0</altitude>
					<heading>0.4438243517758509</heading>
					<tilt>0</tilt>
					<range>178.178615493543</range>
					<gx:altitudeMode>relativeToSeaFloor</gx:altitudeMode>
				</LookAt>
				<styleUrl>#msn_wht-blank</styleUrl>
				<Point>
					<gx:drawOrder>1</gx:drawOrder>
					<coordinates>73.46281502289632,19.64046671534319,0</coordinates>
				</Point>
			</Placemark>
			<Placemark>
				<name>27</name>
				<LookAt>
					<longitude>73.4625741567431</longitude>
					<latitude>19.64073595073383</latitude>
					<altitude>0</altitude>
					<heading>0.4438243517758509</heading>
					<tilt>0</tilt>
					<range>178.178615493543</range>
					<gx:altitudeMode>relativeToSeaFloor</gx:altitudeMode>
				</LookAt>
				<styleUrl>#msn_wht-blank</styleUrl>
				<Point>
					<gx:drawOrder>1</gx:drawOrder>
					<coordinates>73.46292670132111,19.64044661169595,0</coordinates>
				</Point>
			</Placemark>
			<Placemark>
				<name>28</name>
				<LookAt>
					<longitude>73.4625741567431</longitude>
					<latitude>19.64073595073383</latitude>
					<altitude>0</altitude>
					<heading>0.4438243517758509</heading>
					<tilt>0</tilt>
					<range>178.178615493543</range>
					<gx:altitudeMode>relativeToSeaFloor</gx:altitudeMode>
				</LookAt>
				<styleUrl>#msn_wht-blank</styleUrl>
				<Point>
					<gx:drawOrder>1</gx:drawOrder>
					<coordinates>73.46310001642195,19.64044921766017,0</coordinates>
				</Point>
			</Placemark>
			<Placemark>
				<name>29</name>
				<LookAt>
					<longitude>73.46329379867998</longitude>
					<latitude>19.64060021947834</latitude>
					<altitude>0</altitude>
					<heading>0.4440662377945983</heading>
					<tilt>0</tilt>
					<range>172.5261995757635</range>
					<gx:altitudeMode>relativeToSeaFloor</gx:altitudeMode>
				</LookAt>
				<styleUrl>#msn_wht-blank</styleUrl>
				<Point>
					<gx:drawOrder>1</gx:drawOrder>
					<coordinates>73.46327200840865,19.64060094877898,0</coordinates>
				</Point>
			</Placemark>
			<Placemark>
				<name>30</name>
				<LookAt>
					<longitude>73.46329379867998</longitude>
					<latitude>19.64060021947834</latitude>
					<altitude>0</altitude>
					<heading>0.4440662377945983</heading>
					<tilt>0</tilt>
					<range>172.5261995757635</range>
					<gx:altitudeMode>relativeToSeaFloor</gx:altitudeMode>
				</LookAt>
				<styleUrl>#msn_wht-blank</styleUrl>
				<Point>
					<gx:drawOrder>1</gx:drawOrder>
					<coordinates>73.46332616797847,19.64044198613946,0</coordinates>
				</Point>
			</Placemark>
			<Placemark>
				<name>31</name>
				<LookAt>
					<longitude>73.46329379867998</longitude>
					<latitude>19.64060021947834</latitude>
					<altitude>0</altitude>
					<heading>0.4440662377945983</heading>
					<tilt>0</tilt>
					<range>172.5261995757635</range>
					<gx:altitudeMode>relativeToSeaFloor</gx:altitudeMode>
				</LookAt>
				<styleUrl>#msn_wht-blank</styleUrl>
				<Point>
					<gx:drawOrder>1</gx:drawOrder>
					<coordinates>73.46345139928027,19.64037150413766,0</coordinates>
				</Point>
			</Placemark>
			<Placemark>
				<name>32</name>
				<LookAt>
					<longitude>73.46329379867998</longitude>
					<latitude>19.64060021947834</latitude>
					<altitude>0</altitude>
					<heading>0.4440662377945983</heading>
					<tilt>0</tilt>
					<range>172.5261995757635</range>
					<gx:altitudeMode>relativeToSeaFloor</gx:altitudeMode>
				</LookAt>
				<styleUrl>#msn_wht-blank</styleUrl>
				<Point>
					<gx:drawOrder>1</gx:drawOrder>
					<coordinates>73.46360041092568,19.64029840480763,0</coordinates>
				</Point>
			</Placemark>
			<Placemark>
				<name>33</name>
				<LookAt>
					<longitude>73.4632877839298</longitude>
					<latitude>19.64060026354411</latitude>
					<altitude>0</altitude>
					<heading>0.4440642161209515</heading>
					<tilt>0</tilt>
					<range>172.550886219584</range>
					<gx:altitudeMode>relativeToSeaFloor</gx:altitudeMode>
				</LookAt>
				<styleUrl>#msn_wht-blank</styleUrl>
				<Point>
					<gx:drawOrder>1</gx:drawOrder>
					<coordinates>73.4637855621482,19.64058702482987,0</coordinates>
				</Point>
			</Placemark>
			<Placemark>
				<name>34</name>
				<LookAt>
					<longitude>73.4632877839298</longitude>
					<latitude>19.64060026354411</latitude>
					<altitude>0</altitude>
					<heading>0.4440642161209515</heading>
					<tilt>0</tilt>
					<range>172.550886219584</range>
					<gx:altitudeMode>relativeToSeaFloor</gx:altitudeMode>
				</LookAt>
				<styleUrl>#msn_wht-blank</styleUrl>
				<Point>
					<gx:drawOrder>1</gx:drawOrder>
					<coordinates>73.46369134291321,19.64066812940822,0</coordinates>
				</Point>
			</Placemark>
			<Placemark>
				<name>35</name>
				<LookAt>
					<longitude>73.46326125918944</longitude>
					<latitude>19.64061414205386</latitude>
					<altitude>0</altitude>
					<heading>0.4440553006294895</heading>
					<tilt>0</tilt>
					<range>172.7584960965558</range>
					<gx:altitudeMode>relativeToSeaFloor</gx:altitudeMode>
				</LookAt>
				<styleUrl>#msn_wht-blank</styleUrl>
				<Point>
					<gx:drawOrder>1</gx:drawOrder>
					<coordinates>73.46360314963297,19.64074652304084,0</coordinates>
				</Point>
			</Placemark>
			<Placemark>
				<name>36</name>
				<LookAt>
					<longitude>73.46326125918944</longitude>
					<latitude>19.64061414205386</latitude>
					<altitude>0</altitude>
					<heading>0.4440553006294895</heading>
					<tilt>0</tilt>
					<range>172.7584960965558</range>
					<gx:altitudeMode>relativeToSeaFloor</gx:altitudeMode>
				</LookAt>
				<styleUrl>#msn_wht-blank</styleUrl>
				<Point>
					<gx:drawOrder>1</gx:drawOrder>
					<coordinates>73.46350042412482,19.64083535857342,0</coordinates>
				</Point>
			</Placemark>
			<Placemark>
				<name>37</name>
				<LookAt>
					<longitude>73.4632996435474</longitude>
					<latitude>19.64098136203556</latitude>
					<altitude>0</altitude>
					<heading>0.4440682011310287</heading>
					<tilt>0</tilt>
					<range>176.2621281084294</range>
					<gx:altitudeMode>relativeToSeaFloor</gx:altitudeMode>
				</LookAt>
				<styleUrl>#msn_wht-blank</styleUrl>
				<Point>
					<gx:drawOrder>1</gx:drawOrder>
					<coordinates>73.46324181966204,19.6414519748943,0</coordinates>
				</Point>
			</Placemark>
			<Placemark>
				<name>38</name>
				<LookAt>
					<longitude>73.4632996435474</longitude>
					<latitude>19.64098136203556</latitude>
					<altitude>0</altitude>
					<heading>0.4440682011310287</heading>
					<tilt>0</tilt>
					<range>176.2621281084294</range>
					<gx:altitudeMode>relativeToSeaFloor</gx:altitudeMode>
				</LookAt>
				<styleUrl>#msn_wht-blank</styleUrl>
				<Point>
					<gx:drawOrder>1</gx:drawOrder>
					<coordinates>73.46340034234865,19.64128900637508,0</coordinates>
				</Point>
			</Placemark>
			<Placemark>
				<name>39</name>
				<LookAt>
					<longitude>73.4632996435474</longitude>
					<latitude>19.64098136203556</latitude>
					<altitude>0</altitude>
					<heading>0.4440682011310287</heading>
					<tilt>0</tilt>
					<range>176.2621281084294</range>
					<gx:altitudeMode>relativeToSeaFloor</gx:altitudeMode>
				</LookAt>
				<styleUrl>#msn_wht-blank</styleUrl>
				<Point>
					<gx:drawOrder>1</gx:drawOrder>
					<coordinates>73.46350690934398,19.64115571138205,0</coordinates>
				</Point>
			</Placemark>
			<Placemark>
				<name>40</name>
				<LookAt>
					<longitude>73.4632996435474</longitude>
					<latitude>19.64098136203556</latitude>
					<altitude>0</altitude>
					<heading>0.4440682011310287</heading>
					<tilt>0</tilt>
					<range>176.2621281084294</range>
					<gx:altitudeMode>relativeToSeaFloor</gx:altitudeMode>
				</LookAt>
				<styleUrl>#msn_wht-blank</styleUrl>
				<Point>
					<gx:drawOrder>1</gx:drawOrder>
					<coordinates>73.46360079726695,19.64107327737767,0</coordinates>
				</Point>
			</Placemark>
			<Placemark>
				<name>41</name>
				<LookAt>
					<longitude>73.4632996435474</longitude>
					<latitude>19.64098136203556</latitude>
					<altitude>0</altitude>
					<heading>0.4440682011310287</heading>
					<tilt>0</tilt>
					<range>176.2621281084294</range>
					<gx:altitudeMode>relativeToSeaFloor</gx:altitudeMode>
				</LookAt>
				<styleUrl>#msn_wht-blank</styleUrl>
				<Point>
					<gx:drawOrder>1</gx:drawOrder>
					<coordinates>73.46368520268346,19.6409986497536,0</coordinates>
				</Point>
			</Placemark>
			<Placemark>
				<name>42</name>
				<LookAt>
					<longitude>73.4632996435474</longitude>
					<latitude>19.64098136203556</latitude>
					<altitude>0</altitude>
					<heading>0.4440682011310287</heading>
					<tilt>0</tilt>
					<range>176.2621281084294</range>
					<gx:altitudeMode>relativeToSeaFloor</gx:altitudeMode>
				</LookAt>
				<styleUrl>#msn_wht-blank</styleUrl>
				<Point>
					<gx:drawOrder>1</gx:drawOrder>
					<coordinates>73.46377265819528,19.64091901666783,0</coordinates>
				</Point>
			</Placemark>
			<Placemark>
				<name>43</name>
				<LookAt>
					<longitude>73.4632996435474</longitude>
					<latitude>19.64098136203556</latitude>
					<altitude>0</altitude>
					<heading>0.4440682011310287</heading>
					<tilt>0</tilt>
					<range>176.2621281084294</range>
					<gx:altitudeMode>relativeToSeaFloor</gx:altitudeMode>
				</LookAt>
				<styleUrl>#msn_wht-blank</styleUrl>
				<Point>
					<gx:drawOrder>1</gx:drawOrder>
					<coordinates>73.46385672454346,19.64085156482879,0</coordinates>
				</Point>
			</Placemark>
			<Placemark>
				<name>44</name>
				<LookAt>
					<longitude>73.4632996435474</longitude>
					<latitude>19.64098136203556</latitude>
					<altitude>0</altitude>
					<heading>0.4440682011310287</heading>
					<tilt>0</tilt>
					<range>176.2621281084294</range>
					<gx:altitudeMode>relativeToSeaFloor</gx:altitudeMode>
				</LookAt>
				<styleUrl>#msn_wht-blank</styleUrl>
				<Point>
					<gx:drawOrder>1</gx:drawOrder>
					<coordinates>73.46395025678703,19.6407655774287,0</coordinates>
				</Point>
			</Placemark>
			<Placemark>
				<name>45</name>
				<LookAt>
					<longitude>73.46373983688862</longitude>
					<latitude>19.64129677458365</latitude>
					<altitude>0</altitude>
					<heading>0.4442161615033187</heading>
					<tilt>0</tilt>
					<range>175.7149082822778</range>
					<gx:altitudeMode>relativeToSeaFloor</gx:altitudeMode>
				</LookAt>
				<styleUrl>#msn_wht-blank</styleUrl>
				<Point>
					<gx:drawOrder>1</gx:drawOrder>
					<coordinates>73.46415126088382,19.6409737043012,0</coordinates>
				</Point>
			</Placemark>
			<Placemark>
				<name>46</name>
				<LookAt>
					<longitude>73.46373983688862</longitude>
					<latitude>19.64129677458365</latitude>
					<altitude>0</altitude>
					<heading>0.4442161615033187</heading>
					<tilt>0</tilt>
					<range>175.7149082822778</range>
					<gx:altitudeMode>relativeToSeaFloor</gx:altitudeMode>
				</LookAt>
				<styleUrl>#msn_wht-blank</styleUrl>
				<Point>
					<gx:drawOrder>1</gx:drawOrder>
					<coordinates>73.46406959007838,19.64105114203346,0</coordinates>
				</Point>
			</Placemark>
			<Placemark>
				<name>47</name>
				<LookAt>
					<longitude>73.46373983688862</longitude>
					<latitude>19.64129677458365</latitude>
					<altitude>0</altitude>
					<heading>0.4442161615033187</heading>
					<tilt>0</tilt>
					<range>175.7149082822778</range>
					<gx:altitudeMode>relativeToSeaFloor</gx:altitudeMode>
				</LookAt>
				<styleUrl>#msn_wht-blank</styleUrl>
				<Point>
					<gx:drawOrder>1</gx:drawOrder>
					<coordinates>73.46397700651623,19.6411285528505,0</coordinates>
				</Point>
			</Placemark>
			<Placemark>
				<name>48</name>
				<LookAt>
					<longitude>73.46373983688862</longitude>
					<latitude>19.64129677458365</latitude>
					<altitude>0</altitude>
					<heading>0.4442161615033187</heading>
					<tilt>0</tilt>
					<range>175.7149082822778</range>
					<gx:altitudeMode>relativeToSeaFloor</gx:altitudeMode>
				</LookAt>
				<styleUrl>#msn_wht-blank</styleUrl>
				<Point>
					<gx:drawOrder>1</gx:drawOrder>
					<coordinates>73.46388667682805,19.64120825921494,0</coordinates>
				</Point>
			</Placemark>
			<Placemark>
				<name>49</name>
				<LookAt>
					<longitude>73.46373983688862</longitude>
					<latitude>19.64129677458365</latitude>
					<altitude>0</altitude>
					<heading>0.4442161615033187</heading>
					<tilt>0</tilt>
					<range>175.7149082822778</range>
					<gx:altitudeMode>relativeToSeaFloor</gx:altitudeMode>
				</LookAt>
				<styleUrl>#msn_wht-blank</styleUrl>
				<Point>
					<gx:drawOrder>1</gx:drawOrder>
					<coordinates>73.46379769323261,19.64128415694475,0</coordinates>
				</Point>
			</Placemark>
			<Placemark>
				<name>50</name>
				<LookAt>
					<longitude>73.46372400665425</longitude>
					<latitude>19.64132128097184</latitude>
					<altitude>0</altitude>
					<heading>0.444210840437292</heading>
					<tilt>0</tilt>
					<range>175.7811857692848</range>
					<gx:altitudeMode>relativeToSeaFloor</gx:altitudeMode>
				</LookAt>
				<styleUrl>#msn_wht-blank</styleUrl>
				<Point>
					<gx:drawOrder>1</gx:drawOrder>
					<coordinates>73.46370957732911,19.64136491183532,0</coordinates>
				</Point>
			</Placemark>
			<Placemark>
				<name>51</name>
				<LookAt>
					<longitude>73.46357417287204</longitude>
					<latitude>19.64150548465611</latitude>
					<altitude>0</altitude>
					<heading>0.444160476319465</heading>
					<tilt>0</tilt>
					<range>175.391057525456</range>
					<gx:altitudeMode>relativeToSeaFloor</gx:altitudeMode>
				</LookAt>
				<styleUrl>#msn_wht-blank</styleUrl>
				<Point>
					<gx:drawOrder>1</gx:drawOrder>
					<coordinates>73.46362660220957,19.6414430639942,0</coordinates>
				</Point>
			</Placemark>
			<Placemark>
				<name>52</name>
				<LookAt>
					<longitude>73.46357417287204</longitude>
					<latitude>19.64150548465611</latitude>
					<altitude>0</altitude>
					<heading>0.444160476319465</heading>
					<tilt>0</tilt>
					<range>175.391057525456</range>
					<gx:altitudeMode>relativeToSeaFloor</gx:altitudeMode>
				</LookAt>
				<styleUrl>#msn_wht-blank</styleUrl>
				<Point>
					<gx:drawOrder>1</gx:drawOrder>
					<coordinates>73.46353736182834,19.64151792141174,0</coordinates>
				</Point>
			</Placemark>
			<Placemark>
				<name>53</name>
				<LookAt>
					<longitude>73.46357417287204</longitude>
					<latitude>19.64150548465611</latitude>
					<altitude>0</altitude>
					<heading>0.444160476319465</heading>
					<tilt>0</tilt>
					<range>175.391057525456</range>
					<gx:altitudeMode>relativeToSeaFloor</gx:altitudeMode>
				</LookAt>
				<styleUrl>#msn_wht-blank</styleUrl>
				<Point>
					<gx:drawOrder>1</gx:drawOrder>
					<coordinates>73.46345187649189,19.64159618758817,0</coordinates>
				</Point>
			</Placemark>
			<Placemark>
				<name>54</name>
				<LookAt>
					<longitude>73.46357417287204</longitude>
					<latitude>19.64150548465611</latitude>
					<altitude>0</altitude>
					<heading>0.444160476319465</heading>
					<tilt>0</tilt>
					<range>175.391057525456</range>
					<gx:altitudeMode>relativeToSeaFloor</gx:altitudeMode>
				</LookAt>
				<styleUrl>#msn_wht-blank</styleUrl>
				<Point>
					<gx:drawOrder>1</gx:drawOrder>
					<coordinates>73.46335464669261,19.64167622211675,0</coordinates>
				</Point>
			</Placemark>
			<Placemark>
				<name>55</name>
				<LookAt>
					<longitude>73.46357417287204</longitude>
					<latitude>19.64150548465611</latitude>
					<altitude>0</altitude>
					<heading>0.444160476319465</heading>
					<tilt>0</tilt>
					<range>175.391057525456</range>
					<gx:altitudeMode>relativeToSeaFloor</gx:altitudeMode>
				</LookAt>
				<styleUrl>#msn_wht-blank</styleUrl>
				<Point>
					<gx:drawOrder>1</gx:drawOrder>
					<coordinates>73.4634704882837,19.64180089739452,0</coordinates>
				</Point>
			</Placemark>
			<Placemark>
				<name>56</name>
				<LookAt>
					<longitude>73.46357417287204</longitude>
					<latitude>19.64150548465611</latitude>
					<altitude>0</altitude>
					<heading>0.444160476319465</heading>
					<tilt>0</tilt>
					<range>175.391057525456</range>
					<gx:altitudeMode>relativeToSeaFloor</gx:altitudeMode>
				</LookAt>
				<styleUrl>#msn_wht-blank</styleUrl>
				<Point>
					<gx:drawOrder>1</gx:drawOrder>
					<coordinates>73.46357465911225,19.64171249364957,0</coordinates>
				</Point>
			</Placemark>
			<Placemark>
				<name>57</name>
				<LookAt>
					<longitude>73.46357417287204</longitude>
					<latitude>19.64150548465611</latitude>
					<altitude>0</altitude>
					<heading>0.444160476319465</heading>
					<tilt>0</tilt>
					<range>175.391057525456</range>
					<gx:altitudeMode>relativeToSeaFloor</gx:altitudeMode>
				</LookAt>
				<styleUrl>#msn_wht-blank</styleUrl>
				<Point>
					<gx:drawOrder>1</gx:drawOrder>
					<coordinates>73.46366440290068,19.64164447171772,0</coordinates>
				</Point>
			</Placemark>
			<Placemark>
				<name>58</name>
				<LookAt>
					<longitude>73.46357417287204</longitude>
					<latitude>19.64150548465611</latitude>
					<altitude>0</altitude>
					<heading>0.444160476319465</heading>
					<tilt>0</tilt>
					<range>175.391057525456</range>
					<gx:altitudeMode>relativeToSeaFloor</gx:altitudeMode>
				</LookAt>
				<styleUrl>#msn_wht-blank</styleUrl>
				<Point>
					<gx:drawOrder>1</gx:drawOrder>
					<coordinates>73.4637453762486,19.64156380778195,0</coordinates>
				</Point>
			</Placemark>
			<Placemark>
				<name>59</name>
				<LookAt>
					<longitude>73.46345514003401</longitude>
					<latitude>19.64154111129471</latitude>
					<altitude>0</altitude>
					<heading>0.4441204652744398</heading>
					<tilt>0</tilt>
					<range>175.8677456175898</range>
					<gx:altitudeMode>relativeToSeaFloor</gx:altitudeMode>
				</LookAt>
				<styleUrl>#msn_wht-blank</styleUrl>
				<Point>
					<gx:drawOrder>1</gx:drawOrder>
					<coordinates>73.46383734954928,19.64148542289761,0</coordinates>
				</Point>
			</Placemark>
			<Placemark>
				<name>60</name>
				<LookAt>
					<longitude>73.46345514003401</longitude>
					<latitude>19.64154111129471</latitude>
					<altitude>0</altitude>
					<heading>0.4441204652744398</heading>
					<tilt>0</tilt>
					<range>175.8677456175898</range>
					<gx:altitudeMode>relativeToSeaFloor</gx:altitudeMode>
				</LookAt>
				<styleUrl>#msn_wht-blank</styleUrl>
				<Point>
					<gx:drawOrder>1</gx:drawOrder>
					<coordinates>73.46392453484616,19.64140684009808,0</coordinates>
				</Point>
			</Placemark>
			<Placemark>
				<name>61</name>
				<LookAt>
					<longitude>73.46402262953463</longitude>
					<latitude>19.64142199113994</latitude>
					<altitude>0</altitude>
					<heading>0.4443112167102433</heading>
					<tilt>0</tilt>
					<range>175.8313242069211</range>
					<gx:altitudeMode>relativeToSeaFloor</gx:altitudeMode>
				</LookAt>
				<styleUrl>#msn_wht-blank</styleUrl>
				<Point>
					<gx:drawOrder>1</gx:drawOrder>
					<coordinates>73.46401575592746,19.64133556984893,0</coordinates>
				</Point>
			</Placemark>
			<Placemark>
				<name>62</name>
				<LookAt>
					<longitude>73.46402262953463</longitude>
					<latitude>19.64142199113994</latitude>
					<altitude>0</altitude>
					<heading>0.4443112167102433</heading>
					<tilt>0</tilt>
					<range>175.8313242069211</range>
					<gx:altitudeMode>relativeToSeaFloor</gx:altitudeMode>
				</LookAt>
				<styleUrl>#msn_wht-blank</styleUrl>
				<Point>
					<gx:drawOrder>1</gx:drawOrder>
					<coordinates>73.46410458942954,19.64125108086052,0</coordinates>
				</Point>
			</Placemark>
			<Placemark>
				<name>63</name>
				<LookAt>
					<longitude>73.46402262953463</longitude>
					<latitude>19.64142199113994</latitude>
					<altitude>0</altitude>
					<heading>0.4443112167102433</heading>
					<tilt>0</tilt>
					<range>175.8313242069211</range>
					<gx:altitudeMode>relativeToSeaFloor</gx:altitudeMode>
				</LookAt>
				<styleUrl>#msn_wht-blank</styleUrl>
				<Point>
					<gx:drawOrder>1</gx:drawOrder>
					<coordinates>73.46419124838026,19.64117682589923,0</coordinates>
				</Point>
			</Placemark>
			<Placemark>
				<name>64</name>
				<LookAt>
					<longitude>73.46402262953463</longitude>
					<latitude>19.64142199113994</latitude>
					<altitude>0</altitude>
					<heading>0.4443112167102433</heading>
					<tilt>0</tilt>
					<range>175.8313242069211</range>
					<gx:altitudeMode>relativeToSeaFloor</gx:altitudeMode>
				</LookAt>
				<styleUrl>#msn_wht-blank</styleUrl>
				<Point>
					<gx:drawOrder>1</gx:drawOrder>
					<coordinates>73.46427999301578,19.64110752891001,0</coordinates>
				</Point>
			</Placemark>
			<Placemark>
				<name>65</name>
				<LookAt>
					<longitude>73.46406764292027</longitude>
					<latitude>19.64141495803173</latitude>
					<altitude>0</altitude>
					<heading>0.4443263471562883</heading>
					<tilt>0</tilt>
					<range>175.7116728356175</range>
					<gx:altitudeMode>relativeToSeaFloor</gx:altitudeMode>
				</LookAt>
				<styleUrl>#msn_wht-blank</styleUrl>
				<Point>
					<gx:drawOrder>1</gx:drawOrder>
					<coordinates>73.4644664861392,19.64130079959086,0</coordinates>
				</Point>
			</Placemark>
			<Placemark>
				<name>66</name>
				<LookAt>
					<longitude>73.46406764292027</longitude>
					<latitude>19.64141495803173</latitude>
					<altitude>0</altitude>
					<heading>0.4443263471562883</heading>
					<tilt>0</tilt>
					<range>175.7116728356175</range>
					<gx:altitudeMode>relativeToSeaFloor</gx:altitudeMode>
				</LookAt>
				<styleUrl>#msn_wht-blank</styleUrl>
				<Point>
					<gx:drawOrder>1</gx:drawOrder>
					<coordinates>73.4643808861258,19.6413753233874,0</coordinates>
				</Point>
			</Placemark>
			<Placemark>
				<name>67</name>
				<LookAt>
					<longitude>73.46406764292027</longitude>
					<latitude>19.64141495803173</latitude>
					<altitude>0</altitude>
					<heading>0.4443263471562883</heading>
					<tilt>0</tilt>
					<range>175.7116728356175</range>
					<gx:altitudeMode>relativeToSeaFloor</gx:altitudeMode>
				</LookAt>
				<styleUrl>#msn_wht-blank</styleUrl>
				<Point>
					<gx:drawOrder>1</gx:drawOrder>
					<coordinates>73.46429142102474,19.64144859905202,0</coordinates>
				</Point>
			</Placemark>
			<Placemark>
				<name>68</name>
				<LookAt>
					<longitude>73.46406764292027</longitude>
					<latitude>19.64141495803173</latitude>
					<altitude>0</altitude>
					<heading>0.4443263471562883</heading>
					<tilt>0</tilt>
					<range>175.7116728356175</range>
					<gx:altitudeMode>relativeToSeaFloor</gx:altitudeMode>
				</LookAt>
				<styleUrl>#msn_wht-blank</styleUrl>
				<Point>
					<gx:drawOrder>1</gx:drawOrder>
					<coordinates>73.46421278275518,19.64153169820611,0</coordinates>
				</Point>
			</Placemark>
			<Placemark>
				<name>69</name>
				<LookAt>
					<longitude>73.46406764292027</longitude>
					<latitude>19.64141495803173</latitude>
					<altitude>0</altitude>
					<heading>0.4443263471562883</heading>
					<tilt>0</tilt>
					<range>175.7116728356175</range>
					<gx:altitudeMode>relativeToSeaFloor</gx:altitudeMode>
				</LookAt>
				<styleUrl>#msn_wht-blank</styleUrl>
				<Point>
					<gx:drawOrder>1</gx:drawOrder>
					<coordinates>73.46412111127322,19.64161389323645,0</coordinates>
				</Point>
			</Placemark>
			<Placemark>
				<name>70</name>
				<LookAt>
					<longitude>73.4636256903871</longitude>
					<latitude>19.64185410145796</latitude>
					<altitude>0</altitude>
					<heading>0.4441777895802884</heading>
					<tilt>0</tilt>
					<range>172.5672876492377</range>
					<gx:altitudeMode>relativeToSeaFloor</gx:altitudeMode>
				</LookAt>
				<styleUrl>#msn_wht-blank</styleUrl>
				<Point>
					<gx:drawOrder>1</gx:drawOrder>
					<coordinates>73.46402471609659,19.64168001630726,0</coordinates>
				</Point>
			</Placemark>
			<Placemark>
				<name>71</name>
				<LookAt>
					<longitude>73.4636256903871</longitude>
					<latitude>19.64185410145796</latitude>
					<altitude>0</altitude>
					<heading>0.4441777895802884</heading>
					<tilt>0</tilt>
					<range>172.5672876492377</range>
					<gx:altitudeMode>relativeToSeaFloor</gx:altitudeMode>
				</LookAt>
				<styleUrl>#msn_wht-blank</styleUrl>
				<Point>
					<gx:drawOrder>1</gx:drawOrder>
					<coordinates>73.46394015627942,19.64177154013745,0</coordinates>
				</Point>
			</Placemark>
			<Placemark>
				<name>72</name>
				<LookAt>
					<longitude>73.4636256903871</longitude>
					<latitude>19.64185410145796</latitude>
					<altitude>0</altitude>
					<heading>0.4441777895802884</heading>
					<tilt>0</tilt>
					<range>172.5672876492377</range>
					<gx:altitudeMode>relativeToSeaFloor</gx:altitudeMode>
				</LookAt>
				<styleUrl>#msn_wht-blank</styleUrl>
				<Point>
					<gx:drawOrder>1</gx:drawOrder>
					<coordinates>73.46385670261289,19.64184611489654,0</coordinates>
				</Point>
			</Placemark>
			<Placemark>
				<name>73</name>
				<LookAt>
					<longitude>73.4636256903871</longitude>
					<latitude>19.64185410145796</latitude>
					<altitude>0</altitude>
					<heading>0.4441777895802884</heading>
					<tilt>0</tilt>
					<range>172.5672876492377</range>
					<gx:altitudeMode>relativeToSeaFloor</gx:altitudeMode>
				</LookAt>
				<styleUrl>#msn_wht-blank</styleUrl>
				<Point>
					<gx:drawOrder>1</gx:drawOrder>
					<coordinates>73.46375934817048,19.64191639421929,0</coordinates>
				</Point>
			</Placemark>
			<Placemark>
				<name>74</name>
				<LookAt>
					<longitude>73.4636256903871</longitude>
					<latitude>19.64185410145796</latitude>
					<altitude>0</altitude>
					<heading>0.4441777895802884</heading>
					<tilt>0</tilt>
					<range>172.5672876492377</range>
					<gx:altitudeMode>relativeToSeaFloor</gx:altitudeMode>
				</LookAt>
				<styleUrl>#msn_wht-blank</styleUrl>
				<Point>
					<gx:drawOrder>1</gx:drawOrder>
					<coordinates>73.46367158309306,19.64199994892006,0</coordinates>
				</Point>
			</Placemark>
			<Placemark>
				<name>75</name>
				<LookAt>
					<longitude>73.4636256903871</longitude>
					<latitude>19.64185410145796</latitude>
					<altitude>0</altitude>
					<heading>0.4441777895802884</heading>
					<tilt>0</tilt>
					<range>172.5672876492377</range>
					<gx:altitudeMode>relativeToSeaFloor</gx:altitudeMode>
				</LookAt>
				<styleUrl>#msn_wht-blank</styleUrl>
				<Point>
					<gx:drawOrder>1</gx:drawOrder>
					<coordinates>73.46378870027405,19.64211630002911,0</coordinates>
				</Point>
			</Placemark>
			<Placemark>
				<name>76</name>
				<LookAt>
					<longitude>73.4636256903871</longitude>
					<latitude>19.64185410145796</latitude>
					<altitude>0</altitude>
					<heading>0.4441777895802884</heading>
					<tilt>0</tilt>
					<range>172.5672876492377</range>
					<gx:altitudeMode>relativeToSeaFloor</gx:altitudeMode>
				</LookAt>
				<styleUrl>#msn_wht-blank</styleUrl>
				<Point>
					<gx:drawOrder>1</gx:drawOrder>
					<coordinates>73.46388283223477,19.64204307553246,0</coordinates>
				</Point>
			</Placemark>
			<Placemark>
				<name>77</name>
				<LookAt>
					<longitude>73.46353050751596</longitude>
					<latitude>19.64190151138675</latitude>
					<altitude>0</altitude>
					<heading>0.4441457946130631</heading>
					<tilt>0</tilt>
					<range>173.0010203918411</range>
					<gx:altitudeMode>relativeToSeaFloor</gx:altitudeMode>
				</LookAt>
				<styleUrl>#msn_wht-blank</styleUrl>
				<Point>
					<gx:drawOrder>1</gx:drawOrder>
					<coordinates>73.46398365895553,19.64195294093209,0</coordinates>
				</Point>
			</Placemark>
			<Placemark>
				<name>78</name>
				<LookAt>
					<longitude>73.46359038190609</longitude>
					<latitude>19.64206079504668</latitude>
					<altitude>0</altitude>
					<heading>0.4441659198473694</heading>
					<tilt>0</tilt>
					<range>173.1680248016955</range>
					<gx:altitudeMode>relativeToSeaFloor</gx:altitudeMode>
				</LookAt>
				<styleUrl>#msn_wht-blank</styleUrl>
				<Point>
					<gx:drawOrder>1</gx:drawOrder>
					<coordinates>73.46406579731456,19.64189820126814,0</coordinates>
				</Point>
			</Placemark>
			<Placemark>
				<name>79</name>
				<LookAt>
					<longitude>73.46385417571344</longitude>
					<latitude>19.64186766946871</latitude>
					<altitude>0</altitude>
					<heading>0.4442545923334212</heading>
					<tilt>0</tilt>
					<range>173.2959705138674</range>
					<gx:altitudeMode>relativeToSeaFloor</gx:altitudeMode>
				</LookAt>
				<styleUrl>#msn_wht-blank</styleUrl>
				<Point>
					<gx:drawOrder>1</gx:drawOrder>
					<coordinates>73.46415718093542,19.64180677691919,0</coordinates>
				</Point>
			</Placemark>
			<Placemark>
				<name>80</name>
				<LookAt>
					<longitude>73.46385417571344</longitude>
					<latitude>19.64186766946871</latitude>
					<altitude>0</altitude>
					<heading>0.4442545923334212</heading>
					<tilt>0</tilt>
					<range>173.2959705138674</range>
					<gx:altitudeMode>relativeToSeaFloor</gx:altitudeMode>
				</LookAt>
				<styleUrl>#msn_wht-blank</styleUrl>
				<Point>
					<gx:drawOrder>1</gx:drawOrder>
					<coordinates>73.4642421483933,19.64173396671718,0</coordinates>
				</Point>
			</Placemark>
			<Placemark>
				<name>81</name>
				<LookAt>
					<longitude>73.46385417571344</longitude>
					<latitude>19.64186766946871</latitude>
					<altitude>0</altitude>
					<heading>0.4442545923334212</heading>
					<tilt>0</tilt>
					<range>173.2959705138674</range>
					<gx:altitudeMode>relativeToSeaFloor</gx:altitudeMode>
				</LookAt>
				<styleUrl>#msn_wht-blank</styleUrl>
				<Point>
					<gx:drawOrder>1</gx:drawOrder>
					<coordinates>73.4643345602247,19.64166217752892,0</coordinates>
				</Point>
			</Placemark>
			<Placemark>
				<name>82</name>
				<LookAt>
					<longitude>73.46385417571344</longitude>
					<latitude>19.64186766946871</latitude>
					<altitude>0</altitude>
					<heading>0.4442545923334212</heading>
					<tilt>0</tilt>
					<range>173.2959705138674</range>
					<gx:altitudeMode>relativeToSeaFloor</gx:altitudeMode>
				</LookAt>
				<styleUrl>#msn_wht-blank</styleUrl>
				<Point>
					<gx:drawOrder>1</gx:drawOrder>
					<coordinates>73.46442273823649,19.64158366720435,0</coordinates>
				</Point>
			</Placemark>
			<Placemark>
				<name>83</name>
				<LookAt>
					<longitude>73.46385417571344</longitude>
					<latitude>19.64186766946871</latitude>
					<altitude>0</altitude>
					<heading>0.4442545923334212</heading>
					<tilt>0</tilt>
					<range>173.2959705138674</range>
					<gx:altitudeMode>relativeToSeaFloor</gx:altitudeMode>
				</LookAt>
				<styleUrl>#msn_wht-blank</styleUrl>
				<Point>
					<gx:drawOrder>1</gx:drawOrder>
					<coordinates>73.46451337591928,19.64150326626367,0</coordinates>
				</Point>
			</Placemark>
			<Placemark>
				<name>84</name>
				<LookAt>
					<longitude>73.46385417571344</longitude>
					<latitude>19.64186766946871</latitude>
					<altitude>0</altitude>
					<heading>0.4442545923334212</heading>
					<tilt>0</tilt>
					<range>173.2959705138674</range>
					<gx:altitudeMode>relativeToSeaFloor</gx:altitudeMode>
				</LookAt>
				<styleUrl>#msn_wht-blank</styleUrl>
				<Point>
					<gx:drawOrder>1</gx:drawOrder>
					<coordinates>73.46459982869217,19.64142659270555,0</coordinates>
				</Point>
			</Placemark>
			<Placemark>
				<name>85</name>
				<LookAt>
					<longitude>73.46434247290806</longitude>
					<latitude>19.64196750157805</latitude>
					<altitude>0</altitude>
					<heading>0.4444187258810627</heading>
					<tilt>0</tilt>
					<range>176.7372857126023</range>
					<gx:altitudeMode>relativeToSeaFloor</gx:altitudeMode>
				</LookAt>
				<styleUrl>#msn_wht-blank</styleUrl>
				<Point>
					<gx:drawOrder>1</gx:drawOrder>
					<coordinates>73.46489959210483,19.64155618252936,0</coordinates>
				</Point>
			</Placemark>
			<Placemark>
				<name>86</name>
				<LookAt>
					<longitude>73.46434247290806</longitude>
					<latitude>19.64196750157805</latitude>
					<altitude>0</altitude>
					<heading>0.4444187258810627</heading>
					<tilt>0</tilt>
					<range>176.7372857126023</range>
					<gx:altitudeMode>relativeToSeaFloor</gx:altitudeMode>
				</LookAt>
				<styleUrl>#msn_wht-blank</styleUrl>
				<Point>
					<gx:drawOrder>1</gx:drawOrder>
					<coordinates>73.4648172940462,19.64163438543815,0</coordinates>
				</Point>
			</Placemark>
			<Placemark>
				<name>87</name>
				<LookAt>
					<longitude>73.46442006541837</longitude>
					<latitude>19.64187002790541</latitude>
					<altitude>0</altitude>
					<heading>0.4444448080654554</heading>
					<tilt>0</tilt>
					<range>176.3117493472265</range>
					<gx:altitudeMode>relativeToSeaFloor</gx:altitudeMode>
				</LookAt>
				<styleUrl>#msn_wht-blank</styleUrl>
				<Point>
					<gx:drawOrder>1</gx:drawOrder>
					<coordinates>73.46470775286859,19.64171808419908,0</coordinates>
				</Point>
			</Placemark>
			<Placemark>
				<name>88</name>
				<LookAt>
					<longitude>73.46442006541837</longitude>
					<latitude>19.64187002790541</latitude>
					<altitude>0</altitude>
					<heading>0.4444448080654554</heading>
					<tilt>0</tilt>
					<range>176.3117493472265</range>
					<gx:altitudeMode>relativeToSeaFloor</gx:altitudeMode>
				</LookAt>
				<styleUrl>#msn_wht-blank</styleUrl>
				<Point>
					<gx:drawOrder>1</gx:drawOrder>
					<coordinates>73.46463030650806,19.64179054312036,0</coordinates>
				</Point>
			</Placemark>
			<Placemark>
				<name>89</name>
				<LookAt>
					<longitude>73.46442006541837</longitude>
					<latitude>19.64187002790541</latitude>
					<altitude>0</altitude>
					<heading>0.4444448080654554</heading>
					<tilt>0</tilt>
					<range>176.3117493472265</range>
					<gx:altitudeMode>relativeToSeaFloor</gx:altitudeMode>
				</LookAt>
				<styleUrl>#msn_wht-blank</styleUrl>
				<Point>
					<gx:drawOrder>1</gx:drawOrder>
					<coordinates>73.46453959289313,19.64186276851728,0</coordinates>
				</Point>
			</Placemark>
			<Placemark>
				<name>90</name>
				<LookAt>
					<longitude>73.46442006541837</longitude>
					<latitude>19.64187002790541</latitude>
					<altitude>0</altitude>
					<heading>0.4444448080654554</heading>
					<tilt>0</tilt>
					<range>176.3117493472265</range>
					<gx:altitudeMode>relativeToSeaFloor</gx:altitudeMode>
				</LookAt>
				<styleUrl>#msn_wht-blank</styleUrl>
				<Point>
					<gx:drawOrder>1</gx:drawOrder>
					<coordinates>73.46444050857666,19.64194740738628,0</coordinates>
				</Point>
			</Placemark>
			<Placemark>
				<name>91</name>
				<LookAt>
					<longitude>73.46442006541837</longitude>
					<latitude>19.64187002790541</latitude>
					<altitude>0</altitude>
					<heading>0.4444448080654554</heading>
					<tilt>0</tilt>
					<range>176.3117493472265</range>
					<gx:altitudeMode>relativeToSeaFloor</gx:altitudeMode>
				</LookAt>
				<styleUrl>#msn_wht-blank</styleUrl>
				<Point>
					<gx:drawOrder>1</gx:drawOrder>
					<coordinates>73.46435426975263,19.64202074892584,0</coordinates>
				</Point>
			</Placemark>
			<Placemark>
				<name>92</name>
				<LookAt>
					<longitude>73.46433437066975</longitude>
					<latitude>19.641973121218</latitude>
					<altitude>0</altitude>
					<heading>0.4444160024533099</heading>
					<tilt>0</tilt>
					<range>176.7365393477581</range>
					<gx:altitudeMode>relativeToSeaFloor</gx:altitudeMode>
				</LookAt>
				<styleUrl>#msn_wht-blank</styleUrl>
				<Point>
					<gx:drawOrder>1</gx:drawOrder>
					<coordinates>73.46426198459589,19.64209252567024,0</coordinates>
				</Point>
			</Placemark>
			<Placemark>
				<name>93</name>
				<LookAt>
					<longitude>73.46433437066975</longitude>
					<latitude>19.641973121218</latitude>
					<altitude>0</altitude>
					<heading>0.4444160024533099</heading>
					<tilt>0</tilt>
					<range>176.7365393477581</range>
					<gx:altitudeMode>relativeToSeaFloor</gx:altitudeMode>
				</LookAt>
				<styleUrl>#msn_wht-blank</styleUrl>
				<Point>
					<gx:drawOrder>1</gx:drawOrder>
					<coordinates>73.46418404089165,19.64216596722374,0</coordinates>
				</Point>
			</Placemark>
			<Placemark>
				<name>94</name>
				<LookAt>
					<longitude>73.46433437066975</longitude>
					<latitude>19.641973121218</latitude>
					<altitude>0</altitude>
					<heading>0.4444160024533099</heading>
					<tilt>0</tilt>
					<range>176.7365393477581</range>
					<gx:altitudeMode>relativeToSeaFloor</gx:altitudeMode>
				</LookAt>
				<styleUrl>#msn_wht-blank</styleUrl>
				<Point>
					<gx:drawOrder>1</gx:drawOrder>
					<coordinates>73.46409510434498,19.64223683503564,0</coordinates>
				</Point>
			</Placemark>
			<Placemark>
				<name>95</name>
				<LookAt>
					<longitude>73.46433437066975</longitude>
					<latitude>19.641973121218</latitude>
					<altitude>0</altitude>
					<heading>0.4444160024533099</heading>
					<tilt>0</tilt>
					<range>176.7365393477581</range>
					<gx:altitudeMode>relativeToSeaFloor</gx:altitudeMode>
				</LookAt>
				<styleUrl>#msn_wht-blank</styleUrl>
				<Point>
					<gx:drawOrder>1</gx:drawOrder>
					<coordinates>73.46400078041823,19.64232592498847,0</coordinates>
				</Point>
			</Placemark>
			<Placemark>
				<name>96</name>
				<LookAt>
					<longitude>73.46433437066975</longitude>
					<latitude>19.641973121218</latitude>
					<altitude>0</altitude>
					<heading>0.4444160024533099</heading>
					<tilt>0</tilt>
					<range>176.7365393477581</range>
					<gx:altitudeMode>relativeToSeaFloor</gx:altitudeMode>
				</LookAt>
				<styleUrl>#msn_wht-blank</styleUrl>
				<Point>
					<gx:drawOrder>1</gx:drawOrder>
					<coordinates>73.46412127145499,19.64246273472514,0</coordinates>
				</Point>
			</Placemark>
			<Placemark>
				<name>97</name>
				<LookAt>
					<longitude>73.46433437066975</longitude>
					<latitude>19.641973121218</latitude>
					<altitude>0</altitude>
					<heading>0.4444160024533099</heading>
					<tilt>0</tilt>
					<range>176.7365393477581</range>
					<gx:altitudeMode>relativeToSeaFloor</gx:altitudeMode>
				</LookAt>
				<styleUrl>#msn_wht-blank</styleUrl>
				<Point>
					<gx:drawOrder>1</gx:drawOrder>
					<coordinates>73.46422802978486,19.64236838358664,0</coordinates>
				</Point>
			</Placemark>
			<Placemark>
				<name>98</name>
				<LookAt>
					<longitude>73.46433437066975</longitude>
					<latitude>19.641973121218</latitude>
					<altitude>0</altitude>
					<heading>0.4444160024533099</heading>
					<tilt>0</tilt>
					<range>176.7365393477581</range>
					<gx:altitudeMode>relativeToSeaFloor</gx:altitudeMode>
				</LookAt>
				<styleUrl>#msn_wht-blank</styleUrl>
				<Point>
					<gx:drawOrder>1</gx:drawOrder>
					<coordinates>73.46430184592194,19.64229072257461,0</coordinates>
				</Point>
			</Placemark>
			<Placemark>
				<name>99</name>
				<LookAt>
					<longitude>73.46433437066975</longitude>
					<latitude>19.641973121218</latitude>
					<altitude>0</altitude>
					<heading>0.4444160024533099</heading>
					<tilt>0</tilt>
					<range>176.7365393477581</range>
					<gx:altitudeMode>relativeToSeaFloor</gx:altitudeMode>
				</LookAt>
				<styleUrl>#msn_wht-blank</styleUrl>
				<Point>
					<gx:drawOrder>1</gx:drawOrder>
					<coordinates>73.46439019089783,19.64221840145363,0</coordinates>
				</Point>
			</Placemark>
			<Placemark>
				<name>100</name>
				<LookAt>
					<longitude>73.46433437066975</longitude>
					<latitude>19.641973121218</latitude>
					<altitude>0</altitude>
					<heading>0.4444160024533099</heading>
					<tilt>0</tilt>
					<range>176.7365393477581</range>
					<gx:altitudeMode>relativeToSeaFloor</gx:altitudeMode>
				</LookAt>
				<styleUrl>#msn_wht-blank</styleUrl>
				<Point>
					<gx:drawOrder>1</gx:drawOrder>
					<coordinates>73.46448254920328,19.64214481898813,0</coordinates>
				</Point>
			</Placemark>
			<Placemark>
				<name>101</name>
				<LookAt>
					<longitude>73.46455999942076</longitude>
					<latitude>19.64207034717215</latitude>
					<altitude>0</altitude>
					<heading>0.4444918446894126</heading>
					<tilt>0</tilt>
					<range>176.418381467049</range>
					<gx:altitudeMode>relativeToSeaFloor</gx:altitudeMode>
				</LookAt>
				<styleUrl>#msn_wht-blank</styleUrl>
				<Point>
					<gx:drawOrder>1</gx:drawOrder>
					<coordinates>73.46456615020955,19.64206622481893,0</coordinates>
				</Point>
			</Placemark>
			<Placemark>
				<name>102</name>
				<LookAt>
					<longitude>73.46455972110155</longitude>
					<latitude>19.64203656221476</latitude>
					<altitude>0</altitude>
					<heading>0.4444917511657585</heading>
					<tilt>0</tilt>
					<range>176.2209936566468</range>
					<gx:altitudeMode>relativeToSeaFloor</gx:altitudeMode>
				</LookAt>
				<styleUrl>#msn_wht-blank</styleUrl>
				<Point>
					<gx:drawOrder>1</gx:drawOrder>
					<coordinates>73.46465026451227,19.6419867030086,0</coordinates>
				</Point>
			</Placemark>
			<Placemark>
				<name>103</name>
				<LookAt>
					<longitude>73.46455972110155</longitude>
					<latitude>19.64203656221476</latitude>
					<altitude>0</altitude>
					<heading>0.4444917511657585</heading>
					<tilt>0</tilt>
					<range>176.2209936566468</range>
					<gx:altitudeMode>relativeToSeaFloor</gx:altitudeMode>
				</LookAt>
				<styleUrl>#msn_wht-blank</styleUrl>
				<Point>
					<gx:drawOrder>1</gx:drawOrder>
					<coordinates>73.46473816151025,19.64190702433798,0</coordinates>
				</Point>
			</Placemark>
			<Placemark>
				<name>104</name>
				<LookAt>
					<longitude>73.46488739947304</longitude>
					<latitude>19.64184414205901</latitude>
					<altitude>0</altitude>
					<heading>0.4446018957525777</heading>
					<tilt>0</tilt>
					<range>172.1457555384905</range>
					<gx:altitudeMode>relativeToSeaFloor</gx:altitudeMode>
				</LookAt>
				<styleUrl>#msn_wht-blank</styleUrl>
				<Point>
					<gx:drawOrder>1</gx:drawOrder>
					<coordinates>73.46482914376955,19.64183486467792,0</coordinates>
				</Point>
			</Placemark>
			<Placemark>
				<name>105</name>
				<LookAt>
					<longitude>73.46488739947304</longitude>
					<latitude>19.64184414205901</latitude>
					<altitude>0</altitude>
					<heading>0.4446018957525777</heading>
					<tilt>0</tilt>
					<range>172.1457555384905</range>
					<gx:altitudeMode>relativeToSeaFloor</gx:altitudeMode>
				</LookAt>
				<styleUrl>#msn_wht-blank</styleUrl>
				<Point>
					<gx:drawOrder>1</gx:drawOrder>
					<coordinates>73.46492030266435,19.64174348631616,0</coordinates>
				</Point>
			</Placemark>
			<Placemark>
				<name>106</name>
				<LookAt>
					<longitude>73.46488739947304</longitude>
					<latitude>19.64184414205901</latitude>
					<altitude>0</altitude>
					<heading>0.4446018957525777</heading>
					<tilt>0</tilt>
					<range>172.1457555384905</range>
					<gx:altitudeMode>relativeToSeaFloor</gx:altitudeMode>
				</LookAt>
				<styleUrl>#msn_wht-blank</styleUrl>
				<Point>
					<gx:drawOrder>1</gx:drawOrder>
					<coordinates>73.4650227755925,19.64167079543434,0</coordinates>
				</Point>
			</Placemark>
			<Placemark>
				<name>107</name>
				<LookAt>
					<longitude>73.46554381829681</longitude>
					<latitude>19.6431077976907</latitude>
					<altitude>0</altitude>
					<heading>0.4448225446634702</heading>
					<tilt>0</tilt>
					<range>316.2843148738346</range>
					<gx:altitudeMode>relativeToSeaFloor</gx:altitudeMode>
				</LookAt>
				<styleUrl>#msn_wht-blank</styleUrl>
				<Point>
					<gx:drawOrder>1</gx:drawOrder>
					<coordinates>73.46638557250301,19.64321899764486,0</coordinates>
				</Point>
			</Placemark>
			<Placemark>
				<name>108</name>
				<LookAt>
					<longitude>73.46554381829681</longitude>
					<latitude>19.6431077976907</latitude>
					<altitude>0</altitude>
					<heading>0.4448225446634702</heading>
					<tilt>0</tilt>
					<range>316.2843148738346</range>
					<gx:altitudeMode>relativeToSeaFloor</gx:altitudeMode>
				</LookAt>
				<styleUrl>#msn_wht-blank</styleUrl>
				<Point>
					<gx:drawOrder>1</gx:drawOrder>
					<coordinates>73.46641938844402,19.64332499330557,0</coordinates>
				</Point>
			</Placemark>
			<Placemark>
				<name>109</name>
				<LookAt>
					<longitude>73.46554381829681</longitude>
					<latitude>19.6431077976907</latitude>
					<altitude>0</altitude>
					<heading>0.4448225446634702</heading>
					<tilt>0</tilt>
					<range>316.2843148738346</range>
					<gx:altitudeMode>relativeToSeaFloor</gx:altitudeMode>
				</LookAt>
				<styleUrl>#msn_wht-blank</styleUrl>
				<Point>
					<gx:drawOrder>1</gx:drawOrder>
					<coordinates>73.46646270486104,19.64343742501608,0</coordinates>
				</Point>
			</Placemark>
			<Placemark>
				<name>110</name>
				<LookAt>
					<longitude>73.46554381829681</longitude>
					<latitude>19.6431077976907</latitude>
					<altitude>0</altitude>
					<heading>0.4448225446634702</heading>
					<tilt>0</tilt>
					<range>316.2843148738346</range>
					<gx:altitudeMode>relativeToSeaFloor</gx:altitudeMode>
				</LookAt>
				<styleUrl>#msn_wht-blank</styleUrl>
				<Point>
					<gx:drawOrder>1</gx:drawOrder>
					<coordinates>73.46512617444706,19.64308003876487,0</coordinates>
				</Point>
			</Placemark>
			<Placemark>
				<name>111</name>
				<LookAt>
					<longitude>73.46554381829681</longitude>
					<latitude>19.6431077976907</latitude>
					<altitude>0</altitude>
					<heading>0.4448225446634702</heading>
					<tilt>0</tilt>
					<range>316.2843148738346</range>
					<gx:altitudeMode>relativeToSeaFloor</gx:altitudeMode>
				</LookAt>
				<styleUrl>#msn_wht-blank</styleUrl>
				<Point>
					<gx:drawOrder>1</gx:drawOrder>
					<coordinates>73.46569437608109,19.64346075298062,0</coordinates>
				</Point>
			</Placemark>
			<Placemark>
				<name>112</name>
				<LookAt>
					<longitude>73.46554381829681</longitude>
					<latitude>19.6431077976907</latitude>
					<altitude>0</altitude>
					<heading>0.4448225446634702</heading>
					<tilt>0</tilt>
					<range>316.2843148738346</range>
					<gx:altitudeMode>relativeToSeaFloor</gx:altitudeMode>
				</LookAt>
				<styleUrl>#msn_wht-blank</styleUrl>
				<Point>
					<gx:drawOrder>1</gx:drawOrder>
					<coordinates>73.4656581756559,19.64332847827288,0</coordinates>
				</Point>
			</Placemark>
			<Placemark>
				<name>113</name>
				<LookAt>
					<longitude>73.46552365107443</longitude>
					<latitude>19.64308702062208</latitude>
					<altitude>0</altitude>
					<heading>0.4448157652439413</heading>
					<tilt>0</tilt>
					<range>315.8775442427412</range>
					<gx:altitudeMode>relativeToSeaFloor</gx:altitudeMode>
				</LookAt>
				<styleUrl>#msn_wht-blank</styleUrl>
				<Point>
					<gx:drawOrder>1</gx:drawOrder>
					<coordinates>73.46560710927228,19.64319673019909,0</coordinates>
				</Point>
			</Placemark>
			<Placemark>
				<name>114</name>
				<LookAt>
					<longitude>73.46552365107443</longitude>
					<latitude>19.64308702062208</latitude>
					<altitude>0</altitude>
					<heading>0.4448157652439413</heading>
					<tilt>0</tilt>
					<range>315.8775442427412</range>
					<gx:altitudeMode>relativeToSeaFloor</gx:altitudeMode>
				</LookAt>
				<styleUrl>#msn_wht-blank</styleUrl>
				<Point>
					<gx:drawOrder>1</gx:drawOrder>
					<coordinates>73.46556551447496,19.64307110235546,0</coordinates>
				</Point>
			</Placemark>
			<Placemark>
				<name>115</name>
				<LookAt>
					<longitude>73.46552365107443</longitude>
					<latitude>19.64308702062208</latitude>
					<altitude>0</altitude>
					<heading>0.4448157652439413</heading>
					<tilt>0</tilt>
					<range>315.8775442427412</range>
					<gx:altitudeMode>relativeToSeaFloor</gx:altitudeMode>
				</LookAt>
				<styleUrl>#msn_wht-blank</styleUrl>
				<Point>
					<gx:drawOrder>1</gx:drawOrder>
					<coordinates>73.46552231822638,19.64292532530302,0</coordinates>
				</Point>
			</Placemark>
			<Placemark>
				<name>116</name>
				<LookAt>
					<longitude>73.46552365107443</longitude>
					<latitude>19.64308702062208</latitude>
					<altitude>0</altitude>
					<heading>0.4448157652439413</heading>
					<tilt>0</tilt>
					<range>315.8775442427412</range>
					<gx:altitudeMode>relativeToSeaFloor</gx:altitudeMode>
				</LookAt>
				<styleUrl>#msn_wht-blank</styleUrl>
				<Point>
					<gx:drawOrder>1</gx:drawOrder>
					<coordinates>73.46542110297152,19.64277559965624,0</coordinates>
				</Point>
			</Placemark>
			<Placemark>
				<name>117</name>
				<LookAt>
					<longitude>73.46480925518873</longitude>
					<latitude>19.64241614890718</latitude>
					<altitude>0</altitude>
					<heading>0.4445756159358795</heading>
					<tilt>0</tilt>
					<range>313.4601044620442</range>
					<gx:altitudeMode>relativeToSeaFloor</gx:altitudeMode>
				</LookAt>
				<styleUrl>#msn_wht-blank</styleUrl>
				<Point>
					<gx:drawOrder>1</gx:drawOrder>
					<coordinates>73.4653172095712,19.64267109135816,0</coordinates>
				</Point>
			</Placemark>
			<Placemark>
				<name>118</name>
				<LookAt>
					<longitude>73.46480925518873</longitude>
					<latitude>19.64241614890718</latitude>
					<altitude>0</altitude>
					<heading>0.4445756159358795</heading>
					<tilt>0</tilt>
					<range>313.4601044620442</range>
					<gx:altitudeMode>relativeToSeaFloor</gx:altitudeMode>
				</LookAt>
				<styleUrl>#msn_wht-blank</styleUrl>
				<Point>
					<gx:drawOrder>1</gx:drawOrder>
					<coordinates>73.46521694175868,19.64257587719534,0</coordinates>
				</Point>
			</Placemark>
			<Placemark>
				<name>119</name>
				<LookAt>
					<longitude>73.46445924491566</longitude>
					<latitude>19.64228939603285</latitude>
					<altitude>0</altitude>
					<heading>0.4444579634268086</heading>
					<tilt>0</tilt>
					<range>315.4607401005005</range>
					<gx:altitudeMode>relativeToSeaFloor</gx:altitudeMode>
				</LookAt>
				<styleUrl>#msn_wht-blank</styleUrl>
				<Point>
					<gx:drawOrder>1</gx:drawOrder>
					<coordinates>73.46512412657908,19.64247401387281,0</coordinates>
				</Point>
			</Placemark>
			<Placemark>
				<name>120</name>
				<LookAt>
					<longitude>73.46428860001124</longitude>
					<latitude>19.64264413881113</latitude>
					<altitude>0</altitude>
					<heading>0.4444005970750415</heading>
					<tilt>0</tilt>
					<range>319.5745803466222</range>
					<gx:altitudeMode>relativeToSeaFloor</gx:altitudeMode>
				</LookAt>
				<styleUrl>#msn_wht-blank</styleUrl>
				<Point>
					<gx:drawOrder>1</gx:drawOrder>
					<coordinates>73.46502675531201,19.64237109648271,0</coordinates>
				</Point>
			</Placemark>
			<Placemark>
				<name>121</name>
				<LookAt>
					<longitude>73.46419627821327</longitude>
					<latitude>19.64260887452023</latitude>
					<altitude>0</altitude>
					<heading>0.4443695631818936</heading>
					<tilt>0</tilt>
					<range>318.7634441075493</range>
					<gx:altitudeMode>relativeToSeaFloor</gx:altitudeMode>
				</LookAt>
				<styleUrl>#msn_wht-blank</styleUrl>
				<Point>
					<gx:drawOrder>1</gx:drawOrder>
					<coordinates>73.46498884307816,19.64214221313594,0</coordinates>
				</Point>
			</Placemark>
			<Placemark>
				<name>122</name>
				<LookAt>
					<longitude>73.46419627821327</longitude>
					<latitude>19.64260887452023</latitude>
					<altitude>0</altitude>
					<heading>0.4443695631818936</heading>
					<tilt>0</tilt>
					<range>318.7634441075493</range>
					<gx:altitudeMode>relativeToSeaFloor</gx:altitudeMode>
				</LookAt>
				<styleUrl>#msn_wht-blank</styleUrl>
				<Point>
					<gx:drawOrder>1</gx:drawOrder>
					<coordinates>73.46489493016487,19.64222091819673,0</coordinates>
				</Point>
			</Placemark>
			<Placemark>
				<name>123</name>
				<LookAt>
					<longitude>73.46419627821327</longitude>
					<latitude>19.64260887452023</latitude>
					<altitude>0</altitude>
					<heading>0.4443695631818936</heading>
					<tilt>0</tilt>
					<range>318.7634441075493</range>
					<gx:altitudeMode>relativeToSeaFloor</gx:altitudeMode>
				</LookAt>
				<styleUrl>#msn_wht-blank</styleUrl>
				<Point>
					<gx:drawOrder>1</gx:drawOrder>
					<coordinates>73.46481579298495,19.64230007147985,0</coordinates>
				</Point>
			</Placemark>
			<Placemark>
				<name>124</name>
				<LookAt>
					<longitude>73.46419627821327</longitude>
					<latitude>19.64260887452023</latitude>
					<altitude>0</altitude>
					<heading>0.4443695631818936</heading>
					<tilt>0</tilt>
					<range>318.7634441075493</range>
					<gx:altitudeMode>relativeToSeaFloor</gx:altitudeMode>
				</LookAt>
				<styleUrl>#msn_wht-blank</styleUrl>
				<Point>
					<gx:drawOrder>1</gx:drawOrder>
					<coordinates>73.46471452726369,19.64237153959453,0</coordinates>
				</Point>
			</Placemark>
			<Placemark>
				<name>125</name>
				<LookAt>
					<longitude>73.46419627821327</longitude>
					<latitude>19.64260887452023</latitude>
					<altitude>0</altitude>
					<heading>0.4443695631818936</heading>
					<tilt>0</tilt>
					<range>318.7634441075493</range>
					<gx:altitudeMode>relativeToSeaFloor</gx:altitudeMode>
				</LookAt>
				<styleUrl>#msn_wht-blank</styleUrl>
				<Point>
					<gx:drawOrder>1</gx:drawOrder>
					<coordinates>73.4646338268283,19.64245016136785,0</coordinates>
				</Point>
			</Placemark>
			<Placemark>
				<name>126</name>
				<LookAt>
					<longitude>73.46419627821327</longitude>
					<latitude>19.64260887452023</latitude>
					<altitude>0</altitude>
					<heading>0.4443695631818936</heading>
					<tilt>0</tilt>
					<range>318.7634441075493</range>
					<gx:altitudeMode>relativeToSeaFloor</gx:altitudeMode>
				</LookAt>
				<styleUrl>#msn_wht-blank</styleUrl>
				<Point>
					<gx:drawOrder>1</gx:drawOrder>
					<coordinates>73.46455184075077,19.6425276429341,0</coordinates>
				</Point>
			</Placemark>
			<Placemark>
				<name>127</name>
				<LookAt>
					<longitude>73.46419627821327</longitude>
					<latitude>19.64260887452023</latitude>
					<altitude>0</altitude>
					<heading>0.4443695631818936</heading>
					<tilt>0</tilt>
					<range>318.7634441075493</range>
					<gx:altitudeMode>relativeToSeaFloor</gx:altitudeMode>
				</LookAt>
				<styleUrl>#msn_wht-blank</styleUrl>
				<Point>
					<gx:drawOrder>1</gx:drawOrder>
					<coordinates>73.46446264876235,19.64260165677087,0</coordinates>
				</Point>
			</Placemark>
			<Placemark>
				<name>128</name>
				<LookAt>
					<longitude>73.46419627821327</longitude>
					<latitude>19.64260887452023</latitude>
					<altitude>0</altitude>
					<heading>0.4443695631818936</heading>
					<tilt>0</tilt>
					<range>318.7634441075493</range>
					<gx:altitudeMode>relativeToSeaFloor</gx:altitudeMode>
				</LookAt>
				<styleUrl>#msn_wht-blank</styleUrl>
				<Point>
					<gx:drawOrder>1</gx:drawOrder>
					<coordinates>73.46436547572686,19.64268701173518,0</coordinates>
				</Point>
			</Placemark>
			<Placemark>
				<name>129</name>
				<LookAt>
					<longitude>73.46347400847944</longitude>
					<latitude>19.64305186521631</latitude>
					<altitude>0</altitude>
					<heading>0.4441267695402625</heading>
					<tilt>0</tilt>
					<range>320.334148422884</range>
					<gx:altitudeMode>relativeToSeaFloor</gx:altitudeMode>
				</LookAt>
				<styleUrl>#msn_wht-blank</styleUrl>
				<Point>
					<gx:drawOrder>1</gx:drawOrder>
					<coordinates>73.46400714966464,19.64286572278196,0</coordinates>
				</Point>
			</Placemark>
			<Placemark>
				<name>130</name>
				<LookAt>
					<longitude>73.46333158244748</longitude>
					<latitude>19.64272052188538</latitude>
					<altitude>0</altitude>
					<heading>0.4440788881748118</heading>
					<tilt>0</tilt>
					<range>319.6860981045435</range>
					<gx:altitudeMode>relativeToSeaFloor</gx:altitudeMode>
				</LookAt>
				<styleUrl>#msn_wht-blank</styleUrl>
				<Point>
					<gx:drawOrder>1</gx:drawOrder>
					<coordinates>73.46389072806286,19.64274464017015,0</coordinates>
				</Point>
			</Placemark>
			<Placemark>
				<name>131</name>
				<LookAt>
					<longitude>73.46333158244748</longitude>
					<latitude>19.64272052188538</latitude>
					<altitude>0</altitude>
					<heading>0.4440788881748118</heading>
					<tilt>0</tilt>
					<range>319.6860981045435</range>
					<gx:altitudeMode>relativeToSeaFloor</gx:altitudeMode>
				</LookAt>
				<styleUrl>#msn_wht-blank</styleUrl>
				<Point>
					<gx:drawOrder>1</gx:drawOrder>
					<coordinates>73.46376512440507,19.64261455329493,0</coordinates>
				</Point>
			</Placemark>
			<Placemark>
				<name>132</name>
				<LookAt>
					<longitude>73.46333158244748</longitude>
					<latitude>19.64272052188538</latitude>
					<altitude>0</altitude>
					<heading>0.4440788881748118</heading>
					<tilt>0</tilt>
					<range>319.6860981045435</range>
					<gx:altitudeMode>relativeToSeaFloor</gx:altitudeMode>
				</LookAt>
				<styleUrl>#msn_wht-blank</styleUrl>
				<Point>
					<gx:drawOrder>1</gx:drawOrder>
					<coordinates>73.46365944738696,19.64250182665261,0</coordinates>
				</Point>
			</Placemark>
			<Placemark>
				<name>133</name>
				<LookAt>
					<longitude>73.46333158244748</longitude>
					<latitude>19.64272052188538</latitude>
					<altitude>0</altitude>
					<heading>0.4440788881748118</heading>
					<tilt>0</tilt>
					<range>319.6860981045435</range>
					<gx:altitudeMode>relativeToSeaFloor</gx:altitudeMode>
				</LookAt>
				<styleUrl>#msn_wht-blank</styleUrl>
				<Point>
					<gx:drawOrder>1</gx:drawOrder>
					<coordinates>73.46355044001798,19.64238726946079,0</coordinates>
				</Point>
			</Placemark>
			<Placemark>
				<name>134</name>
				<LookAt>
					<longitude>73.46274113585147</longitude>
					<latitude>19.64250603384212</latitude>
					<altitude>0</altitude>
					<heading>0.4438804108200188</heading>
					<tilt>0</tilt>
					<range>338.8433418423693</range>
					<gx:altitudeMode>relativeToSeaFloor</gx:altitudeMode>
				</LookAt>
				<styleUrl>#msn_wht-blank</styleUrl>
				<Point>
					<gx:drawOrder>1</gx:drawOrder>
					<coordinates>73.46343495755089,19.64227256023619,0</coordinates>
				</Point>
			</Placemark>
			<Placemark>
				<name>135</name>
				<LookAt>
					<longitude>73.46274113585147</longitude>
					<latitude>19.64250603384212</latitude>
					<altitude>0</altitude>
					<heading>0.4438804108200188</heading>
					<tilt>0</tilt>
					<range>338.8433418423693</range>
					<gx:altitudeMode>relativeToSeaFloor</gx:altitudeMode>
				</LookAt>
				<styleUrl>#msn_wht-blank</styleUrl>
				<Point>
					<gx:drawOrder>1</gx:drawOrder>
					<coordinates>73.46331225101106,19.64214660089214,0</coordinates>
				</Point>
			</Placemark>
			<Placemark>
				<name>136</name>
				<LookAt>
					<longitude>73.46267250686657</longitude>
					<latitude>19.64223408590799</latitude>
					<altitude>0</altitude>
					<heading>0.4438573421851403</heading>
					<tilt>0</tilt>
					<range>334.0920426441396</range>
					<gx:altitudeMode>relativeToSeaFloor</gx:altitudeMode>
				</LookAt>
				<styleUrl>#msn_wht-blank</styleUrl>
				<Point>
					<gx:drawOrder>1</gx:drawOrder>
					<coordinates>73.46319690858479,19.64203562789003,0</coordinates>
				</Point>
			</Placemark>
			<Placemark>
				<name>137</name>
				<LookAt>
					<longitude>73.46240772194506</longitude>
					<latitude>19.64193994901073</latitude>
					<altitude>0</altitude>
					<heading>0.4437683299427646</heading>
					<tilt>0</tilt>
					<range>339.2844894341318</range>
					<gx:altitudeMode>relativeToSeaFloor</gx:altitudeMode>
				</LookAt>
				<styleUrl>#msn_wht-blank</styleUrl>
				<Point>
					<gx:drawOrder>1</gx:drawOrder>
					<coordinates>73.4630707242686,19.64190052145049,0</coordinates>
				</Point>
			</Placemark>
			<Placemark>
				<name>138</name>
				<LookAt>
					<longitude>73.46240772194506</longitude>
					<latitude>19.64193994901073</latitude>
					<altitude>0</altitude>
					<heading>0.4437683299427646</heading>
					<tilt>0</tilt>
					<range>339.2844894341318</range>
					<gx:altitudeMode>relativeToSeaFloor</gx:altitudeMode>
				</LookAt>
				<styleUrl>#msn_wht-blank</styleUrl>
				<Point>
					<gx:drawOrder>1</gx:drawOrder>
					<coordinates>73.46295854382069,19.64179115546918,0</coordinates>
				</Point>
			</Placemark>
			<Placemark>
				<name>139</name>
				<LookAt>
					<longitude>73.46240772194506</longitude>
					<latitude>19.64193994901073</latitude>
					<altitude>0</altitude>
					<heading>0.4437683299427646</heading>
					<tilt>0</tilt>
					<range>339.2844894341318</range>
					<gx:altitudeMode>relativeToSeaFloor</gx:altitudeMode>
				</LookAt>
				<styleUrl>#msn_wht-blank</styleUrl>
				<Point>
					<gx:drawOrder>1</gx:drawOrder>
					<coordinates>73.46284100452834,19.64168155951464,0</coordinates>
				</Point>
			</Placemark>
			<Placemark>
				<name>140</name>
				<LookAt>
					<longitude>73.46183508084138</longitude>
					<latitude>19.64154754671765</latitude>
					<altitude>0</altitude>
					<heading>0.4435758437104589</heading>
					<tilt>0</tilt>
					<range>335.2407505192127</range>
					<gx:altitudeMode>relativeToSeaFloor</gx:altitudeMode>
				</LookAt>
				<styleUrl>#msn_wht-blank</styleUrl>
				<Point>
					<gx:drawOrder>1</gx:drawOrder>
					<coordinates>73.46232664806736,19.64140276538286,0</coordinates>
				</Point>
			</Placemark>
			<Placemark>
				<name>141</name>
				<LookAt>
					<longitude>73.4575139147473</longitude>
					<latitude>19.64261646618948</latitude>
					<altitude>0</altitude>
					<heading>0.4421606484628177</heading>
					<tilt>22.70703463894723</tilt>
					<range>257.9789686681365</range>
					<gx:altitudeMode>relativeToSeaFloor</gx:altitudeMode>
				</LookAt>
				<styleUrl>#msn_wht-blank</styleUrl>
				<Point>
					<gx:drawOrder>1</gx:drawOrder>
					<coordinates>73.45785179741131,19.64235401469697,0</coordinates>
				</Point>
			</Placemark>
			<Placemark>
				<name>142</name>
				<LookAt>
					<longitude>73.4575139147473</longitude>
					<latitude>19.64261646618948</latitude>
					<altitude>0</altitude>
					<heading>0.4421606484628177</heading>
					<tilt>22.70703463894723</tilt>
					<range>257.9789686681365</range>
					<gx:altitudeMode>relativeToSeaFloor</gx:altitudeMode>
				</LookAt>
				<styleUrl>#msn_wht-blank</styleUrl>
				<Point>
					<gx:drawOrder>1</gx:drawOrder>
					<coordinates>73.45790658820599,19.64247223403034,0</coordinates>
				</Point>
			</Placemark>
			<Placemark>
				<name>143</name>
				<LookAt>
					<longitude>73.4575139147473</longitude>
					<latitude>19.64261646618948</latitude>
					<altitude>0</altitude>
					<heading>0.4421606484628177</heading>
					<tilt>22.70703463894723</tilt>
					<range>257.9789686681365</range>
					<gx:altitudeMode>relativeToSeaFloor</gx:altitudeMode>
				</LookAt>
				<styleUrl>#msn_wht-blank</styleUrl>
				<Point>
					<gx:drawOrder>1</gx:drawOrder>
					<coordinates>73.45792939418814,19.64258551253629,0</coordinates>
				</Point>
			</Placemark>
			<Placemark>
				<name>144</name>
				<LookAt>
					<longitude>73.4575139147473</longitude>
					<latitude>19.64261646618948</latitude>
					<altitude>0</altitude>
					<heading>0.4421606484628177</heading>
					<tilt>22.70703463894723</tilt>
					<range>257.9789686681365</range>
					<gx:altitudeMode>relativeToSeaFloor</gx:altitudeMode>
				</LookAt>
				<styleUrl>#msn_wht-blank</styleUrl>
				<Point>
					<gx:drawOrder>1</gx:drawOrder>
					<coordinates>73.4579093360108,19.64267086045465,0</coordinates>
				</Point>
			</Placemark>
			<Placemark>
				<name>145</name>
				<LookAt>
					<longitude>73.4575139147473</longitude>
					<latitude>19.64261646618948</latitude>
					<altitude>0</altitude>
					<heading>0.4421606484628177</heading>
					<tilt>22.70703463894723</tilt>
					<range>257.9789686681365</range>
					<gx:altitudeMode>relativeToSeaFloor</gx:altitudeMode>
				</LookAt>
				<styleUrl>#msn_wht-blank</styleUrl>
				<Point>
					<gx:drawOrder>1</gx:drawOrder>
					<coordinates>73.45788014398023,19.64276379026247,0</coordinates>
				</Point>
			</Placemark>
			<Placemark>
				<name>146</name>
				<LookAt>
					<longitude>73.4575139147473</longitude>
					<latitude>19.64261646618948</latitude>
					<altitude>0</altitude>
					<heading>0.4421606484628177</heading>
					<tilt>22.70703463894723</tilt>
					<range>257.9789686681365</range>
					<gx:altitudeMode>relativeToSeaFloor</gx:altitudeMode>
				</LookAt>
				<styleUrl>#msn_wht-blank</styleUrl>
				<Point>
					<gx:drawOrder>1</gx:drawOrder>
					<coordinates>73.45784147171901,19.64287242435187,0</coordinates>
				</Point>
			</Placemark>
			<Placemark>
				<name>147</name>
				<LookAt>
					<longitude>73.4575139147473</longitude>
					<latitude>19.64261646618948</latitude>
					<altitude>0</altitude>
					<heading>0.4421606484628177</heading>
					<tilt>22.70703463894723</tilt>
					<range>257.9789686681365</range>
					<gx:altitudeMode>relativeToSeaFloor</gx:altitudeMode>
				</LookAt>
				<styleUrl>#msn_wht-blank</styleUrl>
				<Point>
					<gx:drawOrder>1</gx:drawOrder>
					<coordinates>73.45781922058899,19.6429648721461,0</coordinates>
				</Point>
			</Placemark>
			<Placemark>
				<name>148</name>
				<LookAt>
					<longitude>73.4575139147473</longitude>
					<latitude>19.64261646618948</latitude>
					<altitude>0</altitude>
					<heading>0.4421606484628177</heading>
					<tilt>22.70703463894723</tilt>
					<range>257.9789686681365</range>
					<gx:altitudeMode>relativeToSeaFloor</gx:altitudeMode>
				</LookAt>
				<styleUrl>#msn_wht-blank</styleUrl>
				<Point>
					<gx:drawOrder>1</gx:drawOrder>
					<coordinates>73.45779328543107,19.64304467846317,0</coordinates>
				</Point>
			</Placemark>
			<Placemark>
				<name>149</name>
				<LookAt>
					<longitude>73.4575139147473</longitude>
					<latitude>19.64261646618948</latitude>
					<altitude>0</altitude>
					<heading>0.4421606484628177</heading>
					<tilt>22.70703463894723</tilt>
					<range>257.9789686681365</range>
					<gx:altitudeMode>relativeToSeaFloor</gx:altitudeMode>
				</LookAt>
				<styleUrl>#msn_wht-blank</styleUrl>
				<Point>
					<gx:drawOrder>1</gx:drawOrder>
					<coordinates>73.45775974591146,19.64314849245585,0</coordinates>
				</Point>
			</Placemark>
			<Placemark>
				<name>150</name>
				<LookAt>
					<longitude>73.4575139147473</longitude>
					<latitude>19.64261646618948</latitude>
					<altitude>0</altitude>
					<heading>0.4421606484628177</heading>
					<tilt>22.70703463894723</tilt>
					<range>257.9789686681365</range>
					<gx:altitudeMode>relativeToSeaFloor</gx:altitudeMode>
				</LookAt>
				<styleUrl>#msn_wht-blank</styleUrl>
				<Point>
					<gx:drawOrder>1</gx:drawOrder>
					<coordinates>73.4577144732575,19.64324239843874,0</coordinates>
				</Point>
			</Placemark>
			<Placemark>
				<name>151</name>
				<LookAt>
					<longitude>73.4580207625288</longitude>
					<latitude>19.64328792455061</latitude>
					<altitude>0</altitude>
					<heading>0.4423310255191231</heading>
					<tilt>22.70702583730514</tilt>
					<range>255.440656362957</range>
					<gx:altitudeMode>relativeToSeaFloor</gx:altitudeMode>
				</LookAt>
				<styleUrl>#msn_wht-blank</styleUrl>
				<Point>
					<gx:drawOrder>1</gx:drawOrder>
					<coordinates>73.45833054853524,19.64305087406552,0</coordinates>
				</Point>
			</Placemark>
			<Placemark>
				<name>152</name>
				<LookAt>
					<longitude>73.4580207625288</longitude>
					<latitude>19.64328792455061</latitude>
					<altitude>0</altitude>
					<heading>0.4423310255191231</heading>
					<tilt>22.70702583730514</tilt>
					<range>255.440656362957</range>
					<gx:altitudeMode>relativeToSeaFloor</gx:altitudeMode>
				</LookAt>
				<styleUrl>#msn_wht-blank</styleUrl>
				<Point>
					<gx:drawOrder>1</gx:drawOrder>
					<coordinates>73.45834251812481,19.64320118920173,0</coordinates>
				</Point>
			</Placemark>
			<Placemark>
				<name>153</name>
				<LookAt>
					<longitude>73.4580207625288</longitude>
					<latitude>19.64328792455061</latitude>
					<altitude>0</altitude>
					<heading>0.4423310255191231</heading>
					<tilt>22.70702583730514</tilt>
					<range>255.440656362957</range>
					<gx:altitudeMode>relativeToSeaFloor</gx:altitudeMode>
				</LookAt>
				<styleUrl>#msn_wht-blank</styleUrl>
				<Point>
					<gx:drawOrder>1</gx:drawOrder>
					<coordinates>73.45829731631669,19.64330226670511,0</coordinates>
				</Point>
			</Placemark>
			<Placemark>
				<name>154</name>
				<LookAt>
					<longitude>73.4580207625288</longitude>
					<latitude>19.64328792455061</latitude>
					<altitude>0</altitude>
					<heading>0.4423310255191231</heading>
					<tilt>22.70702583730514</tilt>
					<range>255.440656362957</range>
					<gx:altitudeMode>relativeToSeaFloor</gx:altitudeMode>
				</LookAt>
				<styleUrl>#msn_wht-blank</styleUrl>
				<Point>
					<gx:drawOrder>1</gx:drawOrder>
					<coordinates>73.45826064757519,19.64339653244588,0</coordinates>
				</Point>
			</Placemark>
			<Placemark>
				<name>155</name>
				<LookAt>
					<longitude>73.45779617225294</longitude>
					<latitude>19.64376147686432</latitude>
					<altitude>0</altitude>
					<heading>0.4422555236157119</heading>
					<tilt>22.70703314149427</tilt>
					<range>257.5471245350383</range>
					<gx:altitudeMode>relativeToSeaFloor</gx:altitudeMode>
				</LookAt>
				<styleUrl>#msn_wht-blank</styleUrl>
				<Point>
					<gx:drawOrder>1</gx:drawOrder>
					<coordinates>73.45820969982005,19.6434644357259,0</coordinates>
				</Point>
			</Placemark>
			<Placemark>
				<name>156</name>
				<LookAt>
					<longitude>73.45779617225294</longitude>
					<latitude>19.64376147686432</latitude>
					<altitude>0</altitude>
					<heading>0.4422555236157119</heading>
					<tilt>22.70703314149427</tilt>
					<range>257.5471245350383</range>
					<gx:altitudeMode>relativeToSeaFloor</gx:altitudeMode>
				</LookAt>
				<styleUrl>#msn_wht-blank</styleUrl>
				<Point>
					<gx:drawOrder>1</gx:drawOrder>
					<coordinates>73.45816436126481,19.64354382282962,0</coordinates>
				</Point>
			</Placemark>
			<Placemark>
				<name>157</name>
				<LookAt>
					<longitude>73.45779617225294</longitude>
					<latitude>19.64376147686432</latitude>
					<altitude>0</altitude>
					<heading>0.4422555236157119</heading>
					<tilt>22.70703314149427</tilt>
					<range>257.5471245350383</range>
					<gx:altitudeMode>relativeToSeaFloor</gx:altitudeMode>
				</LookAt>
				<styleUrl>#msn_wht-blank</styleUrl>
				<Point>
					<gx:drawOrder>1</gx:drawOrder>
					<coordinates>73.45811789185261,19.64362587289113,0</coordinates>
				</Point>
			</Placemark>
			<Placemark>
				<name>158</name>
				<LookAt>
					<longitude>73.45779617225294</longitude>
					<latitude>19.64376147686432</latitude>
					<altitude>0</altitude>
					<heading>0.4422555236157119</heading>
					<tilt>22.70703314149427</tilt>
					<range>257.5471245350383</range>
					<gx:altitudeMode>relativeToSeaFloor</gx:altitudeMode>
				</LookAt>
				<styleUrl>#msn_wht-blank</styleUrl>
				<Point>
					<gx:drawOrder>1</gx:drawOrder>
					<coordinates>73.4580708904647,19.64369562825888,0</coordinates>
				</Point>
			</Placemark>
			<Placemark>
				<name>159</name>
				<LookAt>
					<longitude>73.4577997927115</longitude>
					<latitude>19.64376134875225</latitude>
					<altitude>0</altitude>
					<heading>0.4422567407985698</heading>
					<tilt>22.70703303936922</tilt>
					<range>257.5176704190021</range>
					<gx:altitudeMode>relativeToSeaFloor</gx:altitudeMode>
				</LookAt>
				<styleUrl>#msn_wht-blank</styleUrl>
				<Point>
					<gx:drawOrder>1</gx:drawOrder>
					<coordinates>73.45803093616719,19.64378749366902,0</coordinates>
				</Point>
			</Placemark>
			<Placemark>
				<name>160</name>
				<LookAt>
					<longitude>73.45779617225294</longitude>
					<latitude>19.64376147686432</latitude>
					<altitude>0</altitude>
					<heading>0.4422555236157119</heading>
					<tilt>22.70703314149427</tilt>
					<range>257.5471245350383</range>
					<gx:altitudeMode>relativeToSeaFloor</gx:altitudeMode>
				</LookAt>
				<styleUrl>#msn_wht-blank</styleUrl>
				<Point>
					<gx:drawOrder>1</gx:drawOrder>
					<coordinates>73.45798002017575,19.64386467157347,0</coordinates>
				</Point>
			</Placemark>
			<Placemark>
				<name>161</name>
				<LookAt>
					<longitude>73.45746873550729</longitude>
					<latitude>19.64424038158485</latitude>
					<altitude>0</altitude>
					<heading>0.442145444862702</heading>
					<tilt>22.70704475915592</tilt>
					<range>260.897558300546</range>
					<gx:altitudeMode>relativeToSeaFloor</gx:altitudeMode>
				</LookAt>
				<styleUrl>#msn_wht-blank</styleUrl>
				<Point>
					<gx:drawOrder>1</gx:drawOrder>
					<coordinates>73.45794542104355,19.64395862792399,0</coordinates>
				</Point>
			</Placemark>
			<Placemark>
				<name>162</name>
				<LookAt>
					<longitude>73.45746873550729</longitude>
					<latitude>19.64424038158485</latitude>
					<altitude>0</altitude>
					<heading>0.442145444862702</heading>
					<tilt>22.70704475915592</tilt>
					<range>260.897558300546</range>
					<gx:altitudeMode>relativeToSeaFloor</gx:altitudeMode>
				</LookAt>
				<styleUrl>#msn_wht-blank</styleUrl>
				<Point>
					<gx:drawOrder>1</gx:drawOrder>
					<coordinates>73.45788996137804,19.644028773386,0</coordinates>
				</Point>
			</Placemark>
			<Placemark>
				<name>163</name>
				<LookAt>
					<longitude>73.45746873550729</longitude>
					<latitude>19.64424038158485</latitude>
					<altitude>0</altitude>
					<heading>0.442145444862702</heading>
					<tilt>22.70704475915592</tilt>
					<range>260.897558300546</range>
					<gx:altitudeMode>relativeToSeaFloor</gx:altitudeMode>
				</LookAt>
				<styleUrl>#msn_wht-blank</styleUrl>
				<Point>
					<gx:drawOrder>1</gx:drawOrder>
					<coordinates>73.45784616940959,19.64411476195916,0</coordinates>
				</Point>
			</Placemark>
			<Placemark>
				<name>164</name>
				<LookAt>
					<longitude>73.45746873550729</longitude>
					<latitude>19.64424038158485</latitude>
					<altitude>0</altitude>
					<heading>0.442145444862702</heading>
					<tilt>22.70704475915592</tilt>
					<range>260.897558300546</range>
					<gx:altitudeMode>relativeToSeaFloor</gx:altitudeMode>
				</LookAt>
				<styleUrl>#msn_wht-blank</styleUrl>
				<Point>
					<gx:drawOrder>1</gx:drawOrder>
					<coordinates>73.45779799558004,19.64418553557188,0</coordinates>
				</Point>
			</Placemark>
			<Placemark>
				<name>165</name>
				<LookAt>
					<longitude>73.45746873550729</longitude>
					<latitude>19.64424038158485</latitude>
					<altitude>0</altitude>
					<heading>0.442145444862702</heading>
					<tilt>22.70704475915592</tilt>
					<range>260.897558300546</range>
					<gx:altitudeMode>relativeToSeaFloor</gx:altitudeMode>
				</LookAt>
				<styleUrl>#msn_wht-blank</styleUrl>
				<Point>
					<gx:drawOrder>1</gx:drawOrder>
					<coordinates>73.4577577192096,19.64426329705609,0</coordinates>
				</Point>
			</Placemark>
			<Placemark>
				<name>166</name>
				<LookAt>
					<longitude>73.45746873550729</longitude>
					<latitude>19.64424038158485</latitude>
					<altitude>0</altitude>
					<heading>0.442145444862702</heading>
					<tilt>22.70704475915592</tilt>
					<range>260.897558300546</range>
					<gx:altitudeMode>relativeToSeaFloor</gx:altitudeMode>
				</LookAt>
				<styleUrl>#msn_wht-blank</styleUrl>
				<Point>
					<gx:drawOrder>1</gx:drawOrder>
					<coordinates>73.45770702140953,19.64434200972227,0</coordinates>
				</Point>
			</Placemark>
			<Placemark>
				<name>167</name>
				<LookAt>
					<longitude>73.45746873550729</longitude>
					<latitude>19.64424038158485</latitude>
					<altitude>0</altitude>
					<heading>0.442145444862702</heading>
					<tilt>22.70704475915592</tilt>
					<range>260.897558300546</range>
					<gx:altitudeMode>relativeToSeaFloor</gx:altitudeMode>
				</LookAt>
				<styleUrl>#msn_wht-blank</styleUrl>
				<Point>
					<gx:drawOrder>1</gx:drawOrder>
					<coordinates>73.45766792704427,19.6444227906241,0</coordinates>
				</Point>
			</Placemark>
			<Placemark>
				<name>168</name>
				<LookAt>
					<longitude>73.45748606960701</longitude>
					<latitude>19.64431357785735</latitude>
					<altitude>0</altitude>
					<heading>0.4421512720091472</heading>
					<tilt>22.70704548929472</tilt>
					<range>261.1081257840543</range>
					<gx:altitudeMode>relativeToSeaFloor</gx:altitudeMode>
				</LookAt>
				<styleUrl>#msn_wht-blank</styleUrl>
				<Point>
					<gx:drawOrder>1</gx:drawOrder>
					<coordinates>73.45821581632636,19.64413048272829,0</coordinates>
				</Point>
			</Placemark>
			<Placemark>
				<name>169</name>
				<LookAt>
					<longitude>73.45740851042848</longitude>
					<latitude>19.64437013340741</latitude>
					<altitude>0</altitude>
					<heading>0.442125198136506</heading>
					<tilt>22.70704746139822</tilt>
					<range>261.6768540191753</range>
					<gx:altitudeMode>relativeToSeaFloor</gx:altitudeMode>
				</LookAt>
				<styleUrl>#msn_wht-blank</styleUrl>
				<Point>
					<gx:drawOrder>1</gx:drawOrder>
					<coordinates>73.45815184054179,19.64423447023828,0</coordinates>
				</Point>
			</Placemark>
			<Placemark>
				<name>170</name>
				<LookAt>
					<longitude>73.45740851042848</longitude>
					<latitude>19.64437013340741</latitude>
					<altitude>0</altitude>
					<heading>0.442125198136506</heading>
					<tilt>22.70704746139822</tilt>
					<range>261.6768540191753</range>
					<gx:altitudeMode>relativeToSeaFloor</gx:altitudeMode>
				</LookAt>
				<styleUrl>#msn_wht-blank</styleUrl>
				<Point>
					<gx:drawOrder>1</gx:drawOrder>
					<coordinates>73.4580856009585,19.64433343904264,0</coordinates>
				</Point>
			</Placemark>
			<Placemark>
				<name>171</name>
				<LookAt>
					<longitude>73.45740851042848</longitude>
					<latitude>19.64437013340741</latitude>
					<altitude>0</altitude>
					<heading>0.442125198136506</heading>
					<tilt>22.70704746139822</tilt>
					<range>261.6768540191753</range>
					<gx:altitudeMode>relativeToSeaFloor</gx:altitudeMode>
				</LookAt>
				<styleUrl>#msn_wht-blank</styleUrl>
				<Point>
					<gx:drawOrder>1</gx:drawOrder>
					<coordinates>73.45788308562253,19.64452556944411,0</coordinates>
				</Point>
			</Placemark>
			<Placemark>
				<name>172</name>
				<LookAt>
					<longitude>73.45740851042848</longitude>
					<latitude>19.64437013340741</latitude>
					<altitude>0</altitude>
					<heading>0.442125198136506</heading>
					<tilt>22.70704746139822</tilt>
					<range>261.6768540191753</range>
					<gx:altitudeMode>relativeToSeaFloor</gx:altitudeMode>
				</LookAt>
				<styleUrl>#msn_wht-blank</styleUrl>
				<Point>
					<gx:drawOrder>1</gx:drawOrder>
					<coordinates>73.45799245381434,19.64459140526984,0</coordinates>
				</Point>
			</Placemark>
			<Placemark>
				<name>173</name>
				<LookAt>
					<longitude>73.45740851042848</longitude>
					<latitude>19.64437013340741</latitude>
					<altitude>0</altitude>
					<heading>0.442125198136506</heading>
					<tilt>22.70704746139822</tilt>
					<range>261.6768540191753</range>
					<gx:altitudeMode>relativeToSeaFloor</gx:altitudeMode>
				</LookAt>
				<styleUrl>#msn_wht-blank</styleUrl>
				<Point>
					<gx:drawOrder>1</gx:drawOrder>
					<coordinates>73.45808815958318,19.64466548177194,0</coordinates>
				</Point>
			</Placemark>
			<Placemark>
				<name>174</name>
				<LookAt>
					<longitude>73.45740851042848</longitude>
					<latitude>19.64437013340741</latitude>
					<altitude>0</altitude>
					<heading>0.442125198136506</heading>
					<tilt>22.70704746139822</tilt>
					<range>261.6768540191753</range>
					<gx:altitudeMode>relativeToSeaFloor</gx:altitudeMode>
				</LookAt>
				<styleUrl>#msn_wht-blank</styleUrl>
				<Point>
					<gx:drawOrder>1</gx:drawOrder>
					<coordinates>73.45818181384368,19.64472200467578,0</coordinates>
				</Point>
			</Placemark>
			<Placemark>
				<name>175</name>
				<LookAt>
					<longitude>73.45740851042848</longitude>
					<latitude>19.64437013340741</latitude>
					<altitude>0</altitude>
					<heading>0.442125198136506</heading>
					<tilt>22.70704746139822</tilt>
					<range>261.6768540191753</range>
					<gx:altitudeMode>relativeToSeaFloor</gx:altitudeMode>
				</LookAt>
				<styleUrl>#msn_wht-blank</styleUrl>
				<Point>
					<gx:drawOrder>1</gx:drawOrder>
					<coordinates>73.45831006209256,19.64448128236383,0</coordinates>
				</Point>
			</Placemark>
			<Placemark>
				<name>176</name>
				<LookAt>
					<longitude>73.45740851042848</longitude>
					<latitude>19.64437013340741</latitude>
					<altitude>0</altitude>
					<heading>0.442125198136506</heading>
					<tilt>22.70704746139822</tilt>
					<range>261.6768540191753</range>
					<gx:altitudeMode>relativeToSeaFloor</gx:altitudeMode>
				</LookAt>
				<styleUrl>#msn_wht-blank</styleUrl>
				<Point>
					<gx:drawOrder>1</gx:drawOrder>
					<coordinates>73.45839242442717,19.64438927783224,0</coordinates>
				</Point>
			</Placemark>
			<Placemark>
				<name>177</name>
				<LookAt>
					<longitude>73.45740851042848</longitude>
					<latitude>19.64437013340741</latitude>
					<altitude>0</altitude>
					<heading>0.442125198136506</heading>
					<tilt>22.70704746139822</tilt>
					<range>261.6768540191753</range>
					<gx:altitudeMode>relativeToSeaFloor</gx:altitudeMode>
				</LookAt>
				<styleUrl>#msn_wht-blank</styleUrl>
				<Point>
					<gx:drawOrder>1</gx:drawOrder>
					<coordinates>73.45845950016925,19.6442925396264,0</coordinates>
				</Point>
			</Placemark>
			<Placemark>
				<name>178</name>
				<LookAt>
					<longitude>73.45800638599874</longitude>
					<latitude>19.6418783812027</latitude>
					<altitude>0</altitude>
					<heading>0.4423262424646375</heading>
					<tilt>22.70700431932533</tilt>
					<range>249.2350342683397</range>
					<gx:altitudeMode>relativeToSeaFloor</gx:altitudeMode>
				</LookAt>
				<styleUrl>#msn_wht-blank</styleUrl>
				<Point>
					<gx:drawOrder>1</gx:drawOrder>
					<coordinates>73.45814267807216,19.64141046167,0</coordinates>
				</Point>
			</Placemark>
			<Placemark>
				<name>179</name>
				<LookAt>
					<longitude>73.45800638599874</longitude>
					<latitude>19.6418783812027</latitude>
					<altitude>0</altitude>
					<heading>0.4423262424646375</heading>
					<tilt>22.70700431932533</tilt>
					<range>249.2350342683397</range>
					<gx:altitudeMode>relativeToSeaFloor</gx:altitudeMode>
				</LookAt>
				<styleUrl>#msn_wht-blank</styleUrl>
				<Point>
					<gx:drawOrder>1</gx:drawOrder>
					<coordinates>73.45815642803203,19.64155423166046,0</coordinates>
				</Point>
			</Placemark>
			<Placemark>
				<name>180</name>
				<LookAt>
					<longitude>73.45800638599874</longitude>
					<latitude>19.6418783812027</latitude>
					<altitude>0</altitude>
					<heading>0.4423262424646375</heading>
					<tilt>22.70700431932533</tilt>
					<range>249.2350342683397</range>
					<gx:altitudeMode>relativeToSeaFloor</gx:altitudeMode>
				</LookAt>
				<styleUrl>#msn_wht-blank</styleUrl>
				<Point>
					<gx:drawOrder>1</gx:drawOrder>
					<coordinates>73.45817809525714,19.6416796518356,0</coordinates>
				</Point>
			</Placemark>
			<Placemark>
				<name>181</name>
				<LookAt>
					<longitude>73.45800638599874</longitude>
					<latitude>19.6418783812027</latitude>
					<altitude>0</altitude>
					<heading>0.4423262424646375</heading>
					<tilt>22.70700431932533</tilt>
					<range>249.2350342683397</range>
					<gx:altitudeMode>relativeToSeaFloor</gx:altitudeMode>
				</LookAt>
				<styleUrl>#msn_wht-blank</styleUrl>
				<Point>
					<gx:drawOrder>1</gx:drawOrder>
					<coordinates>73.45822004873955,19.64180514551665,0</coordinates>
				</Point>
			</Placemark>
			<Placemark>
				<name>182</name>
				<LookAt>
					<longitude>73.45800420687145</longitude>
					<latitude>19.64188029456971</latitude>
					<altitude>0</altitude>
					<heading>0.4423255098208402</heading>
					<tilt>22.70700442915666</tilt>
					<range>249.2667072881059</range>
					<gx:altitudeMode>relativeToSeaFloor</gx:altitudeMode>
				</LookAt>
				<styleUrl>#msn_wht-blank</styleUrl>
				<Point>
					<gx:drawOrder>1</gx:drawOrder>
					<coordinates>73.4582729060492,19.64191439040138,0</coordinates>
				</Point>
			</Placemark>
			<Placemark>
				<name>183</name>
				<LookAt>
					<longitude>73.45800420687145</longitude>
					<latitude>19.64188029456971</latitude>
					<altitude>0</altitude>
					<heading>0.4423255098208402</heading>
					<tilt>22.70700442915666</tilt>
					<range>249.2667072881059</range>
					<gx:altitudeMode>relativeToSeaFloor</gx:altitudeMode>
				</LookAt>
				<styleUrl>#msn_wht-blank</styleUrl>
				<Point>
					<gx:drawOrder>1</gx:drawOrder>
					<coordinates>73.45836029749188,19.6420141230369,0</coordinates>
				</Point>
			</Placemark>
			<Placemark>
				<name>184</name>
				<LookAt>
					<longitude>73.45800420687145</longitude>
					<latitude>19.64188029456971</latitude>
					<altitude>0</altitude>
					<heading>0.4423255098208402</heading>
					<tilt>22.70700442915666</tilt>
					<range>249.2667072881059</range>
					<gx:altitudeMode>relativeToSeaFloor</gx:altitudeMode>
				</LookAt>
				<styleUrl>#msn_wht-blank</styleUrl>
				<Point>
					<gx:drawOrder>1</gx:drawOrder>
					<coordinates>73.45844194136063,19.64209697456444,0</coordinates>
				</Point>
			</Placemark>
			<Placemark>
				<name>185</name>
				<LookAt>
					<longitude>73.45800420687145</longitude>
					<latitude>19.64188029456971</latitude>
					<altitude>0</altitude>
					<heading>0.4423255098208402</heading>
					<tilt>22.70700442915666</tilt>
					<range>249.2667072881059</range>
					<gx:altitudeMode>relativeToSeaFloor</gx:altitudeMode>
				</LookAt>
				<styleUrl>#msn_wht-blank</styleUrl>
				<Point>
					<gx:drawOrder>1</gx:drawOrder>
					<coordinates>73.45855689142871,19.64218167992509,0</coordinates>
				</Point>
			</Placemark>
			<Placemark>
				<name>186</name>
				<LookAt>
					<longitude>73.45800420687145</longitude>
					<latitude>19.64188029456971</latitude>
					<altitude>0</altitude>
					<heading>0.4423255098208402</heading>
					<tilt>22.70700442915666</tilt>
					<range>249.2667072881059</range>
					<gx:altitudeMode>relativeToSeaFloor</gx:altitudeMode>
				</LookAt>
				<styleUrl>#msn_wht-blank</styleUrl>
				<Point>
					<gx:drawOrder>1</gx:drawOrder>
					<coordinates>73.45867468239727,19.64223705984123,0</coordinates>
				</Point>
			</Placemark>
			<Placemark>
				<name>187</name>
				<LookAt>
					<longitude>73.45865985361772</longitude>
					<latitude>19.64246841639695</latitude>
					<altitude>0</altitude>
					<heading>0.4425458954011592</heading>
					<tilt>22.70699991521591</tilt>
					<range>247.9649305856672</range>
					<gx:altitudeMode>relativeToSeaFloor</gx:altitudeMode>
				</LookAt>
				<styleUrl>#msn_wht-blank</styleUrl>
				<Point>
					<gx:drawOrder>1</gx:drawOrder>
					<coordinates>73.45882554922896,19.64228496296368,0</coordinates>
				</Point>
			</Placemark>
			<Placemark>
				<name>188</name>
				<LookAt>
					<longitude>73.45865985361772</longitude>
					<latitude>19.64246841639695</latitude>
					<altitude>0</altitude>
					<heading>0.4425458954011592</heading>
					<tilt>22.70699991521591</tilt>
					<range>247.9649305856672</range>
					<gx:altitudeMode>relativeToSeaFloor</gx:altitudeMode>
				</LookAt>
				<styleUrl>#msn_wht-blank</styleUrl>
				<Point>
					<gx:drawOrder>1</gx:drawOrder>
					<coordinates>73.4589532472793,19.64229974650248,0</coordinates>
				</Point>
			</Placemark>
			<Placemark>
				<name>189</name>
				<LookAt>
					<longitude>73.45865985361772</longitude>
					<latitude>19.64246841639695</latitude>
					<altitude>0</altitude>
					<heading>0.4425458954011592</heading>
					<tilt>22.70699991521591</tilt>
					<range>247.9649305856672</range>
					<gx:altitudeMode>relativeToSeaFloor</gx:altitudeMode>
				</LookAt>
				<styleUrl>#msn_wht-blank</styleUrl>
				<Point>
					<gx:drawOrder>1</gx:drawOrder>
					<coordinates>73.45906747464312,19.64231384884038,0</coordinates>
				</Point>
			</Placemark>
			<Placemark>
				<name>190</name>
				<LookAt>
					<longitude>73.45865985361772</longitude>
					<latitude>19.64246841639695</latitude>
					<altitude>0</altitude>
					<heading>0.4425458954011592</heading>
					<tilt>22.70699991521591</tilt>
					<range>247.9649305856672</range>
					<gx:altitudeMode>relativeToSeaFloor</gx:altitudeMode>
				</LookAt>
				<styleUrl>#msn_wht-blank</styleUrl>
				<Point>
					<gx:drawOrder>1</gx:drawOrder>
					<coordinates>73.45917524490795,19.6423267477147,0</coordinates>
				</Point>
			</Placemark>
			<Placemark>
				<name>191</name>
				<LookAt>
					<longitude>73.45865985361772</longitude>
					<latitude>19.64246841639695</latitude>
					<altitude>0</altitude>
					<heading>0.4425458954011592</heading>
					<tilt>22.70699991521591</tilt>
					<range>247.9649305856672</range>
					<gx:altitudeMode>relativeToSeaFloor</gx:altitudeMode>
				</LookAt>
				<styleUrl>#msn_wht-blank</styleUrl>
				<Point>
					<gx:drawOrder>1</gx:drawOrder>
					<coordinates>73.45928107477191,19.64234837567447,0</coordinates>
				</Point>
			</Placemark>
			<Placemark>
				<name>192</name>
				<LookAt>
					<longitude>73.45865985361772</longitude>
					<latitude>19.64246841639695</latitude>
					<altitude>0</altitude>
					<heading>0.4425458954011592</heading>
					<tilt>22.70699991521591</tilt>
					<range>247.9649305856672</range>
					<gx:altitudeMode>relativeToSeaFloor</gx:altitudeMode>
				</LookAt>
				<styleUrl>#msn_wht-blank</styleUrl>
				<Point>
					<gx:drawOrder>1</gx:drawOrder>
					<coordinates>73.45937498033574,19.64238472538445,0</coordinates>
				</Point>
			</Placemark>
			<Placemark>
				<name>193</name>
				<LookAt>
					<longitude>73.45865985361772</longitude>
					<latitude>19.64246841639695</latitude>
					<altitude>0</altitude>
					<heading>0.4425458954011592</heading>
					<tilt>22.70699991521591</tilt>
					<range>247.9649305856672</range>
					<gx:altitudeMode>relativeToSeaFloor</gx:altitudeMode>
				</LookAt>
				<styleUrl>#msn_wht-blank</styleUrl>
				<Point>
					<gx:drawOrder>1</gx:drawOrder>
					<coordinates>73.45945764776012,19.64245913179366,0</coordinates>
				</Point>
			</Placemark>
			<Placemark>
				<name>194</name>
				<LookAt>
					<longitude>73.45865985361772</longitude>
					<latitude>19.64246841639695</latitude>
					<altitude>0</altitude>
					<heading>0.4425458954011592</heading>
					<tilt>22.70699991521591</tilt>
					<range>247.9649305856672</range>
					<gx:altitudeMode>relativeToSeaFloor</gx:altitudeMode>
				</LookAt>
				<styleUrl>#msn_wht-blank</styleUrl>
				<Point>
					<gx:drawOrder>1</gx:drawOrder>
					<coordinates>73.45953950088128,19.6425233961404,0</coordinates>
				</Point>
			</Placemark>
			<Placemark>
				<name>195</name>
				<LookAt>
					<longitude>73.45898085501256</longitude>
					<latitude>19.64259304737625</latitude>
					<altitude>0</altitude>
					<heading>0.4426537976370246</heading>
					<tilt>22.70700382539614</tilt>
					<range>249.0925859155168</range>
					<gx:altitudeMode>relativeToSeaFloor</gx:altitudeMode>
				</LookAt>
				<styleUrl>#msn_wht-blank</styleUrl>
				<Point>
					<gx:drawOrder>1</gx:drawOrder>
					<coordinates>73.45964307669415,19.64238395124979,0</coordinates>
				</Point>
			</Placemark>
			<Placemark>
				<name>196</name>
				<LookAt>
					<longitude>73.45898085501256</longitude>
					<latitude>19.64259304737625</latitude>
					<altitude>0</altitude>
					<heading>0.4426537976370246</heading>
					<tilt>22.70700382539614</tilt>
					<range>249.0925859155168</range>
					<gx:altitudeMode>relativeToSeaFloor</gx:altitudeMode>
				</LookAt>
				<styleUrl>#msn_wht-blank</styleUrl>
				<Point>
					<gx:drawOrder>1</gx:drawOrder>
					<coordinates>73.45956269701212,19.64231843760248,0</coordinates>
				</Point>
			</Placemark>
			<Placemark>
				<name>197</name>
				<LookAt>
					<longitude>73.45898085501256</longitude>
					<latitude>19.64259304737625</latitude>
					<altitude>0</altitude>
					<heading>0.4426537976370246</heading>
					<tilt>22.70700382539614</tilt>
					<range>249.0925859155168</range>
					<gx:altitudeMode>relativeToSeaFloor</gx:altitudeMode>
				</LookAt>
				<styleUrl>#msn_wht-blank</styleUrl>
				<Point>
					<gx:drawOrder>1</gx:drawOrder>
					<coordinates>73.45945961146238,19.64224260949173,0</coordinates>
				</Point>
			</Placemark>
			<Placemark>
				<name>198</name>
				<LookAt>
					<longitude>73.45898085501256</longitude>
					<latitude>19.64259304737625</latitude>
					<altitude>0</altitude>
					<heading>0.4426537976370246</heading>
					<tilt>22.70700382539614</tilt>
					<range>249.0925859155168</range>
					<gx:altitudeMode>relativeToSeaFloor</gx:altitudeMode>
				</LookAt>
				<styleUrl>#msn_wht-blank</styleUrl>
				<Point>
					<gx:drawOrder>1</gx:drawOrder>
					<coordinates>73.45935411104176,19.64219066787365,0</coordinates>
				</Point>
			</Placemark>
			<Placemark>
				<name>199</name>
				<LookAt>
					<longitude>73.45898085501256</longitude>
					<latitude>19.64259304737625</latitude>
					<altitude>0</altitude>
					<heading>0.4426537976370246</heading>
					<tilt>22.70700382539614</tilt>
					<range>249.0925859155168</range>
					<gx:altitudeMode>relativeToSeaFloor</gx:altitudeMode>
				</LookAt>
				<styleUrl>#msn_wht-blank</styleUrl>
				<Point>
					<gx:drawOrder>1</gx:drawOrder>
					<coordinates>73.45923212974492,19.64216670518075,0</coordinates>
				</Point>
			</Placemark>
			<Placemark>
				<name>200</name>
				<LookAt>
					<longitude>73.45898085501256</longitude>
					<latitude>19.64259304737625</latitude>
					<altitude>0</altitude>
					<heading>0.4426537976370246</heading>
					<tilt>22.70700382539614</tilt>
					<range>249.0925859155168</range>
					<gx:altitudeMode>relativeToSeaFloor</gx:altitudeMode>
				</LookAt>
				<styleUrl>#msn_wht-blank</styleUrl>
				<Point>
					<gx:drawOrder>1</gx:drawOrder>
					<coordinates>73.4591078435937,19.64213995662903,0</coordinates>
				</Point>
			</Placemark>
			<Placemark>
				<name>201</name>
				<LookAt>
					<longitude>73.45844700906504</longitude>
					<latitude>19.6425176930896</latitude>
					<altitude>0</altitude>
					<heading>0.4424743469653643</heading>
					<tilt>22.70700382544949</tilt>
					<range>249.0926161800833</range>
					<gx:altitudeMode>relativeToSeaFloor</gx:altitudeMode>
				</LookAt>
				<styleUrl>#msn_wht-blank</styleUrl>
				<Point>
					<gx:drawOrder>1</gx:drawOrder>
					<coordinates>73.45897699370703,19.64212905282929,0</coordinates>
				</Point>
			</Placemark>
			<Placemark>
				<name>202</name>
				<LookAt>
					<longitude>73.45844700906504</longitude>
					<latitude>19.6425176930896</latitude>
					<altitude>0</altitude>
					<heading>0.4424743469653643</heading>
					<tilt>22.70700382544949</tilt>
					<range>249.0926161800833</range>
					<gx:altitudeMode>relativeToSeaFloor</gx:altitudeMode>
				</LookAt>
				<styleUrl>#msn_wht-blank</styleUrl>
				<Point>
					<gx:drawOrder>1</gx:drawOrder>
					<coordinates>73.45886518986902,19.64210964674925,0</coordinates>
				</Point>
			</Placemark>
			<Placemark>
				<name>203</name>
				<LookAt>
					<longitude>73.45844700906504</longitude>
					<latitude>19.6425176930896</latitude>
					<altitude>0</altitude>
					<heading>0.4424743469653643</heading>
					<tilt>22.70700382544949</tilt>
					<range>249.0926161800833</range>
					<gx:altitudeMode>relativeToSeaFloor</gx:altitudeMode>
				</LookAt>
				<styleUrl>#msn_wht-blank</styleUrl>
				<Point>
					<gx:drawOrder>1</gx:drawOrder>
					<coordinates>73.45875933880214,19.64208510646708,0</coordinates>
				</Point>
			</Placemark>
			<Placemark>
				<name>204</name>
				<LookAt>
					<longitude>73.45844700906504</longitude>
					<latitude>19.6425176930896</latitude>
					<altitude>0</altitude>
					<heading>0.4424743469653643</heading>
					<tilt>22.70700382544949</tilt>
					<range>249.0926161800833</range>
					<gx:altitudeMode>relativeToSeaFloor</gx:altitudeMode>
				</LookAt>
				<styleUrl>#msn_wht-blank</styleUrl>
				<Point>
					<gx:drawOrder>1</gx:drawOrder>
					<coordinates>73.45866040721322,19.64203606277311,0</coordinates>
				</Point>
			</Placemark>
			<Placemark>
				<name>205</name>
				<LookAt>
					<longitude>73.45844700906504</longitude>
					<latitude>19.6425176930896</latitude>
					<altitude>0</altitude>
					<heading>0.4424743469653643</heading>
					<tilt>22.70700382544949</tilt>
					<range>249.0926161800833</range>
					<gx:altitudeMode>relativeToSeaFloor</gx:altitudeMode>
				</LookAt>
				<styleUrl>#msn_wht-blank</styleUrl>
				<Point>
					<gx:drawOrder>1</gx:drawOrder>
					<coordinates>73.45856101992138,19.64198627702084,0</coordinates>
				</Point>
			</Placemark>
			<Placemark>
				<name>206</name>
				<LookAt>
					<longitude>73.4580080810446</longitude>
					<latitude>19.64217826565413</latitude>
					<altitude>0</altitude>
					<heading>0.4423268022876882</heading>
					<tilt>22.70701258395002</tilt>
					<range>251.6184916512993</range>
					<gx:altitudeMode>relativeToSeaFloor</gx:altitudeMode>
				</LookAt>
				<styleUrl>#msn_wht-blank</styleUrl>
				<Point>
					<gx:drawOrder>1</gx:drawOrder>
					<coordinates>73.4584764148189,19.64190152931983,0</coordinates>
				</Point>
			</Placemark>
			<Placemark>
				<name>207</name>
				<LookAt>
					<longitude>73.4580080810446</longitude>
					<latitude>19.64217826565413</latitude>
					<altitude>0</altitude>
					<heading>0.4423268022876882</heading>
					<tilt>22.70701258395002</tilt>
					<range>251.6184916512993</range>
					<gx:altitudeMode>relativeToSeaFloor</gx:altitudeMode>
				</LookAt>
				<styleUrl>#msn_wht-blank</styleUrl>
				<Point>
					<gx:drawOrder>1</gx:drawOrder>
					<coordinates>73.45842148593705,19.64181426122316,0</coordinates>
				</Point>
			</Placemark>
			<Placemark>
				<name>208</name>
				<LookAt>
					<longitude>73.4580080810446</longitude>
					<latitude>19.64217826565413</latitude>
					<altitude>0</altitude>
					<heading>0.4423268022876882</heading>
					<tilt>22.70701258395002</tilt>
					<range>251.6184916512993</range>
					<gx:altitudeMode>relativeToSeaFloor</gx:altitudeMode>
				</LookAt>
				<styleUrl>#msn_wht-blank</styleUrl>
				<Point>
					<gx:drawOrder>1</gx:drawOrder>
					<coordinates>73.45837027722965,19.6417235522388,0</coordinates>
				</Point>
			</Placemark>
			<Placemark>
				<name>209</name>
				<LookAt>
					<longitude>73.4580080810446</longitude>
					<latitude>19.64217826565413</latitude>
					<altitude>0</altitude>
					<heading>0.4423268022876882</heading>
					<tilt>22.70701258395002</tilt>
					<range>251.6184916512993</range>
					<gx:altitudeMode>relativeToSeaFloor</gx:altitudeMode>
				</LookAt>
				<styleUrl>#msn_wht-blank</styleUrl>
				<Point>
					<gx:drawOrder>1</gx:drawOrder>
					<coordinates>73.45833887616685,19.641636627876,0</coordinates>
				</Point>
			</Placemark>
			<Placemark>
				<name>210</name>
				<LookAt>
					<longitude>73.4580080810446</longitude>
					<latitude>19.64217826565413</latitude>
					<altitude>0</altitude>
					<heading>0.4423268022876882</heading>
					<tilt>22.70701258395002</tilt>
					<range>251.6184916512993</range>
					<gx:altitudeMode>relativeToSeaFloor</gx:altitudeMode>
				</LookAt>
				<styleUrl>#msn_wht-blank</styleUrl>
				<Point>
					<gx:drawOrder>1</gx:drawOrder>
					<coordinates>73.45831978843444,19.64149948747363,0</coordinates>
				</Point>
			</Placemark>
			<Placemark>
				<name>211</name>
				<LookAt>
					<longitude>73.45858150768083</longitude>
					<latitude>19.64190180675128</latitude>
					<altitude>0</altitude>
					<heading>0.4425195523802744</heading>
					<tilt>22.70696833817738</tilt>
					<range>238.8583391457086</range>
					<gx:altitudeMode>relativeToSeaFloor</gx:altitudeMode>
				</LookAt>
				<styleUrl>#msn_wht-blank</styleUrl>
				<Point>
					<gx:drawOrder>1</gx:drawOrder>
					<coordinates>73.45860222317373,19.64149115731719,0</coordinates>
				</Point>
			</Placemark>
			<Placemark>
				<name>212</name>
				<LookAt>
					<longitude>73.45858150768083</longitude>
					<latitude>19.64190180675128</latitude>
					<altitude>0</altitude>
					<heading>0.4425195523802744</heading>
					<tilt>22.70696833817738</tilt>
					<range>238.8583391457086</range>
					<gx:altitudeMode>relativeToSeaFloor</gx:altitudeMode>
				</LookAt>
				<styleUrl>#msn_wht-blank</styleUrl>
				<Point>
					<gx:drawOrder>1</gx:drawOrder>
					<coordinates>73.45866675010618,19.64159902689849,0</coordinates>
				</Point>
			</Placemark>
			<Placemark>
				<name>213</name>
				<LookAt>
					<longitude>73.45858150768083</longitude>
					<latitude>19.64190180675128</latitude>
					<altitude>0</altitude>
					<heading>0.4425195523802744</heading>
					<tilt>22.70696833817738</tilt>
					<range>238.8583391457086</range>
					<gx:altitudeMode>relativeToSeaFloor</gx:altitudeMode>
				</LookAt>
				<styleUrl>#msn_wht-blank</styleUrl>
				<Point>
					<gx:drawOrder>1</gx:drawOrder>
					<coordinates>73.45876064407275,19.64165271460422,0</coordinates>
				</Point>
			</Placemark>
			<Placemark>
				<name>214</name>
				<LookAt>
					<longitude>73.45858150768083</longitude>
					<latitude>19.64190180675128</latitude>
					<altitude>0</altitude>
					<heading>0.4425195523802744</heading>
					<tilt>22.70696833817738</tilt>
					<range>238.8583391457086</range>
					<gx:altitudeMode>relativeToSeaFloor</gx:altitudeMode>
				</LookAt>
				<styleUrl>#msn_wht-blank</styleUrl>
				<Point>
					<gx:drawOrder>1</gx:drawOrder>
					<coordinates>73.45886893100761,19.64171129045211,0</coordinates>
				</Point>
			</Placemark>
			<Placemark>
				<name>215</name>
				<LookAt>
					<longitude>73.45858150768083</longitude>
					<latitude>19.64190180675128</latitude>
					<altitude>0</altitude>
					<heading>0.4425195523802744</heading>
					<tilt>22.70696833817738</tilt>
					<range>238.8583391457086</range>
					<gx:altitudeMode>relativeToSeaFloor</gx:altitudeMode>
				</LookAt>
				<styleUrl>#msn_wht-blank</styleUrl>
				<Point>
					<gx:drawOrder>1</gx:drawOrder>
					<coordinates>73.45895909017368,19.64176375642394,0</coordinates>
				</Point>
			</Placemark>
			<Placemark>
				<name>216</name>
				<LookAt>
					<longitude>73.45858150768083</longitude>
					<latitude>19.64190180675128</latitude>
					<altitude>0</altitude>
					<heading>0.4425195523802744</heading>
					<tilt>22.70696833817738</tilt>
					<range>238.8583391457086</range>
					<gx:altitudeMode>relativeToSeaFloor</gx:altitudeMode>
				</LookAt>
				<styleUrl>#msn_wht-blank</styleUrl>
				<Point>
					<gx:drawOrder>1</gx:drawOrder>
					<coordinates>73.45907718131458,19.64179461670889,0</coordinates>
				</Point>
			</Placemark>
			<Placemark>
				<name>217</name>
				<LookAt>
					<longitude>73.45928171677672</longitude>
					<latitude>19.64228878490398</latitude>
					<altitude>0</altitude>
					<heading>0.4427549208442859</heading>
					<tilt>22.70698114405678</tilt>
					<range>242.551469087679</range>
					<gx:altitudeMode>relativeToSeaFloor</gx:altitudeMode>
				</LookAt>
				<styleUrl>#msn_wht-blank</styleUrl>
				<Point>
					<gx:drawOrder>1</gx:drawOrder>
					<coordinates>73.45919385552004,19.64182962453219,0</coordinates>
				</Point>
			</Placemark>
			<Placemark>
				<name>218</name>
				<LookAt>
					<longitude>73.45928171677672</longitude>
					<latitude>19.64228878490398</latitude>
					<altitude>0</altitude>
					<heading>0.4427549208442859</heading>
					<tilt>22.70698114405678</tilt>
					<range>242.551469087679</range>
					<gx:altitudeMode>relativeToSeaFloor</gx:altitudeMode>
				</LookAt>
				<styleUrl>#msn_wht-blank</styleUrl>
				<Point>
					<gx:drawOrder>1</gx:drawOrder>
					<coordinates>73.45930047989715,19.64186099606084,0</coordinates>
				</Point>
			</Placemark>
			<Placemark>
				<name>219</name>
				<LookAt>
					<longitude>73.45928171677672</longitude>
					<latitude>19.64228878490398</latitude>
					<altitude>0</altitude>
					<heading>0.4427549208442859</heading>
					<tilt>22.70698114405678</tilt>
					<range>242.551469087679</range>
					<gx:altitudeMode>relativeToSeaFloor</gx:altitudeMode>
				</LookAt>
				<styleUrl>#msn_wht-blank</styleUrl>
				<Point>
					<gx:drawOrder>1</gx:drawOrder>
					<coordinates>73.4594059345544,19.64189931197195,0</coordinates>
				</Point>
			</Placemark>
			<Placemark>
				<name>220</name>
				<LookAt>
					<longitude>73.45928171677672</longitude>
					<latitude>19.64228878490398</latitude>
					<altitude>0</altitude>
					<heading>0.4427549208442859</heading>
					<tilt>22.70698114405678</tilt>
					<range>242.551469087679</range>
					<gx:altitudeMode>relativeToSeaFloor</gx:altitudeMode>
				</LookAt>
				<styleUrl>#msn_wht-blank</styleUrl>
				<Point>
					<gx:drawOrder>1</gx:drawOrder>
					<coordinates>73.45951833011206,19.64194427850351,0</coordinates>
				</Point>
			</Placemark>
			<Placemark>
				<name>221</name>
				<LookAt>
					<longitude>73.45928171677672</longitude>
					<latitude>19.64228878490398</latitude>
					<altitude>0</altitude>
					<heading>0.4427549208442859</heading>
					<tilt>22.70698114405678</tilt>
					<range>242.551469087679</range>
					<gx:altitudeMode>relativeToSeaFloor</gx:altitudeMode>
				</LookAt>
				<styleUrl>#msn_wht-blank</styleUrl>
				<Point>
					<gx:drawOrder>1</gx:drawOrder>
					<coordinates>73.45960578565273,19.64197639094655,0</coordinates>
				</Point>
			</Placemark>
			<Placemark>
				<name>222</name>
				<LookAt>
					<longitude>73.45928171677672</longitude>
					<latitude>19.64228878490398</latitude>
					<altitude>0</altitude>
					<heading>0.4427549208442859</heading>
					<tilt>22.70698114405678</tilt>
					<range>242.551469087679</range>
					<gx:altitudeMode>relativeToSeaFloor</gx:altitudeMode>
				</LookAt>
				<styleUrl>#msn_wht-blank</styleUrl>
				<Point>
					<gx:drawOrder>1</gx:drawOrder>
					<coordinates>73.45971711677264,19.64204216756233,0</coordinates>
				</Point>
			</Placemark>
			<Placemark>
				<name>Untitled Placemark</name>
				<LookAt>
					<longitude>73.45928171677672</longitude>
					<latitude>19.64228878490398</latitude>
					<altitude>0</altitude>
					<heading>0.4427549208442859</heading>
					<tilt>22.70698114405678</tilt>
					<range>242.551469087679</range>
					<gx:altitudeMode>relativeToSeaFloor</gx:altitudeMode>
				</LookAt>
				<styleUrl>#msn_wht-blank</styleUrl>
				<Point>
					<gx:drawOrder>1</gx:drawOrder>
					<coordinates>73.45928171677672,19.64228878490398,0</coordinates>
				</Point>
			</Placemark>
			<Placemark>
				<name>223</name>
				<LookAt>
					<longitude>73.45928171677672</longitude>
					<latitude>19.64228878490398</latitude>
					<altitude>0</altitude>
					<heading>0.4427549208442859</heading>
					<tilt>22.70698114405678</tilt>
					<range>242.551469087679</range>
					<gx:altitudeMode>relativeToSeaFloor</gx:altitudeMode>
				</LookAt>
				<styleUrl>#msn_wht-blank</styleUrl>
				<Point>
					<gx:drawOrder>1</gx:drawOrder>
					<coordinates>73.45981122403657,19.64210916547784,0</coordinates>
				</Point>
			</Placemark>
			<Placemark>
				<name>224</name>
				<LookAt>
					<longitude>73.45955675996869</longitude>
					<latitude>19.64297873870809</latitude>
					<altitude>0</altitude>
					<heading>0.4428473751802328</heading>
					<tilt>22.70700007794285</tilt>
					<range>248.0118444698966</range>
					<gx:altitudeMode>relativeToSeaFloor</gx:altitudeMode>
				</LookAt>
				<styleUrl>#msn_wht-blank</styleUrl>
				<Point>
					<gx:drawOrder>1</gx:drawOrder>
					<coordinates>73.4597615238489,19.64268459242381,0</coordinates>
				</Point>
			</Placemark>
			<Placemark>
				<name>225</name>
				<LookAt>
					<longitude>73.45955675996869</longitude>
					<latitude>19.64297873870809</latitude>
					<altitude>0</altitude>
					<heading>0.4428473751802328</heading>
					<tilt>22.70700007794285</tilt>
					<range>248.0118444698966</range>
					<gx:altitudeMode>relativeToSeaFloor</gx:altitudeMode>
				</LookAt>
				<styleUrl>#msn_wht-blank</styleUrl>
				<Point>
					<gx:drawOrder>1</gx:drawOrder>
					<coordinates>73.45988472992289,19.64274832851319,0</coordinates>
				</Point>
			</Placemark>
			<Placemark>
				<name>226</name>
				<LookAt>
					<longitude>73.45955675996869</longitude>
					<latitude>19.64297873870809</latitude>
					<altitude>0</altitude>
					<heading>0.4428473751802328</heading>
					<tilt>22.70700007794285</tilt>
					<range>248.0118444698966</range>
					<gx:altitudeMode>relativeToSeaFloor</gx:altitudeMode>
				</LookAt>
				<styleUrl>#msn_wht-blank</styleUrl>
				<Point>
					<gx:drawOrder>1</gx:drawOrder>
					<coordinates>73.45998875353713,19.64279644267752,0</coordinates>
				</Point>
			</Placemark>
			<Placemark>
				<name>227</name>
				<LookAt>
					<longitude>73.45955675996869</longitude>
					<latitude>19.64297873870809</latitude>
					<altitude>0</altitude>
					<heading>0.4428473751802328</heading>
					<tilt>22.70700007794285</tilt>
					<range>248.0118444698966</range>
					<gx:altitudeMode>relativeToSeaFloor</gx:altitudeMode>
				</LookAt>
				<styleUrl>#msn_wht-blank</styleUrl>
				<Point>
					<gx:drawOrder>1</gx:drawOrder>
					<coordinates>73.46009486264539,19.64285360093524,0</coordinates>
				</Point>
			</Placemark>
			<Placemark>
				<name>228</name>
				<LookAt>
					<longitude>73.45955675996869</longitude>
					<latitude>19.64297873870809</latitude>
					<altitude>0</altitude>
					<heading>0.4428473751802328</heading>
					<tilt>22.70700007794285</tilt>
					<range>248.0118444698966</range>
					<gx:altitudeMode>relativeToSeaFloor</gx:altitudeMode>
				</LookAt>
				<styleUrl>#msn_wht-blank</styleUrl>
				<Point>
					<gx:drawOrder>1</gx:drawOrder>
					<coordinates>73.46020833170338,19.64288932651791,0</coordinates>
				</Point>
			</Placemark>
			<Placemark>
				<name>229</name>
				<LookAt>
					<longitude>73.45955675996869</longitude>
					<latitude>19.64297873870809</latitude>
					<altitude>0</altitude>
					<heading>0.4428473751802328</heading>
					<tilt>22.70700007794285</tilt>
					<range>248.0118444698966</range>
					<gx:altitudeMode>relativeToSeaFloor</gx:altitudeMode>
				</LookAt>
				<styleUrl>#msn_wht-blank</styleUrl>
				<Point>
					<gx:drawOrder>1</gx:drawOrder>
					<coordinates>73.46034863758805,19.64295341429635,0</coordinates>
				</Point>
			</Placemark>
			<Placemark>
				<name>230</name>
				<LookAt>
					<longitude>73.45955675996869</longitude>
					<latitude>19.64297873870809</latitude>
					<altitude>0</altitude>
					<heading>0.4428473751802328</heading>
					<tilt>22.70700007794285</tilt>
					<range>248.0118444698966</range>
					<gx:altitudeMode>relativeToSeaFloor</gx:altitudeMode>
				</LookAt>
				<styleUrl>#msn_wht-blank</styleUrl>
				<Point>
					<gx:drawOrder>1</gx:drawOrder>
					<coordinates>73.46043335027112,19.64279350278156,0</coordinates>
				</Point>
			</Placemark>
			<Placemark>
				<name>231</name>
				<LookAt>
					<longitude>73.45955675996869</longitude>
					<latitude>19.64297873870809</latitude>
					<altitude>0</altitude>
					<heading>0.4428473751802328</heading>
					<tilt>22.70700007794285</tilt>
					<range>248.0118444698966</range>
					<gx:altitudeMode>relativeToSeaFloor</gx:altitudeMode>
				</LookAt>
				<styleUrl>#msn_wht-blank</styleUrl>
				<Point>
					<gx:drawOrder>1</gx:drawOrder>
					<coordinates>73.46027039689761,19.64274008726877,0</coordinates>
				</Point>
			</Placemark>
			<Placemark>
				<name>232</name>
				<LookAt>
					<longitude>73.45966711859046</longitude>
					<latitude>19.64295217831543</latitude>
					<altitude>0</altitude>
					<heading>0.4428844728039359</heading>
					<tilt>22.70699777364726</tilt>
					<range>247.3473355082747</range>
					<gx:altitudeMode>relativeToSeaFloor</gx:altitudeMode>
				</LookAt>
				<styleUrl>#msn_wht-blank</styleUrl>
				<Point>
					<gx:drawOrder>1</gx:drawOrder>
					<coordinates>73.46017752770005,19.64269943577411,0</coordinates>
				</Point>
			</Placemark>
			<Placemark>
				<name>233</name>
				<LookAt>
					<longitude>73.45966711859046</longitude>
					<latitude>19.64295217831543</latitude>
					<altitude>0</altitude>
					<heading>0.4428844728039359</heading>
					<tilt>22.70699777364726</tilt>
					<range>247.3473355082747</range>
					<gx:altitudeMode>relativeToSeaFloor</gx:altitudeMode>
				</LookAt>
				<styleUrl>#msn_wht-blank</styleUrl>
				<Point>
					<gx:drawOrder>1</gx:drawOrder>
					<coordinates>73.46007044545681,19.64265538700706,0</coordinates>
				</Point>
			</Placemark>
			<Placemark>
				<name>234</name>
				<LookAt>
					<longitude>73.45966711859046</longitude>
					<latitude>19.64295217831543</latitude>
					<altitude>0</altitude>
					<heading>0.4428844728039359</heading>
					<tilt>22.70699777364726</tilt>
					<range>247.3473355082747</range>
					<gx:altitudeMode>relativeToSeaFloor</gx:altitudeMode>
				</LookAt>
				<styleUrl>#msn_wht-blank</styleUrl>
				<Point>
					<gx:drawOrder>1</gx:drawOrder>
					<coordinates>73.45997757794414,19.64259786950563,0</coordinates>
				</Point>
			</Placemark>
			<Placemark>
				<name>235</name>
				<LookAt>
					<longitude>73.45966711859046</longitude>
					<latitude>19.64295217831543</latitude>
					<altitude>0</altitude>
					<heading>0.4428844728039359</heading>
					<tilt>22.70699777364726</tilt>
					<range>247.3473355082747</range>
					<gx:altitudeMode>relativeToSeaFloor</gx:altitudeMode>
				</LookAt>
				<styleUrl>#msn_wht-blank</styleUrl>
				<Point>
					<gx:drawOrder>1</gx:drawOrder>
					<coordinates>73.45987154819844,19.6425395916618,0</coordinates>
				</Point>
			</Placemark>
			<Placemark>
				<name>236</name>
				<LookAt>
					<longitude>73.46025799610439</longitude>
					<latitude>19.6423820630494</latitude>
					<altitude>0</altitude>
					<heading>0.4430830990954038</heading>
					<tilt>22.70693103326175</tilt>
					<range>228.0998485777702</range>
					<gx:altitudeMode>relativeToSeaFloor</gx:altitudeMode>
				</LookAt>
				<styleUrl>#msn_wht-blank</styleUrl>
				<Point>
					<gx:drawOrder>1</gx:drawOrder>
					<coordinates>73.46003650380325,19.6422576369594,0</coordinates>
				</Point>
			</Placemark>
			<Placemark>
				<name>237</name>
				<LookAt>
					<longitude>73.46025799610439</longitude>
					<latitude>19.6423820630494</latitude>
					<altitude>0</altitude>
					<heading>0.4430830990954038</heading>
					<tilt>22.70693103326175</tilt>
					<range>228.0998485777702</range>
					<gx:altitudeMode>relativeToSeaFloor</gx:altitudeMode>
				</LookAt>
				<styleUrl>#msn_wht-blank</styleUrl>
				<Point>
					<gx:drawOrder>1</gx:drawOrder>
					<coordinates>73.46013930321979,19.64230369066837,0</coordinates>
				</Point>
			</Placemark>
			<Placemark>
				<name>238</name>
				<LookAt>
					<longitude>73.46025799610439</longitude>
					<latitude>19.6423820630494</latitude>
					<altitude>0</altitude>
					<heading>0.4430830990954038</heading>
					<tilt>22.70693103326175</tilt>
					<range>228.0998485777702</range>
					<gx:altitudeMode>relativeToSeaFloor</gx:altitudeMode>
				</LookAt>
				<styleUrl>#msn_wht-blank</styleUrl>
				<Point>
					<gx:drawOrder>1</gx:drawOrder>
					<coordinates>73.46023551893711,19.64235205343815,0</coordinates>
				</Point>
			</Placemark>
			<Placemark>
				<name>239</name>
				<LookAt>
					<longitude>73.46025799610439</longitude>
					<latitude>19.6423820630494</latitude>
					<altitude>0</altitude>
					<heading>0.4430830990954038</heading>
					<tilt>22.70693103326175</tilt>
					<range>228.0998485777702</range>
					<gx:altitudeMode>relativeToSeaFloor</gx:altitudeMode>
				</LookAt>
				<styleUrl>#msn_wht-blank</styleUrl>
				<Point>
					<gx:drawOrder>1</gx:drawOrder>
					<coordinates>73.46033227904034,19.64240689846167,0</coordinates>
				</Point>
			</Placemark>
			<Placemark>
				<name>240</name>
				<LookAt>
					<longitude>73.46048356461039</longitude>
					<latitude>19.64280170232141</latitude>
					<altitude>0</altitude>
					<heading>0.4431589219944845</heading>
					<tilt>22.70697063237035</tilt>
					<range>239.5199677560223</range>
					<gx:altitudeMode>relativeToSeaFloor</gx:altitudeMode>
				</LookAt>
				<styleUrl>#msn_wht-blank</styleUrl>
				<Point>
					<gx:drawOrder>1</gx:drawOrder>
					<coordinates>73.46043829573298,19.64245226287778,0</coordinates>
				</Point>
			</Placemark>
			<Placemark>
				<name>241</name>
				<LookAt>
					<longitude>73.46071466938825</longitude>
					<latitude>19.64260714164443</latitude>
					<altitude>0</altitude>
					<heading>0.4432366087398708</heading>
					<tilt>22.70695260406451</tilt>
					<range>234.3207178116035</range>
					<gx:altitudeMode>relativeToSeaFloor</gx:altitudeMode>
				</LookAt>
				<styleUrl>#msn_wht-blank</styleUrl>
				<Point>
					<gx:drawOrder>1</gx:drawOrder>
					<coordinates>73.46055064919555,19.64248249625423,0</coordinates>
				</Point>
			</Placemark>
			<Placemark>
				<name>242</name>
				<LookAt>
					<longitude>73.46071466938825</longitude>
					<latitude>19.64260714164443</latitude>
					<altitude>0</altitude>
					<heading>0.4432366087398708</heading>
					<tilt>22.70695260406451</tilt>
					<range>234.3207178116035</range>
					<gx:altitudeMode>relativeToSeaFloor</gx:altitudeMode>
				</LookAt>
				<styleUrl>#msn_wht-blank</styleUrl>
				<Point>
					<gx:drawOrder>1</gx:drawOrder>
					<coordinates>73.46066905244432,19.64252649973445,0</coordinates>
				</Point>
			</Placemark>
			<Placemark>
				<name>243</name>
				<LookAt>
					<longitude>73.46088944177431</longitude>
					<latitude>19.64292050282697</latitude>
					<altitude>0</altitude>
					<heading>0.4432953588276318</heading>
					<tilt>22.70697649507552</tilt>
					<range>241.2107358797102</range>
					<gx:altitudeMode>relativeToSeaFloor</gx:altitudeMode>
				</LookAt>
				<styleUrl>#msn_wht-blank</styleUrl>
				<Point>
					<gx:drawOrder>1</gx:drawOrder>
					<coordinates>73.46094760838288,19.64266824221348,0</coordinates>
				</Point>
			</Placemark>
			<Placemark>
				<name>244</name>
				<LookAt>
					<longitude>73.46088944177431</longitude>
					<latitude>19.64292050282697</latitude>
					<altitude>0</altitude>
					<heading>0.4432953588276318</heading>
					<tilt>22.70697649507552</tilt>
					<range>241.2107358797102</range>
					<gx:altitudeMode>relativeToSeaFloor</gx:altitudeMode>
				</LookAt>
				<styleUrl>#msn_wht-blank</styleUrl>
				<Point>
					<gx:drawOrder>1</gx:drawOrder>
					<coordinates>73.46086218535252,19.64280671347024,0</coordinates>
				</Point>
			</Placemark>
			<Placemark>
				<name>245</name>
				<LookAt>
					<longitude>73.46088944177431</longitude>
					<latitude>19.64292050282697</latitude>
					<altitude>0</altitude>
					<heading>0.4432953588276318</heading>
					<tilt>22.70697649507552</tilt>
					<range>241.2107358797102</range>
					<gx:altitudeMode>relativeToSeaFloor</gx:altitudeMode>
				</LookAt>
				<styleUrl>#msn_wht-blank</styleUrl>
				<Point>
					<gx:drawOrder>1</gx:drawOrder>
					<coordinates>73.46078289668368,19.64291849874642,0</coordinates>
				</Point>
			</Placemark>
			<Placemark>
				<name>246</name>
				<LookAt>
					<longitude>73.46088944177431</longitude>
					<latitude>19.64292050282697</latitude>
					<altitude>0</altitude>
					<heading>0.4432953588276318</heading>
					<tilt>22.70697649507552</tilt>
					<range>241.2107358797102</range>
					<gx:altitudeMode>relativeToSeaFloor</gx:altitudeMode>
				</LookAt>
				<styleUrl>#msn_wht-blank</styleUrl>
				<Point>
					<gx:drawOrder>1</gx:drawOrder>
					<coordinates>73.46068951815322,19.64305993351314,0</coordinates>
				</Point>
			</Placemark>
			<Placemark>
				<name>247</name>
				<LookAt>
					<longitude>73.46088944177431</longitude>
					<latitude>19.64292050282697</latitude>
					<altitude>0</altitude>
					<heading>0.4432953588276318</heading>
					<tilt>22.70697649507552</tilt>
					<range>241.2107358797102</range>
					<gx:altitudeMode>relativeToSeaFloor</gx:altitudeMode>
				</LookAt>
				<styleUrl>#msn_wht-blank</styleUrl>
				<Point>
					<gx:drawOrder>1</gx:drawOrder>
					<coordinates>73.4608592465375,19.64314194331101,0</coordinates>
				</Point>
			</Placemark>
			<Placemark>
				<name>248</name>
				<LookAt>
					<longitude>73.46088944177431</longitude>
					<latitude>19.64292050282697</latitude>
					<altitude>0</altitude>
					<heading>0.4432953588276318</heading>
					<tilt>22.70697649507552</tilt>
					<range>241.2107358797102</range>
					<gx:altitudeMode>relativeToSeaFloor</gx:altitudeMode>
				</LookAt>
				<styleUrl>#msn_wht-blank</styleUrl>
				<Point>
					<gx:drawOrder>1</gx:drawOrder>
					<coordinates>73.46095611229259,19.6430206924287,0</coordinates>
				</Point>
			</Placemark>
			<Placemark>
				<name>249</name>
				<LookAt>
					<longitude>73.46088944177431</longitude>
					<latitude>19.64292050282697</latitude>
					<altitude>0</altitude>
					<heading>0.4432953588276318</heading>
					<tilt>22.70697649507552</tilt>
					<range>241.2107358797102</range>
					<gx:altitudeMode>relativeToSeaFloor</gx:altitudeMode>
				</LookAt>
				<styleUrl>#msn_wht-blank</styleUrl>
				<Point>
					<gx:drawOrder>1</gx:drawOrder>
					<coordinates>73.46104980075965,19.64290828665995,0</coordinates>
				</Point>
			</Placemark>
			<Placemark>
				<name>250</name>
				<LookAt>
					<longitude>73.46088944177431</longitude>
					<latitude>19.64292050282697</latitude>
					<altitude>0</altitude>
					<heading>0.4432953588276318</heading>
					<tilt>22.70697649507552</tilt>
					<range>241.2107358797102</range>
					<gx:altitudeMode>relativeToSeaFloor</gx:altitudeMode>
				</LookAt>
				<styleUrl>#msn_wht-blank</styleUrl>
				<Point>
					<gx:drawOrder>1</gx:drawOrder>
					<coordinates>73.4611381368786,19.64275718017137,0</coordinates>
				</Point>
			</Placemark>
			<Placemark>
				<name>251</name>
				<LookAt>
					<longitude>73.46122423348953</longitude>
					<latitude>19.64327905004011</latitude>
					<altitude>0</altitude>
					<heading>-0.0300439249411596</heading>
					<tilt>0</tilt>
					<range>363.8335580431923</range>
					<gx:altitudeMode>relativeToSeaFloor</gx:altitudeMode>
				</LookAt>
				<styleUrl>#msn_wht-blank</styleUrl>
				<Point>
					<gx:drawOrder>1</gx:drawOrder>
					<coordinates>73.46146830003947,19.64271578850131,0</coordinates>
				</Point>
			</Placemark>
			<Placemark>
				<name>252</name>
				<LookAt>
					<longitude>73.46122423348953</longitude>
					<latitude>19.64327905004011</latitude>
					<altitude>0</altitude>
					<heading>-0.0300439249411596</heading>
					<tilt>0</tilt>
					<range>363.8335580431923</range>
					<gx:altitudeMode>relativeToSeaFloor</gx:altitudeMode>
				</LookAt>
				<styleUrl>#msn_wht-blank</styleUrl>
				<Point>
					<gx:drawOrder>1</gx:drawOrder>
					<coordinates>73.46157583580737,19.64278055774562,0</coordinates>
				</Point>
			</Placemark>
			<Placemark>
				<name>253</name>
				<LookAt>
					<longitude>73.46122423348953</longitude>
					<latitude>19.64327905004011</latitude>
					<altitude>0</altitude>
					<heading>-0.0300439249411596</heading>
					<tilt>0</tilt>
					<range>363.8335580431923</range>
					<gx:altitudeMode>relativeToSeaFloor</gx:altitudeMode>
				</LookAt>
				<styleUrl>#msn_wht-blank</styleUrl>
				<Point>
					<gx:drawOrder>1</gx:drawOrder>
					<coordinates>73.46168571157732,19.64284605584185,0</coordinates>
				</Point>
			</Placemark>
			<Placemark>
				<name>254</name>
				<LookAt>
					<longitude>73.46122423348953</longitude>
					<latitude>19.64327905004011</latitude>
					<altitude>0</altitude>
					<heading>-0.0300439249411596</heading>
					<tilt>0</tilt>
					<range>363.8335580431923</range>
					<gx:altitudeMode>relativeToSeaFloor</gx:altitudeMode>
				</LookAt>
				<styleUrl>#msn_wht-blank</styleUrl>
				<Point>
					<gx:drawOrder>1</gx:drawOrder>
					<coordinates>73.46178532446372,19.64291659571742,0</coordinates>
				</Point>
			</Placemark>
			<Placemark>
				<name>255</name>
				<LookAt>
					<longitude>73.46122423348953</longitude>
					<latitude>19.64327905004011</latitude>
					<altitude>0</altitude>
					<heading>-0.0300439249411596</heading>
					<tilt>0</tilt>
					<range>363.8335580431923</range>
					<gx:altitudeMode>relativeToSeaFloor</gx:altitudeMode>
				</LookAt>
				<styleUrl>#msn_wht-blank</styleUrl>
				<Point>
					<gx:drawOrder>1</gx:drawOrder>
					<coordinates>73.46190729185969,19.64301765853218,0</coordinates>
				</Point>
			</Placemark>
			<Placemark>
				<name>256</name>
				<LookAt>
					<longitude>73.46171051827918</longitude>
					<latitude>19.64280257813323</latitude>
					<altitude>0</altitude>
					<heading>-0.02988045378385219</heading>
					<tilt>0</tilt>
					<range>354.3230004591326</range>
					<gx:altitudeMode>relativeToSeaFloor</gx:altitudeMode>
				</LookAt>
				<styleUrl>#msn_wht-blank</styleUrl>
				<Point>
					<gx:drawOrder>1</gx:drawOrder>
					<coordinates>73.4621082225178,19.64232104157207,0</coordinates>
				</Point>
			</Placemark>
			<Placemark>
				<name>257</name>
				<LookAt>
					<longitude>73.46171051827918</longitude>
					<latitude>19.64280257813323</latitude>
					<altitude>0</altitude>
					<heading>-0.02988045378385219</heading>
					<tilt>0</tilt>
					<range>354.3230004591326</range>
					<gx:altitudeMode>relativeToSeaFloor</gx:altitudeMode>
				</LookAt>
				<styleUrl>#msn_wht-blank</styleUrl>
				<Point>
					<gx:drawOrder>1</gx:drawOrder>
					<coordinates>73.46216622308584,19.64246205199944,0</coordinates>
				</Point>
			</Placemark>
			<Placemark>
				<name>258</name>
				<LookAt>
					<longitude>73.46171051827918</longitude>
					<latitude>19.64280257813323</latitude>
					<altitude>0</altitude>
					<heading>-0.02988045378385219</heading>
					<tilt>0</tilt>
					<range>354.3230004591326</range>
					<gx:altitudeMode>relativeToSeaFloor</gx:altitudeMode>
				</LookAt>
				<styleUrl>#msn_wht-blank</styleUrl>
				<Point>
					<gx:drawOrder>1</gx:drawOrder>
					<coordinates>73.46221906608662,19.642594878432,0</coordinates>
				</Point>
			</Placemark>
			<Placemark>
				<name>259</name>
				<LookAt>
					<longitude>73.46171051827918</longitude>
					<latitude>19.64280257813323</latitude>
					<altitude>0</altitude>
					<heading>-0.02988045378385219</heading>
					<tilt>0</tilt>
					<range>354.3230004591326</range>
					<gx:altitudeMode>relativeToSeaFloor</gx:altitudeMode>
				</LookAt>
				<styleUrl>#msn_wht-blank</styleUrl>
				<Point>
					<gx:drawOrder>1</gx:drawOrder>
					<coordinates>73.46226960459418,19.64274070965328,0</coordinates>
				</Point>
			</Placemark>
			<Placemark>
				<name>260</name>
				<LookAt>
					<longitude>73.46171051827918</longitude>
					<latitude>19.64280257813323</latitude>
					<altitude>0</altitude>
					<heading>-0.02988045378385219</heading>
					<tilt>0</tilt>
					<range>354.3230004591326</range>
					<gx:altitudeMode>relativeToSeaFloor</gx:altitudeMode>
				</LookAt>
				<styleUrl>#msn_wht-blank</styleUrl>
				<Point>
					<gx:drawOrder>1</gx:drawOrder>
					<coordinates>73.46215293746835,19.64321618958363,0</coordinates>
				</Point>
			</Placemark>
			<Placemark>
				<name>261</name>
				<LookAt>
					<longitude>73.46167360706501</longitude>
					<latitude>19.64338606664406</latitude>
					<altitude>0</altitude>
					<heading>-0.02989286785213241</heading>
					<tilt>0</tilt>
					<range>362.0606734046706</range>
					<gx:altitudeMode>relativeToSeaFloor</gx:altitudeMode>
				</LookAt>
				<styleUrl>#msn_wht-blank</styleUrl>
				<Point>
					<gx:drawOrder>1</gx:drawOrder>
					<coordinates>73.46222653811046,19.64333635715814,0</coordinates>
				</Point>
			</Placemark>
			<Placemark>
				<name>262</name>
				<LookAt>
					<longitude>73.46167360706501</longitude>
					<latitude>19.64338606664406</latitude>
					<altitude>0</altitude>
					<heading>-0.02989286785213241</heading>
					<tilt>0</tilt>
					<range>362.0606734046706</range>
					<gx:altitudeMode>relativeToSeaFloor</gx:altitudeMode>
				</LookAt>
				<styleUrl>#msn_wht-blank</styleUrl>
				<Point>
					<gx:drawOrder>1</gx:drawOrder>
					<coordinates>73.46229669185747,19.64343856185658,0</coordinates>
				</Point>
			</Placemark>
			<Placemark>
				<name>263</name>
				<LookAt>
					<longitude>73.46167360706501</longitude>
					<latitude>19.64338606664406</latitude>
					<altitude>0</altitude>
					<heading>-0.02989286785213241</heading>
					<tilt>0</tilt>
					<range>362.0606734046706</range>
					<gx:altitudeMode>relativeToSeaFloor</gx:altitudeMode>
				</LookAt>
				<styleUrl>#msn_wht-blank</styleUrl>
				<Point>
					<gx:drawOrder>1</gx:drawOrder>
					<coordinates>73.46233846179996,19.64355919174121,0</coordinates>
				</Point>
			</Placemark>
			<Placemark>
				<name>264</name>
				<LookAt>
					<longitude>73.46167360706501</longitude>
					<latitude>19.64338606664406</latitude>
					<altitude>0</altitude>
					<heading>-0.02989286785213241</heading>
					<tilt>0</tilt>
					<range>362.0606734046706</range>
					<gx:altitudeMode>relativeToSeaFloor</gx:altitudeMode>
				</LookAt>
				<styleUrl>#msn_wht-blank</styleUrl>
				<Point>
					<gx:drawOrder>1</gx:drawOrder>
					<coordinates>73.46237250145336,19.64367038783222,0</coordinates>
				</Point>
			</Placemark>
			<Placemark>
				<name>265</name>
				<LookAt>
					<longitude>73.46167360706501</longitude>
					<latitude>19.64338606664406</latitude>
					<altitude>0</altitude>
					<heading>-0.02989286785213241</heading>
					<tilt>0</tilt>
					<range>362.0606734046706</range>
					<gx:altitudeMode>relativeToSeaFloor</gx:altitudeMode>
				</LookAt>
				<styleUrl>#msn_wht-blank</styleUrl>
				<Point>
					<gx:drawOrder>1</gx:drawOrder>
					<coordinates>73.46242523110237,19.64379023123589,0</coordinates>
				</Point>
			</Placemark>
			<Placemark>
				<name>266</name>
				<LookAt>
					<longitude>73.46167360706501</longitude>
					<latitude>19.64338606664406</latitude>
					<altitude>0</altitude>
					<heading>-0.02989286785213241</heading>
					<tilt>0</tilt>
					<range>362.0606734046706</range>
					<gx:altitudeMode>relativeToSeaFloor</gx:altitudeMode>
				</LookAt>
				<styleUrl>#msn_wht-blank</styleUrl>
				<Point>
					<gx:drawOrder>1</gx:drawOrder>
					<coordinates>73.46252455210694,19.64390596952258,0</coordinates>
				</Point>
			</Placemark>
			<Placemark>
				<name>267</name>
				<LookAt>
					<longitude>73.46167360706501</longitude>
					<latitude>19.64338606664406</latitude>
					<altitude>0</altitude>
					<heading>-0.02989286785213241</heading>
					<tilt>0</tilt>
					<range>362.0606734046706</range>
					<gx:altitudeMode>relativeToSeaFloor</gx:altitudeMode>
				</LookAt>
				<styleUrl>#msn_wht-blank</styleUrl>
				<Point>
					<gx:drawOrder>1</gx:drawOrder>
					<coordinates>73.46268689849585,19.64396459838443,0</coordinates>
				</Point>
			</Placemark>
			<Placemark>
				<name>268</name>
				<LookAt>
					<longitude>73.46222459292458</longitude>
					<latitude>19.64372487711612</latitude>
					<altitude>0</altitude>
					<heading>-0.02970764742155959</heading>
					<tilt>0</tilt>
					<range>355.3993792722421</range>
					<gx:altitudeMode>relativeToSeaFloor</gx:altitudeMode>
				</LookAt>
				<styleUrl>#msn_wht-blank</styleUrl>
				<Point>
					<gx:drawOrder>1</gx:drawOrder>
					<coordinates>73.46284429920057,19.64395118496826,0</coordinates>
				</Point>
			</Placemark>
			<Placemark>
				<name>269</name>
				<LookAt>
					<longitude>73.46222459292458</longitude>
					<latitude>19.64372487711612</latitude>
					<altitude>0</altitude>
					<heading>-0.02970764742155959</heading>
					<tilt>0</tilt>
					<range>355.3993792722421</range>
					<gx:altitudeMode>relativeToSeaFloor</gx:altitudeMode>
				</LookAt>
				<styleUrl>#msn_wht-blank</styleUrl>
				<Point>
					<gx:drawOrder>1</gx:drawOrder>
					<coordinates>73.46300211163037,19.64392303941352,0</coordinates>
				</Point>
			</Placemark>
			<Placemark>
				<name>270</name>
				<LookAt>
					<longitude>73.46222459292458</longitude>
					<latitude>19.64372487711612</latitude>
					<altitude>0</altitude>
					<heading>-0.02970764742155959</heading>
					<tilt>0</tilt>
					<range>355.3993792722421</range>
					<gx:altitudeMode>relativeToSeaFloor</gx:altitudeMode>
				</LookAt>
				<styleUrl>#msn_wht-blank</styleUrl>
				<Point>
					<gx:drawOrder>1</gx:drawOrder>
					<coordinates>73.46312077483643,19.64385214947716,0</coordinates>
				</Point>
			</Placemark>
			<Placemark>
				<name>271</name>
				<LookAt>
					<longitude>73.46349996661844</longitude>
					<latitude>19.64430517195185</latitude>
					<altitude>0</altitude>
					<heading>-0.02927889862439723</heading>
					<tilt>0</tilt>
					<range>348.5821976553221</range>
					<gx:altitudeMode>relativeToSeaFloor</gx:altitudeMode>
				</LookAt>
				<styleUrl>#msn_wht-blank</styleUrl>
				<Point>
					<gx:drawOrder>1</gx:drawOrder>
					<coordinates>73.46351699269071,19.64409471373382,0</coordinates>
				</Point>
			</Placemark>
			<Placemark>
				<name>272</name>
				<LookAt>
					<longitude>73.46349996661844</longitude>
					<latitude>19.64430517195185</latitude>
					<altitude>0</altitude>
					<heading>-0.02927889862439723</heading>
					<tilt>0</tilt>
					<range>348.5821976553221</range>
					<gx:altitudeMode>relativeToSeaFloor</gx:altitudeMode>
				</LookAt>
				<styleUrl>#msn_wht-blank</styleUrl>
				<Point>
					<gx:drawOrder>1</gx:drawOrder>
					<coordinates>73.46332518532334,19.64420789328241,0</coordinates>
				</Point>
			</Placemark>
			<Placemark>
				<name>273</name>
				<LookAt>
					<longitude>73.4635562768002</longitude>
					<latitude>19.64432364821524</latitude>
					<altitude>0</altitude>
					<heading>-0.02925996820675568</heading>
					<tilt>0</tilt>
					<range>349.0891106589959</range>
					<gx:altitudeMode>relativeToSeaFloor</gx:altitudeMode>
				</LookAt>
				<styleUrl>#msn_wht-blank</styleUrl>
				<Point>
					<gx:drawOrder>1</gx:drawOrder>
					<coordinates>73.46316596910499,19.64428325256893,0</coordinates>
				</Point>
			</Placemark>
			<Placemark>
				<name>274</name>
				<LookAt>
					<longitude>73.46306940705617</longitude>
					<latitude>19.64433946172446</latitude>
					<altitude>0</altitude>
					<heading>-0.02942364290390526</heading>
					<tilt>0</tilt>
					<range>349.3070627338045</range>
					<gx:altitudeMode>relativeToSeaFloor</gx:altitudeMode>
				</LookAt>
				<styleUrl>#msn_wht-blank</styleUrl>
				<Point>
					<gx:drawOrder>1</gx:drawOrder>
					<coordinates>73.46302047407663,19.6443060139916,0</coordinates>
				</Point>
			</Placemark>
			<Placemark>
				<name>275</name>
				<LookAt>
					<longitude>73.46305223172291</longitude>
					<latitude>19.64437868771617</latitude>
					<altitude>0</altitude>
					<heading>-0.02942941689465453</heading>
					<tilt>0</tilt>
					<range>350.2655472232281</range>
					<gx:altitudeMode>relativeToSeaFloor</gx:altitudeMode>
				</LookAt>
				<styleUrl>#msn_wht-blank</styleUrl>
				<Point>
					<gx:drawOrder>1</gx:drawOrder>
					<coordinates>73.46285284651444,19.64432642267907,0</coordinates>
				</Point>
			</Placemark>
			<Placemark>
				<name>276</name>
				<LookAt>
					<longitude>73.46208995395742</longitude>
					<latitude>19.64445052608157</latitude>
					<altitude>0</altitude>
					<heading>-0.02975291878209792</heading>
					<tilt>0</tilt>
					<range>364.5325718060034</range>
					<gx:altitudeMode>relativeToSeaFloor</gx:altitudeMode>
				</LookAt>
				<styleUrl>#msn_wht-blank</styleUrl>
				<Point>
					<gx:drawOrder>1</gx:drawOrder>
					<coordinates>73.46268190241955,19.64429571716343,0</coordinates>
				</Point>
			</Placemark>
			<Placemark>
				<name>277</name>
				<LookAt>
					<longitude>73.46208995395742</longitude>
					<latitude>19.64445052608157</latitude>
					<altitude>0</altitude>
					<heading>-0.02975291878209792</heading>
					<tilt>0</tilt>
					<range>364.5325718060034</range>
					<gx:altitudeMode>relativeToSeaFloor</gx:altitudeMode>
				</LookAt>
				<styleUrl>#msn_wht-blank</styleUrl>
				<Point>
					<gx:drawOrder>1</gx:drawOrder>
					<coordinates>73.46254640668778,19.64428516994268,0</coordinates>
				</Point>
			</Placemark>
			<Placemark>
				<name>278</name>
				<LookAt>
					<longitude>73.46208995395742</longitude>
					<latitude>19.64445052608157</latitude>
					<altitude>0</altitude>
					<heading>-0.02975291878209792</heading>
					<tilt>0</tilt>
					<range>364.5325718060034</range>
					<gx:altitudeMode>relativeToSeaFloor</gx:altitudeMode>
				</LookAt>
				<styleUrl>#msn_wht-blank</styleUrl>
				<Point>
					<gx:drawOrder>1</gx:drawOrder>
					<coordinates>73.46238733044919,19.64427865088573,0</coordinates>
				</Point>
			</Placemark>
			<Placemark>
				<name>279</name>
				<LookAt>
					<longitude>73.46208995395742</longitude>
					<latitude>19.64445052608157</latitude>
					<altitude>0</altitude>
					<heading>-0.02975291878209792</heading>
					<tilt>0</tilt>
					<range>364.5325718060034</range>
					<gx:altitudeMode>relativeToSeaFloor</gx:altitudeMode>
				</LookAt>
				<styleUrl>#msn_wht-blank</styleUrl>
				<Point>
					<gx:drawOrder>1</gx:drawOrder>
					<coordinates>73.46209518953938,19.6442090870728,0</coordinates>
				</Point>
			</Placemark>
			<Placemark>
				<name>280</name>
				<LookAt>
					<longitude>73.46176934005969</longitude>
					<latitude>19.64397207977474</latitude>
					<altitude>0</altitude>
					<heading>-0.02986069987513466</heading>
					<tilt>0</tilt>
					<range>365.8251659430666</range>
					<gx:altitudeMode>relativeToSeaFloor</gx:altitudeMode>
				</LookAt>
				<styleUrl>#msn_wht-blank</styleUrl>
				<Point>
					<gx:drawOrder>1</gx:drawOrder>
					<coordinates>73.46209188984581,19.64404520195377,0</coordinates>
				</Point>
			</Placemark>
			<Placemark>
				<name>281</name>
				<LookAt>
					<longitude>73.46192098041314</longitude>
					<latitude>19.6438994164675</latitude>
					<altitude>0</altitude>
					<heading>3.037708761259109</heading>
					<tilt>0</tilt>
					<range>317.972580285889</range>
					<gx:altitudeMode>relativeToSeaFloor</gx:altitudeMode>
				</LookAt>
				<styleUrl>#msn_wht-blank</styleUrl>
				<Point>
					<gx:drawOrder>1</gx:drawOrder>
					<coordinates>73.46208370947824,19.64392149175669,0</coordinates>
				</Point>
			</Placemark>
			<Placemark>
				<name>282</name>
				<LookAt>
					<longitude>73.46192098041314</longitude>
					<latitude>19.6438994164675</latitude>
					<altitude>0</altitude>
					<heading>3.037708761259109</heading>
					<tilt>0</tilt>
					<range>317.972580285889</range>
					<gx:altitudeMode>relativeToSeaFloor</gx:altitudeMode>
				</LookAt>
				<styleUrl>#msn_wht-blank</styleUrl>
				<Point>
					<gx:drawOrder>1</gx:drawOrder>
					<coordinates>73.46203243022312,19.6437596100282,0</coordinates>
				</Point>
			</Placemark>
			<Placemark>
				<name>283</name>
				<LookAt>
					<longitude>73.46192098041314</longitude>
					<latitude>19.6438994164675</latitude>
					<altitude>0</altitude>
					<heading>3.037708761259109</heading>
					<tilt>0</tilt>
					<range>317.972580285889</range>
					<gx:altitudeMode>relativeToSeaFloor</gx:altitudeMode>
				</LookAt>
				<styleUrl>#msn_wht-blank</styleUrl>
				<Point>
					<gx:drawOrder>1</gx:drawOrder>
					<coordinates>73.46195971650312,19.64364423808941,0</coordinates>
				</Point>
			</Placemark>
			<Placemark>
				<name>284</name>
				<LookAt>
					<longitude>73.46192098041314</longitude>
					<latitude>19.6438994164675</latitude>
					<altitude>0</altitude>
					<heading>3.037708761259109</heading>
					<tilt>0</tilt>
					<range>317.972580285889</range>
					<gx:altitudeMode>relativeToSeaFloor</gx:altitudeMode>
				</LookAt>
				<styleUrl>#msn_wht-blank</styleUrl>
				<Point>
					<gx:drawOrder>1</gx:drawOrder>
					<coordinates>73.46189172795587,19.64353730613737,0</coordinates>
				</Point>
			</Placemark>
			<Placemark>
				<name>285</name>
				<LookAt>
					<longitude>73.46167047737733</longitude>
					<latitude>19.64350283916052</latitude>
					<altitude>0</altitude>
					<heading>3.037624551798157</heading>
					<tilt>0</tilt>
					<range>317.4783061756572</range>
					<gx:altitudeMode>relativeToSeaFloor</gx:altitudeMode>
				</LookAt>
				<styleUrl>#msn_wht-blank</styleUrl>
				<Point>
					<gx:drawOrder>1</gx:drawOrder>
					<coordinates>73.46182376005069,19.64343580235204,0</coordinates>
				</Point>
			</Placemark>
			<Placemark>
				<name>286</name>
				<LookAt>
					<longitude>73.46167047737733</longitude>
					<latitude>19.64350283916052</latitude>
					<altitude>0</altitude>
					<heading>3.037624551798157</heading>
					<tilt>0</tilt>
					<range>317.4783061756572</range>
					<gx:altitudeMode>relativeToSeaFloor</gx:altitudeMode>
				</LookAt>
				<styleUrl>#msn_wht-blank</styleUrl>
				<Point>
					<gx:drawOrder>1</gx:drawOrder>
					<coordinates>73.4617417206972,19.64331493983782,0</coordinates>
				</Point>
			</Placemark>
			<Placemark>
				<name>287</name>
				<LookAt>
					<longitude>73.46167047737733</longitude>
					<latitude>19.64350283916052</latitude>
					<altitude>0</altitude>
					<heading>3.037624551798157</heading>
					<tilt>0</tilt>
					<range>317.4783061756572</range>
					<gx:altitudeMode>relativeToSeaFloor</gx:altitudeMode>
				</LookAt>
				<styleUrl>#msn_wht-blank</styleUrl>
				<Point>
					<gx:drawOrder>1</gx:drawOrder>
					<coordinates>73.46162704836128,19.64320366169936,0</coordinates>
				</Point>
			</Placemark>
			<Placemark>
				<name>288</name>
				<LookAt>
					<longitude>73.46167047737733</longitude>
					<latitude>19.64350283916052</latitude>
					<altitude>0</altitude>
					<heading>3.037624551798157</heading>
					<tilt>0</tilt>
					<range>317.4783061756572</range>
					<gx:altitudeMode>relativeToSeaFloor</gx:altitudeMode>
				</LookAt>
				<styleUrl>#msn_wht-blank</styleUrl>
				<Point>
					<gx:drawOrder>1</gx:drawOrder>
					<coordinates>73.46152681246487,19.64311302349908,0</coordinates>
				</Point>
			</Placemark>
			<Placemark>
				<name>289</name>
				<LookAt>
					<longitude>73.46167047737733</longitude>
					<latitude>19.64350283916052</latitude>
					<altitude>0</altitude>
					<heading>3.037624551798157</heading>
					<tilt>0</tilt>
					<range>317.4783061756572</range>
					<gx:altitudeMode>relativeToSeaFloor</gx:altitudeMode>
				</LookAt>
				<styleUrl>#msn_wht-blank</styleUrl>
				<Point>
					<gx:drawOrder>1</gx:drawOrder>
					<coordinates>73.46140736152782,19.64303184617108,0</coordinates>
				</Point>
			</Placemark>
			<Placemark>
				<name>290</name>
				<LookAt>
					<longitude>73.46167047737733</longitude>
					<latitude>19.64350283916052</latitude>
					<altitude>0</altitude>
					<heading>3.037624551798157</heading>
					<tilt>0</tilt>
					<range>317.4783061756572</range>
					<gx:altitudeMode>relativeToSeaFloor</gx:altitudeMode>
				</LookAt>
				<styleUrl>#msn_wht-blank</styleUrl>
				<Point>
					<gx:drawOrder>1</gx:drawOrder>
					<coordinates>73.46150224312987,19.64350385050205,0</coordinates>
				</Point>
			</Placemark>
			<Placemark>
				<name>291</name>
				<LookAt>
					<longitude>73.46167047737733</longitude>
					<latitude>19.64350283916052</latitude>
					<altitude>0</altitude>
					<heading>3.037624551798157</heading>
					<tilt>0</tilt>
					<range>317.4783061756572</range>
					<gx:altitudeMode>relativeToSeaFloor</gx:altitudeMode>
				</LookAt>
				<styleUrl>#msn_wht-blank</styleUrl>
				<Point>
					<gx:drawOrder>1</gx:drawOrder>
					<coordinates>73.46158188944341,19.64360343391953,0</coordinates>
				</Point>
			</Placemark>
			<Placemark>
				<name>292</name>
				<LookAt>
					<longitude>73.46161562998991</longitude>
					<latitude>19.64380012717352</latitude>
					<altitude>0</altitude>
					<heading>3.037606113136553</heading>
					<tilt>0</tilt>
					<range>320.8013806949555</range>
					<gx:altitudeMode>relativeToSeaFloor</gx:altitudeMode>
				</LookAt>
				<styleUrl>#msn_wht-blank</styleUrl>
				<Point>
					<gx:drawOrder>1</gx:drawOrder>
					<coordinates>73.4616586049144,19.64368707759212,0</coordinates>
				</Point>
			</Placemark>
			<Placemark>
				<name>293</name>
				<LookAt>
					<longitude>73.46152722791467</longitude>
					<latitude>19.64382999720294</latitude>
					<altitude>0</altitude>
					<heading>3.037576394788746</heading>
					<tilt>0</tilt>
					<range>321.9227728692103</range>
					<gx:altitudeMode>relativeToSeaFloor</gx:altitudeMode>
				</LookAt>
				<styleUrl>#msn_wht-blank</styleUrl>
				<Point>
					<gx:drawOrder>1</gx:drawOrder>
					<coordinates>73.46173030486052,19.64377232436464,0</coordinates>
				</Point>
			</Placemark>
			<Placemark>
				<name>294</name>
				<LookAt>
					<longitude>73.46152722791467</longitude>
					<latitude>19.64382999720294</latitude>
					<altitude>0</altitude>
					<heading>3.037576394788746</heading>
					<tilt>0</tilt>
					<range>321.9227728692103</range>
					<gx:altitudeMode>relativeToSeaFloor</gx:altitudeMode>
				</LookAt>
				<styleUrl>#msn_wht-blank</styleUrl>
				<Point>
					<gx:drawOrder>1</gx:drawOrder>
					<coordinates>73.46179014887721,19.64387499334545,0</coordinates>
				</Point>
			</Placemark>
			<Placemark>
				<name>295</name>
				<LookAt>
					<longitude>73.46152722791467</longitude>
					<latitude>19.64382999720294</latitude>
					<altitude>0</altitude>
					<heading>3.037576394788746</heading>
					<tilt>0</tilt>
					<range>321.9227728692103</range>
					<gx:altitudeMode>relativeToSeaFloor</gx:altitudeMode>
				</LookAt>
				<styleUrl>#msn_wht-blank</styleUrl>
				<Point>
					<gx:drawOrder>1</gx:drawOrder>
					<coordinates>73.4618677236447,19.64398298716702,0</coordinates>
				</Point>
			</Placemark>
			<Placemark>
				<name>296</name>
				<LookAt>
					<longitude>73.46152722791467</longitude>
					<latitude>19.64382999720294</latitude>
					<altitude>0</altitude>
					<heading>3.037576394788746</heading>
					<tilt>0</tilt>
					<range>321.9227728692103</range>
					<gx:altitudeMode>relativeToSeaFloor</gx:altitudeMode>
				</LookAt>
				<styleUrl>#msn_wht-blank</styleUrl>
				<Point>
					<gx:drawOrder>1</gx:drawOrder>
					<coordinates>73.4619034482848,19.64409947566826,0</coordinates>
				</Point>
			</Placemark>
			<Placemark>
				<name>297</name>
				<LookAt>
					<longitude>73.46152722791467</longitude>
					<latitude>19.64382999720294</latitude>
					<altitude>0</altitude>
					<heading>3.037576394788746</heading>
					<tilt>0</tilt>
					<range>321.9227728692103</range>
					<gx:altitudeMode>relativeToSeaFloor</gx:altitudeMode>
				</LookAt>
				<styleUrl>#msn_wht-blank</styleUrl>
				<Point>
					<gx:drawOrder>1</gx:drawOrder>
					<coordinates>73.46193489017644,19.64421637137052,0</coordinates>
				</Point>
			</Placemark>
			<Placemark>
				<name>298</name>
				<LookAt>
					<longitude>73.4614768226902</longitude>
					<latitude>19.64401499224483</latitude>
					<altitude>0</altitude>
					<heading>3.037559448958673</heading>
					<tilt>0</tilt>
					<range>322.3966832777953</range>
					<gx:altitudeMode>relativeToSeaFloor</gx:altitudeMode>
				</LookAt>
				<styleUrl>#msn_wht-blank</styleUrl>
				<Point>
					<gx:drawOrder>1</gx:drawOrder>
					<coordinates>73.46163843462608,19.64420127839828,0</coordinates>
				</Point>
			</Placemark>
			<Placemark>
				<name>299</name>
				<LookAt>
					<longitude>73.4614768226902</longitude>
					<latitude>19.64401499224483</latitude>
					<altitude>0</altitude>
					<heading>3.037559448958673</heading>
					<tilt>0</tilt>
					<range>322.3966832777953</range>
					<gx:altitudeMode>relativeToSeaFloor</gx:altitudeMode>
				</LookAt>
				<styleUrl>#msn_wht-blank</styleUrl>
				<Point>
					<gx:drawOrder>1</gx:drawOrder>
					<coordinates>73.46155979697242,19.64424574764435,0</coordinates>
				</Point>
			</Placemark>
			<Placemark>
				<name>300</name>
				<LookAt>
					<longitude>73.4614768226902</longitude>
					<latitude>19.64401499224483</latitude>
					<altitude>0</altitude>
					<heading>3.037559448958673</heading>
					<tilt>0</tilt>
					<range>322.3966832777953</range>
					<gx:altitudeMode>relativeToSeaFloor</gx:altitudeMode>
				</LookAt>
				<styleUrl>#msn_wht-blank</styleUrl>
				<Point>
					<gx:drawOrder>1</gx:drawOrder>
					<coordinates>73.46146977666687,19.64429083067746,0</coordinates>
				</Point>
			</Placemark>
			<Placemark>
				<name>301</name>
				<LookAt>
					<longitude>73.4614768226902</longitude>
					<latitude>19.64401499224483</latitude>
					<altitude>0</altitude>
					<heading>3.037559448958673</heading>
					<tilt>0</tilt>
					<range>322.3966832777953</range>
					<gx:altitudeMode>relativeToSeaFloor</gx:altitudeMode>
				</LookAt>
				<styleUrl>#msn_wht-blank</styleUrl>
				<Point>
					<gx:drawOrder>1</gx:drawOrder>
					<coordinates>73.46138446167149,19.64434224288393,0</coordinates>
				</Point>
			</Placemark>
			<Placemark>
				<name>302</name>
				<LookAt>
					<longitude>73.4614768226902</longitude>
					<latitude>19.64401499224483</latitude>
					<altitude>0</altitude>
					<heading>3.037559448958673</heading>
					<tilt>0</tilt>
					<range>322.3966832777953</range>
					<gx:altitudeMode>relativeToSeaFloor</gx:altitudeMode>
				</LookAt>
				<styleUrl>#msn_wht-blank</styleUrl>
				<Point>
					<gx:drawOrder>1</gx:drawOrder>
					<coordinates>73.46130563547764,19.64439364666711,0</coordinates>
				</Point>
			</Placemark>
			<Placemark>
				<name>304</name>
				<LookAt>
					<longitude>73.46146575533503</longitude>
					<latitude>19.64406047284447</latitude>
					<altitude>0</altitude>
					<heading>3.037555728536793</heading>
					<tilt>0</tilt>
					<range>322.3443978028004</range>
					<gx:altitudeMode>relativeToSeaFloor</gx:altitudeMode>
				</LookAt>
				<styleUrl>#msn_wht-blank</styleUrl>
				<Point>
					<gx:drawOrder>1</gx:drawOrder>
					<coordinates>73.46112794405309,19.64428858983775,0</coordinates>
				</Point>
			</Placemark>
			<Placemark>
				<name>305</name>
				<LookAt>
					<longitude>73.4614768226902</longitude>
					<latitude>19.64401499224483</latitude>
					<altitude>0</altitude>
					<heading>3.037559448958673</heading>
					<tilt>0</tilt>
					<range>322.3966832777953</range>
					<gx:altitudeMode>relativeToSeaFloor</gx:altitudeMode>
				</LookAt>
				<styleUrl>#msn_wht-blank</styleUrl>
				<Point>
					<gx:drawOrder>1</gx:drawOrder>
					<coordinates>73.46120241926116,19.64422890242679,0</coordinates>
				</Point>
			</Placemark>
			<Placemark>
				<name>303</name>
				<LookAt>
					<longitude>73.4614768226902</longitude>
					<latitude>19.64401499224483</latitude>
					<altitude>0</altitude>
					<heading>3.037559448958673</heading>
					<tilt>0</tilt>
					<range>322.3966832777953</range>
					<gx:altitudeMode>relativeToSeaFloor</gx:altitudeMode>
				</LookAt>
				<styleUrl>#msn_wht-blank</styleUrl>
				<Point>
					<gx:drawOrder>1</gx:drawOrder>
					<coordinates>73.46121319131277,19.64441419500907,0</coordinates>
				</Point>
			</Placemark>
			<Placemark>
				<name>306</name>
				<LookAt>
					<longitude>73.46134079657361</longitude>
					<latitude>19.64413720908559</latitude>
					<altitude>0</altitude>
					<heading>3.037513720278564</heading>
					<tilt>0</tilt>
					<range>322.8956080811795</range>
					<gx:altitudeMode>relativeToSeaFloor</gx:altitudeMode>
				</LookAt>
				<styleUrl>#msn_wht-blank</styleUrl>
				<Point>
					<gx:drawOrder>1</gx:drawOrder>
					<coordinates>73.46127675601667,19.64416927853644,0</coordinates>
				</Point>
			</Placemark>
			<Placemark>
				<name>307</name>
				<LookAt>
					<longitude>73.46130978174257</longitude>
					<latitude>19.64418997462683</latitude>
					<altitude>0</altitude>
					<heading>3.037503293733752</heading>
					<tilt>0</tilt>
					<range>322.9472286304315</range>
					<gx:altitudeMode>relativeToSeaFloor</gx:altitudeMode>
				</LookAt>
				<styleUrl>#msn_wht-blank</styleUrl>
				<Point>
					<gx:drawOrder>1</gx:drawOrder>
					<coordinates>73.46135646975065,19.64413318238498,0</coordinates>
				</Point>
			</Placemark>
			<Placemark>
				<name>308</name>
				<LookAt>
					<longitude>73.46130978174257</longitude>
					<latitude>19.64418997462683</latitude>
					<altitude>0</altitude>
					<heading>3.037503293733752</heading>
					<tilt>0</tilt>
					<range>322.9472286304315</range>
					<gx:altitudeMode>relativeToSeaFloor</gx:altitudeMode>
				</LookAt>
				<styleUrl>#msn_wht-blank</styleUrl>
				<Point>
					<gx:drawOrder>1</gx:drawOrder>
					<coordinates>73.46142289571897,19.64406586979064,0</coordinates>
				</Point>
			</Placemark>
			<Placemark>
				<name>309</name>
				<LookAt>
					<longitude>73.46130978174257</longitude>
					<latitude>19.64418997462683</latitude>
					<altitude>0</altitude>
					<heading>3.037503293733752</heading>
					<tilt>0</tilt>
					<range>322.9472286304315</range>
					<gx:altitudeMode>relativeToSeaFloor</gx:altitudeMode>
				</LookAt>
				<styleUrl>#msn_wht-blank</styleUrl>
				<Point>
					<gx:drawOrder>1</gx:drawOrder>
					<coordinates>73.46152697037354,19.64402888702735,0</coordinates>
				</Point>
			</Placemark>
			<Placemark>
				<name>310</name>
				<LookAt>
					<longitude>73.46122447645223</longitude>
					<latitude>19.64384708150547</latitude>
					<altitude>0</altitude>
					<heading>3.037474616535984</heading>
					<tilt>0</tilt>
					<range>324.1718232677898</range>
					<gx:altitudeMode>relativeToSeaFloor</gx:altitudeMode>
				</LookAt>
				<styleUrl>#msn_wht-blank</styleUrl>
				<Point>
					<gx:drawOrder>1</gx:drawOrder>
					<coordinates>73.46128041452675,19.64375121227734,0</coordinates>
				</Point>
			</Placemark>
			<Placemark>
				<name>311</name>
				<LookAt>
					<longitude>73.46114750262981</longitude>
					<latitude>19.64381447410956</latitude>
					<altitude>0</altitude>
					<heading>3.037448740034184</heading>
					<tilt>0</tilt>
					<range>324.5375986896852</range>
					<gx:altitudeMode>relativeToSeaFloor</gx:altitudeMode>
				</LookAt>
				<styleUrl>#msn_wht-blank</styleUrl>
				<Point>
					<gx:drawOrder>1</gx:drawOrder>
					<coordinates>73.46119862157022,19.64383230026321,0</coordinates>
				</Point>
			</Placemark>
			<Placemark>
				<name>312</name>
				<LookAt>
					<longitude>73.46114750262981</longitude>
					<latitude>19.64381447410956</latitude>
					<altitude>0</altitude>
					<heading>3.037448740034184</heading>
					<tilt>0</tilt>
					<range>324.5375986896852</range>
					<gx:altitudeMode>relativeToSeaFloor</gx:altitudeMode>
				</LookAt>
				<styleUrl>#msn_wht-blank</styleUrl>
				<Point>
					<gx:drawOrder>1</gx:drawOrder>
					<coordinates>73.46110203458912,19.64389958892933,0</coordinates>
				</Point>
			</Placemark>
			<Placemark>
				<name>313</name>
				<LookAt>
					<longitude>73.46047935623334</longitude>
					<latitude>19.64428014243079</latitude>
					<altitude>0</altitude>
					<heading>3.037224126523411</heading>
					<tilt>0</tilt>
					<range>327.9565751836425</range>
					<gx:altitudeMode>relativeToSeaFloor</gx:altitudeMode>
				</LookAt>
				<styleUrl>#msn_wht-blank</styleUrl>
				<Point>
					<gx:drawOrder>1</gx:drawOrder>
					<coordinates>73.46101861360241,19.64396842242427,0</coordinates>
				</Point>
			</Placemark>
			<Placemark>
				<name>314</name>
				<LookAt>
					<longitude>73.46047935623334</longitude>
					<latitude>19.64428014243079</latitude>
					<altitude>0</altitude>
					<heading>3.037224126523411</heading>
					<tilt>0</tilt>
					<range>327.9565751836425</range>
					<gx:altitudeMode>relativeToSeaFloor</gx:altitudeMode>
				</LookAt>
				<styleUrl>#msn_wht-blank</styleUrl>
				<Point>
					<gx:drawOrder>1</gx:drawOrder>
					<coordinates>73.4609385069822,19.64404109339784,0</coordinates>
				</Point>
			</Placemark>
			<Placemark>
				<name>315</name>
				<LookAt>
					<longitude>73.46038153783373</longitude>
					<latitude>19.64384011926918</latitude>
					<altitude>0</altitude>
					<heading>3.037191246089943</heading>
					<tilt>0</tilt>
					<range>325.934013312174</range>
					<gx:altitudeMode>relativeToSeaFloor</gx:altitudeMode>
				</LookAt>
				<styleUrl>#msn_wht-blank</styleUrl>
				<Point>
					<gx:drawOrder>1</gx:drawOrder>
					<coordinates>73.46074370760246,19.6438703658132,0</coordinates>
				</Point>
			</Placemark>
			<Placemark>
				<name>316</name>
				<LookAt>
					<longitude>73.46038153783373</longitude>
					<latitude>19.64384011926918</latitude>
					<altitude>0</altitude>
					<heading>3.037191246089943</heading>
					<tilt>0</tilt>
					<range>325.934013312174</range>
					<gx:altitudeMode>relativeToSeaFloor</gx:altitudeMode>
				</LookAt>
				<styleUrl>#msn_wht-blank</styleUrl>
				<Point>
					<gx:drawOrder>1</gx:drawOrder>
					<coordinates>73.46082765347504,19.64379530499455,0</coordinates>
				</Point>
			</Placemark>
			<Placemark>
				<name>317</name>
				<LookAt>
					<longitude>73.46038153783373</longitude>
					<latitude>19.64384011926918</latitude>
					<altitude>0</altitude>
					<heading>3.037191246089943</heading>
					<tilt>0</tilt>
					<range>325.934013312174</range>
					<gx:altitudeMode>relativeToSeaFloor</gx:altitudeMode>
				</LookAt>
				<styleUrl>#msn_wht-blank</styleUrl>
				<Point>
					<gx:drawOrder>1</gx:drawOrder>
					<coordinates>73.46090914288193,19.64371843741596,0</coordinates>
				</Point>
			</Placemark>
			<Placemark>
				<name>318</name>
				<LookAt>
					<longitude>73.46038153783373</longitude>
					<latitude>19.64384011926918</latitude>
					<altitude>0</altitude>
					<heading>3.037191246089943</heading>
					<tilt>0</tilt>
					<range>325.934013312174</range>
					<gx:altitudeMode>relativeToSeaFloor</gx:altitudeMode>
				</LookAt>
				<styleUrl>#msn_wht-blank</styleUrl>
				<Point>
					<gx:drawOrder>1</gx:drawOrder>
					<coordinates>73.46097562541888,19.64363199978531,0</coordinates>
				</Point>
			</Placemark>
			<Placemark>
				<name>319</name>
				<LookAt>
					<longitude>73.46038153783373</longitude>
					<latitude>19.64384011926918</latitude>
					<altitude>0</altitude>
					<heading>3.037191246089943</heading>
					<tilt>0</tilt>
					<range>325.934013312174</range>
					<gx:altitudeMode>relativeToSeaFloor</gx:altitudeMode>
				</LookAt>
				<styleUrl>#msn_wht-blank</styleUrl>
				<Point>
					<gx:drawOrder>1</gx:drawOrder>
					<coordinates>73.46105542610998,19.64354525228666,0</coordinates>
				</Point>
			</Placemark>
			<Placemark>
				<name>320</name>
				<LookAt>
					<longitude>73.45996219351045</longitude>
					<latitude>19.64358355348355</latitude>
					<altitude>0</altitude>
					<heading>3.037050281621307</heading>
					<tilt>0</tilt>
					<range>324.5938583083862</range>
					<gx:altitudeMode>relativeToSeaFloor</gx:altitudeMode>
				</LookAt>
				<styleUrl>#msn_wht-blank</styleUrl>
				<Point>
					<gx:drawOrder>1</gx:drawOrder>
					<coordinates>73.46066512725911,19.64337593518285,0</coordinates>
				</Point>
			</Placemark>
			<Placemark>
				<name>321</name>
				<LookAt>
					<longitude>73.45996219351045</longitude>
					<latitude>19.64358355348355</latitude>
					<altitude>0</altitude>
					<heading>3.037050281621307</heading>
					<tilt>0</tilt>
					<range>324.5938583083862</range>
					<gx:altitudeMode>relativeToSeaFloor</gx:altitudeMode>
				</LookAt>
				<styleUrl>#msn_wht-blank</styleUrl>
				<Point>
					<gx:drawOrder>1</gx:drawOrder>
					<coordinates>73.46060970147467,19.64346087248883,0</coordinates>
				</Point>
			</Placemark>
			<Placemark>
				<name>322</name>
				<LookAt>
					<longitude>73.4598179566607</longitude>
					<latitude>19.64365521182496</latitude>
					<altitude>0</altitude>
					<heading>3.037001793454838</heading>
					<tilt>0</tilt>
					<range>325.0456952954118</range>
					<gx:altitudeMode>relativeToSeaFloor</gx:altitudeMode>
				</LookAt>
				<styleUrl>#msn_wht-blank</styleUrl>
				<Point>
					<gx:drawOrder>1</gx:drawOrder>
					<coordinates>73.46053851747598,19.64353706198525,0</coordinates>
				</Point>
			</Placemark>
			<Placemark>
				<name>323</name>
				<LookAt>
					<longitude>73.45980778038064</longitude>
					<latitude>19.64367722387993</latitude>
					<altitude>0</altitude>
					<heading>3.036998372468509</heading>
					<tilt>0</tilt>
					<range>325.2414030656868</range>
					<gx:altitudeMode>relativeToSeaFloor</gx:altitudeMode>
				</LookAt>
				<styleUrl>#msn_wht-blank</styleUrl>
				<Point>
					<gx:drawOrder>1</gx:drawOrder>
					<coordinates>73.46047873810818,19.64360409347224,0</coordinates>
				</Point>
			</Placemark>
			<Placemark>
				<name>324</name>
				<LookAt>
					<longitude>73.45980778038064</longitude>
					<latitude>19.64367722387993</latitude>
					<altitude>0</altitude>
					<heading>3.036998372468509</heading>
					<tilt>0</tilt>
					<range>325.2414030656868</range>
					<gx:altitudeMode>relativeToSeaFloor</gx:altitudeMode>
				</LookAt>
				<styleUrl>#msn_wht-blank</styleUrl>
				<Point>
					<gx:drawOrder>1</gx:drawOrder>
					<coordinates>73.4604137912531,19.64367162994134,0</coordinates>
				</Point>
			</Placemark>
			<Placemark>
				<name>325</name>
				<LookAt>
					<longitude>73.45972025294512</longitude>
					<latitude>19.64366651702809</latitude>
					<altitude>0</altitude>
					<heading>3.036968948379208</heading>
					<tilt>0</tilt>
					<range>325.0070002588475</range>
					<gx:altitudeMode>relativeToSeaFloor</gx:altitudeMode>
				</LookAt>
				<styleUrl>#msn_wht-blank</styleUrl>
				<Point>
					<gx:drawOrder>1</gx:drawOrder>
					<coordinates>73.46034086780018,19.64372913924209,0</coordinates>
				</Point>
			</Placemark>
			<Placemark>
				<name>326</name>
				<LookAt>
					<longitude>73.45972025294512</longitude>
					<latitude>19.64366651702809</latitude>
					<altitude>0</altitude>
					<heading>3.036968948379208</heading>
					<tilt>0</tilt>
					<range>325.0070002588475</range>
					<gx:altitudeMode>relativeToSeaFloor</gx:altitudeMode>
				</LookAt>
				<styleUrl>#msn_wht-blank</styleUrl>
				<Point>
					<gx:drawOrder>1</gx:drawOrder>
					<coordinates>73.46030610423702,19.64381741387252,0</coordinates>
				</Point>
			</Placemark>
			<Placemark>
				<name>327</name>
				<LookAt>
					<longitude>73.45972025294512</longitude>
					<latitude>19.64366651702809</latitude>
					<altitude>0</altitude>
					<heading>3.036968948379208</heading>
					<tilt>0</tilt>
					<range>325.0070002588475</range>
					<gx:altitudeMode>relativeToSeaFloor</gx:altitudeMode>
				</LookAt>
				<styleUrl>#msn_wht-blank</styleUrl>
				<Point>
					<gx:drawOrder>1</gx:drawOrder>
					<coordinates>73.46023914312217,19.6438750794525,0</coordinates>
				</Point>
			</Placemark>
			<Placemark>
				<name>328</name>
				<LookAt>
					<longitude>73.45972025294512</longitude>
					<latitude>19.64366651702809</latitude>
					<altitude>0</altitude>
					<heading>3.036968948379208</heading>
					<tilt>0</tilt>
					<range>325.0070002588475</range>
					<gx:altitudeMode>relativeToSeaFloor</gx:altitudeMode>
				</LookAt>
				<styleUrl>#msn_wht-blank</styleUrl>
				<Point>
					<gx:drawOrder>1</gx:drawOrder>
					<coordinates>73.46016871926068,19.64394857516249,0</coordinates>
				</Point>
			</Placemark>
			<Placemark>
				<name>329</name>
				<LookAt>
					<longitude>73.45972025294512</longitude>
					<latitude>19.64366651702809</latitude>
					<altitude>0</altitude>
					<heading>3.036968948379208</heading>
					<tilt>0</tilt>
					<range>325.0070002588475</range>
					<gx:altitudeMode>relativeToSeaFloor</gx:altitudeMode>
				</LookAt>
				<styleUrl>#msn_wht-blank</styleUrl>
				<Point>
					<gx:drawOrder>1</gx:drawOrder>
					<coordinates>73.46010898218054,19.64401738693704,0</coordinates>
				</Point>
			</Placemark>
			<Placemark>
				<name>330</name>
				<LookAt>
					<longitude>73.45972025294512</longitude>
					<latitude>19.64366651702809</latitude>
					<altitude>0</altitude>
					<heading>3.036968948379208</heading>
					<tilt>0</tilt>
					<range>325.0070002588475</range>
					<gx:altitudeMode>relativeToSeaFloor</gx:altitudeMode>
				</LookAt>
				<styleUrl>#msn_wht-blank</styleUrl>
				<Point>
					<gx:drawOrder>1</gx:drawOrder>
					<coordinates>73.46003665849227,19.64407598347075,0</coordinates>
				</Point>
			</Placemark>
			<Placemark>
				<name>331</name>
				<LookAt>
					<longitude>73.45972025294512</longitude>
					<latitude>19.64366651702809</latitude>
					<altitude>0</altitude>
					<heading>3.036968948379208</heading>
					<tilt>0</tilt>
					<range>325.0070002588475</range>
					<gx:altitudeMode>relativeToSeaFloor</gx:altitudeMode>
				</LookAt>
				<styleUrl>#msn_wht-blank</styleUrl>
				<Point>
					<gx:drawOrder>1</gx:drawOrder>
					<coordinates>73.45997371593081,19.64414280789144,0</coordinates>
				</Point>
			</Placemark>
			<Placemark>
				<name>332</name>
				<LookAt>
					<longitude>73.45972025294512</longitude>
					<latitude>19.64366651702809</latitude>
					<altitude>0</altitude>
					<heading>3.036968948379208</heading>
					<tilt>0</tilt>
					<range>325.0070002588475</range>
					<gx:altitudeMode>relativeToSeaFloor</gx:altitudeMode>
				</LookAt>
				<styleUrl>#msn_wht-blank</styleUrl>
				<Point>
					<gx:drawOrder>1</gx:drawOrder>
					<coordinates>73.45990843806985,19.64421209951079,0</coordinates>
				</Point>
			</Placemark>
			<Placemark>
				<name>333</name>
				<LookAt>
					<longitude>73.45972025294512</longitude>
					<latitude>19.64366651702809</latitude>
					<altitude>0</altitude>
					<heading>3.036968948379208</heading>
					<tilt>0</tilt>
					<range>325.0070002588475</range>
					<gx:altitudeMode>relativeToSeaFloor</gx:altitudeMode>
				</LookAt>
				<styleUrl>#msn_wht-blank</styleUrl>
				<Point>
					<gx:drawOrder>1</gx:drawOrder>
					<coordinates>73.45977545134949,19.64411314128107,0</coordinates>
				</Point>
			</Placemark>
			<Placemark>
				<name>334</name>
				<LookAt>
					<longitude>73.45972025294512</longitude>
					<latitude>19.64366651702809</latitude>
					<altitude>0</altitude>
					<heading>3.036968948379208</heading>
					<tilt>0</tilt>
					<range>325.0070002588475</range>
					<gx:altitudeMode>relativeToSeaFloor</gx:altitudeMode>
				</LookAt>
				<styleUrl>#msn_wht-blank</styleUrl>
				<Point>
					<gx:drawOrder>1</gx:drawOrder>
					<coordinates>73.45983589127258,19.6440399418099,0</coordinates>
				</Point>
			</Placemark>
			<Placemark>
				<name>335</name>
				<LookAt>
					<longitude>73.45933768903596</longitude>
					<latitude>19.64391531308633</latitude>
					<altitude>0</altitude>
					<heading>3.036840342274374</heading>
					<tilt>0</tilt>
					<range>328.0249102268554</range>
					<gx:altitudeMode>relativeToSeaFloor</gx:altitudeMode>
				</LookAt>
				<styleUrl>#msn_wht-blank</styleUrl>
				<Point>
					<gx:drawOrder>1</gx:drawOrder>
					<coordinates>73.45991023003057,19.64397460388648,0</coordinates>
				</Point>
			</Placemark>
			<Placemark>
				<name>336</name>
				<LookAt>
					<longitude>73.4593524676712</longitude>
					<latitude>19.64397316137417</latitude>
					<altitude>0</altitude>
					<heading>3.036845310360567</heading>
					<tilt>0</tilt>
					<range>328.2176401307209</range>
					<gx:altitudeMode>relativeToSeaFloor</gx:altitudeMode>
				</LookAt>
				<styleUrl>#msn_wht-blank</styleUrl>
				<Point>
					<gx:drawOrder>1</gx:drawOrder>
					<coordinates>73.45996509435267,19.64390463773163,0</coordinates>
				</Point>
			</Placemark>
			<Placemark>
				<name>337</name>
				<LookAt>
					<longitude>73.4593524676712</longitude>
					<latitude>19.64397316137417</latitude>
					<altitude>0</altitude>
					<heading>3.036845310360567</heading>
					<tilt>0</tilt>
					<range>328.2176401307209</range>
					<gx:altitudeMode>relativeToSeaFloor</gx:altitudeMode>
				</LookAt>
				<styleUrl>#msn_wht-blank</styleUrl>
				<Point>
					<gx:drawOrder>1</gx:drawOrder>
					<coordinates>73.46002879915464,19.64383450134735,0</coordinates>
				</Point>
			</Placemark>
			<Placemark>
				<name>338</name>
				<LookAt>
					<longitude>73.45970211652441</longitude>
					<latitude>19.64363413056661</latitude>
					<altitude>0</altitude>
					<heading>3.036962852408824</heading>
					<tilt>0</tilt>
					<range>324.6641658372867</range>
					<gx:altitudeMode>relativeToSeaFloor</gx:altitudeMode>
				</LookAt>
				<styleUrl>#msn_wht-blank</styleUrl>
				<Point>
					<gx:drawOrder>1</gx:drawOrder>
					<coordinates>73.46008748578406,19.64376271704182,0</coordinates>
				</Point>
			</Placemark>
			<Placemark>
				<name>339</name>
				<LookAt>
					<longitude>73.45970211652441</longitude>
					<latitude>19.64363413056661</latitude>
					<altitude>0</altitude>
					<heading>3.036962852408824</heading>
					<tilt>0</tilt>
					<range>324.6641658372867</range>
					<gx:altitudeMode>relativeToSeaFloor</gx:altitudeMode>
				</LookAt>
				<styleUrl>#msn_wht-blank</styleUrl>
				<Point>
					<gx:drawOrder>1</gx:drawOrder>
					<coordinates>73.46015132646282,19.64369031538309,0</coordinates>
				</Point>
			</Placemark>
			<Placemark>
				<name>340</name>
				<LookAt>
					<longitude>73.45970211652441</longitude>
					<latitude>19.64363413056661</latitude>
					<altitude>0</altitude>
					<heading>3.036962852408824</heading>
					<tilt>0</tilt>
					<range>324.6641658372867</range>
					<gx:altitudeMode>relativeToSeaFloor</gx:altitudeMode>
				</LookAt>
				<styleUrl>#msn_wht-blank</styleUrl>
				<Point>
					<gx:drawOrder>1</gx:drawOrder>
					<coordinates>73.46021586953158,19.64362889963891,0</coordinates>
				</Point>
			</Placemark>
			<Placemark>
				<name>341</name>
				<LookAt>
					<longitude>73.45970211652441</longitude>
					<latitude>19.64363413056661</latitude>
					<altitude>0</altitude>
					<heading>3.036962852408824</heading>
					<tilt>0</tilt>
					<range>324.6641658372867</range>
					<gx:altitudeMode>relativeToSeaFloor</gx:altitudeMode>
				</LookAt>
				<styleUrl>#msn_wht-blank</styleUrl>
				<Point>
					<gx:drawOrder>1</gx:drawOrder>
					<coordinates>73.46027967776125,19.64356123057799,0</coordinates>
				</Point>
			</Placemark>
			<Placemark>
				<name>342</name>
				<LookAt>
					<longitude>73.45970211652441</longitude>
					<latitude>19.64363413056661</latitude>
					<altitude>0</altitude>
					<heading>3.036962852408824</heading>
					<tilt>0</tilt>
					<range>324.6641658372867</range>
					<gx:altitudeMode>relativeToSeaFloor</gx:altitudeMode>
				</LookAt>
				<styleUrl>#msn_wht-blank</styleUrl>
				<Point>
					<gx:drawOrder>1</gx:drawOrder>
					<coordinates>73.46033923280277,19.64348130811501,0</coordinates>
				</Point>
			</Placemark>
			<Placemark>
				<name>343</name>
				<LookAt>
					<longitude>73.45970211652441</longitude>
					<latitude>19.64363413056661</latitude>
					<altitude>0</altitude>
					<heading>3.036962852408824</heading>
					<tilt>0</tilt>
					<range>324.6641658372867</range>
					<gx:altitudeMode>relativeToSeaFloor</gx:altitudeMode>
				</LookAt>
				<styleUrl>#msn_wht-blank</styleUrl>
				<Point>
					<gx:drawOrder>1</gx:drawOrder>
					<coordinates>73.46040355872377,19.64341447045963,0</coordinates>
				</Point>
			</Placemark>
			<Placemark>
				<name>344</name>
				<LookAt>
					<longitude>73.45970211652441</longitude>
					<latitude>19.64363413056661</latitude>
					<altitude>0</altitude>
					<heading>3.036962852408824</heading>
					<tilt>0</tilt>
					<range>324.6641658372867</range>
					<gx:altitudeMode>relativeToSeaFloor</gx:altitudeMode>
				</LookAt>
				<styleUrl>#msn_wht-blank</styleUrl>
				<Point>
					<gx:drawOrder>1</gx:drawOrder>
					<coordinates>73.46049266311152,19.64331571800758,0</coordinates>
				</Point>
			</Placemark>
			<Placemark>
				<name>345</name>
				<LookAt>
					<longitude>73.45901969691194</longitude>
					<latitude>19.64345852494317</latitude>
					<altitude>0</altitude>
					<heading>3.036733446773979</heading>
					<tilt>0</tilt>
					<range>324.9292324451496</range>
					<gx:altitudeMode>relativeToSeaFloor</gx:altitudeMode>
				</LookAt>
				<styleUrl>#msn_wht-blank</styleUrl>
				<Point>
					<gx:drawOrder>1</gx:drawOrder>
					<coordinates>73.46020005455547,19.643209229494,0</coordinates>
				</Point>
			</Placemark>
			<Placemark>
				<name>346</name>
				<LookAt>
					<longitude>73.45901969691194</longitude>
					<latitude>19.64345852494317</latitude>
					<altitude>0</altitude>
					<heading>3.036733446773979</heading>
					<tilt>0</tilt>
					<range>324.9292324451496</range>
					<gx:altitudeMode>relativeToSeaFloor</gx:altitudeMode>
				</LookAt>
				<styleUrl>#msn_wht-blank</styleUrl>
				<Point>
					<gx:drawOrder>1</gx:drawOrder>
					<coordinates>73.46013160093642,19.64329739343197,0</coordinates>
				</Point>
			</Placemark>
			<Placemark>
				<name>347</name>
				<LookAt>
					<longitude>73.45901969691194</longitude>
					<latitude>19.64345852494317</latitude>
					<altitude>0</altitude>
					<heading>3.036733446773979</heading>
					<tilt>0</tilt>
					<range>324.9292324451496</range>
					<gx:altitudeMode>relativeToSeaFloor</gx:altitudeMode>
				</LookAt>
				<styleUrl>#msn_wht-blank</styleUrl>
				<Point>
					<gx:drawOrder>1</gx:drawOrder>
					<coordinates>73.46006262396497,19.6433626051836,0</coordinates>
				</Point>
			</Placemark>
			<Placemark>
				<name>348</name>
				<LookAt>
					<longitude>73.45901969691194</longitude>
					<latitude>19.64345852494317</latitude>
					<altitude>0</altitude>
					<heading>3.036733446773979</heading>
					<tilt>0</tilt>
					<range>324.9292324451496</range>
					<gx:altitudeMode>relativeToSeaFloor</gx:altitudeMode>
				</LookAt>
				<styleUrl>#msn_wht-blank</styleUrl>
				<Point>
					<gx:drawOrder>1</gx:drawOrder>
					<coordinates>73.46000707890553,19.64344021899748,0</coordinates>
				</Point>
			</Placemark>
			<Placemark>
				<name>349</name>
				<LookAt>
					<longitude>73.45901969691194</longitude>
					<latitude>19.64345852494317</latitude>
					<altitude>0</altitude>
					<heading>3.036733446773979</heading>
					<tilt>0</tilt>
					<range>324.9292324451496</range>
					<gx:altitudeMode>relativeToSeaFloor</gx:altitudeMode>
				</LookAt>
				<styleUrl>#msn_wht-blank</styleUrl>
				<Point>
					<gx:drawOrder>1</gx:drawOrder>
					<coordinates>73.45994307200237,19.64349700519527,0</coordinates>
				</Point>
			</Placemark>
			<Placemark>
				<name>350</name>
				<LookAt>
					<longitude>73.45901969691194</longitude>
					<latitude>19.64345852494317</latitude>
					<altitude>0</altitude>
					<heading>3.036733446773979</heading>
					<tilt>0</tilt>
					<range>324.9292324451496</range>
					<gx:altitudeMode>relativeToSeaFloor</gx:altitudeMode>
				</LookAt>
				<styleUrl>#msn_wht-blank</styleUrl>
				<Point>
					<gx:drawOrder>1</gx:drawOrder>
					<coordinates>73.45988491082669,19.64356872758003,0</coordinates>
				</Point>
			</Placemark>
			<Placemark>
				<name>351</name>
				<LookAt>
					<longitude>73.45901969691194</longitude>
					<latitude>19.64345852494317</latitude>
					<altitude>0</altitude>
					<heading>3.036733446773979</heading>
					<tilt>0</tilt>
					<range>324.9292324451496</range>
					<gx:altitudeMode>relativeToSeaFloor</gx:altitudeMode>
				</LookAt>
				<styleUrl>#msn_wht-blank</styleUrl>
				<Point>
					<gx:drawOrder>1</gx:drawOrder>
					<coordinates>73.45980971462431,19.6436307129862,0</coordinates>
				</Point>
			</Placemark>
			<Placemark>
				<name>352</name>
				<LookAt>
					<longitude>73.45901969691194</longitude>
					<latitude>19.64345852494317</latitude>
					<altitude>0</altitude>
					<heading>3.036733446773979</heading>
					<tilt>0</tilt>
					<range>324.9292324451496</range>
					<gx:altitudeMode>relativeToSeaFloor</gx:altitudeMode>
				</LookAt>
				<styleUrl>#msn_wht-blank</styleUrl>
				<Point>
					<gx:drawOrder>1</gx:drawOrder>
					<coordinates>73.45974616367148,19.64369666017608,0</coordinates>
				</Point>
			</Placemark>
			<Placemark>
				<name>353</name>
				<LookAt>
					<longitude>73.45901969691194</longitude>
					<latitude>19.64345852494317</latitude>
					<altitude>0</altitude>
					<heading>3.036733446773979</heading>
					<tilt>0</tilt>
					<range>324.9292324451496</range>
					<gx:altitudeMode>relativeToSeaFloor</gx:altitudeMode>
				</LookAt>
				<styleUrl>#msn_wht-blank</styleUrl>
				<Point>
					<gx:drawOrder>1</gx:drawOrder>
					<coordinates>73.45968740271562,19.64376908250634,0</coordinates>
				</Point>
			</Placemark>
			<Placemark>
				<name>354</name>
				<LookAt>
					<longitude>73.45901969691194</longitude>
					<latitude>19.64345852494317</latitude>
					<altitude>0</altitude>
					<heading>3.036733446773979</heading>
					<tilt>0</tilt>
					<range>324.9292324451496</range>
					<gx:altitudeMode>relativeToSeaFloor</gx:altitudeMode>
				</LookAt>
				<styleUrl>#msn_wht-blank</styleUrl>
				<Point>
					<gx:drawOrder>1</gx:drawOrder>
					<coordinates>73.45961055319444,19.64384502400219,0</coordinates>
				</Point>
			</Placemark>
			<Placemark>
				<name>355</name>
				<LookAt>
					<longitude>73.45901969711748</longitude>
					<latitude>19.64345852493937</latitude>
					<altitude>0</altitude>
					<heading>3.036733446843078</heading>
					<tilt>0</tilt>
					<range>324.9292312638333</range>
					<gx:altitudeMode>relativeToSeaFloor</gx:altitudeMode>
				</LookAt>
				<styleUrl>#msn_wht-blank</styleUrl>
				<Point>
					<gx:drawOrder>1</gx:drawOrder>
					<coordinates>73.45956310436068,19.64391771121411,0</coordinates>
				</Point>
			</Placemark>
			<Placemark>
				<name>365</name>
				<LookAt>
					<longitude>73.45988040095328</longitude>
					<latitude>19.64347038104046</latitude>
					<altitude>0</altitude>
					<heading>-40.18079694404057</heading>
					<tilt>30.14910449590016</tilt>
					<range>192.7851564400516</range>
					<gx:altitudeMode>relativeToSeaFloor</gx:altitudeMode>
				</LookAt>
				<styleUrl>#msn_wht-blank</styleUrl>
				<Point>
					<gx:drawOrder>1</gx:drawOrder>
					<coordinates>73.46001314260198,19.6431683105928,0</coordinates>
				</Point>
			</Placemark>
			<Placemark>
				<name>364</name>
				<LookAt>
					<longitude>73.45988040095328</longitude>
					<latitude>19.64347038104046</latitude>
					<altitude>0</altitude>
					<heading>-40.18079694404057</heading>
					<tilt>30.14910449590016</tilt>
					<range>192.7851564400516</range>
					<gx:altitudeMode>relativeToSeaFloor</gx:altitudeMode>
				</LookAt>
				<styleUrl>#msn_wht-blank</styleUrl>
				<Point>
					<gx:drawOrder>1</gx:drawOrder>
					<coordinates>73.45992681074128,19.64324911419173,0</coordinates>
				</Point>
			</Placemark>
			<Placemark>
				<name>356</name>
				<LookAt>
					<longitude>73.45988040095328</longitude>
					<latitude>19.64347038104046</latitude>
					<altitude>0</altitude>
					<heading>-40.18079694404057</heading>
					<tilt>30.14910449590016</tilt>
					<range>192.7851564400516</range>
					<gx:altitudeMode>relativeToSeaFloor</gx:altitudeMode>
				</LookAt>
				<styleUrl>#msn_wht-blank</styleUrl>
				<Point>
					<gx:drawOrder>1</gx:drawOrder>
					<coordinates>73.45942294169789,19.64379409216416,0</coordinates>
				</Point>
			</Placemark>
			<Placemark>
				<name>357</name>
				<LookAt>
					<longitude>73.45988303789764</longitude>
					<latitude>19.64348188488831</latitude>
					<altitude>0</altitude>
					<heading>-46.11956211146563</heading>
					<tilt>0</tilt>
					<range>198.5083111360496</range>
					<gx:altitudeMode>relativeToSeaFloor</gx:altitudeMode>
				</LookAt>
				<styleUrl>#msn_wht-blank</styleUrl>
				<Point>
					<gx:drawOrder>1</gx:drawOrder>
					<coordinates>73.45948308683182,19.64373191527723,0</coordinates>
				</Point>
			</Placemark>
			<Placemark>
				<name>358</name>
				<LookAt>
					<longitude>73.45988303789764</longitude>
					<latitude>19.64348188488831</latitude>
					<altitude>0</altitude>
					<heading>-46.11956211146563</heading>
					<tilt>0</tilt>
					<range>198.5083111360496</range>
					<gx:altitudeMode>relativeToSeaFloor</gx:altitudeMode>
				</LookAt>
				<styleUrl>#msn_wht-blank</styleUrl>
				<Point>
					<gx:drawOrder>1</gx:drawOrder>
					<coordinates>73.45955133401287,19.64366868912135,0</coordinates>
				</Point>
			</Placemark>
			<Placemark>
				<name>359</name>
				<LookAt>
					<longitude>73.45988303789764</longitude>
					<latitude>19.64348188488831</latitude>
					<altitude>0</altitude>
					<heading>-46.11956211146563</heading>
					<tilt>0</tilt>
					<range>198.5083111360496</range>
					<gx:altitudeMode>relativeToSeaFloor</gx:altitudeMode>
				</LookAt>
				<styleUrl>#msn_wht-blank</styleUrl>
				<Point>
					<gx:drawOrder>1</gx:drawOrder>
					<coordinates>73.45962432513448,19.6435920581635,0</coordinates>
				</Point>
			</Placemark>
			<Placemark>
				<name>360</name>
				<LookAt>
					<longitude>73.45988303789764</longitude>
					<latitude>19.64348188488831</latitude>
					<altitude>0</altitude>
					<heading>-46.11956211146563</heading>
					<tilt>0</tilt>
					<range>198.5083111360496</range>
					<gx:altitudeMode>relativeToSeaFloor</gx:altitudeMode>
				</LookAt>
				<styleUrl>#msn_wht-blank</styleUrl>
				<Point>
					<gx:drawOrder>1</gx:drawOrder>
					<coordinates>73.45967771802795,19.64352403874865,0</coordinates>
				</Point>
			</Placemark>
			<Placemark>
				<name>361</name>
				<LookAt>
					<longitude>73.45988303789764</longitude>
					<latitude>19.64348188488831</latitude>
					<altitude>0</altitude>
					<heading>-46.11956211146563</heading>
					<tilt>0</tilt>
					<range>198.5083111360496</range>
					<gx:altitudeMode>relativeToSeaFloor</gx:altitudeMode>
				</LookAt>
				<styleUrl>#msn_wht-blank</styleUrl>
				<Point>
					<gx:drawOrder>1</gx:drawOrder>
					<coordinates>73.45974667666749,19.64345673382362,0</coordinates>
				</Point>
			</Placemark>
			<Placemark>
				<name>362</name>
				<LookAt>
					<longitude>73.45989919462559</longitude>
					<latitude>19.64350904525975</latitude>
					<altitude>0</altitude>
					<heading>-46.119556680104</heading>
					<tilt>0</tilt>
					<range>198.8466368602732</range>
					<gx:altitudeMode>relativeToSeaFloor</gx:altitudeMode>
				</LookAt>
				<styleUrl>#msn_wht-blank</styleUrl>
				<Point>
					<gx:drawOrder>1</gx:drawOrder>
					<coordinates>73.45980428479422,19.64339071658478,0</coordinates>
				</Point>
			</Placemark>
			<Placemark>
				<name>363</name>
				<LookAt>
					<longitude>73.45989919462559</longitude>
					<latitude>19.64350904525975</latitude>
					<altitude>0</altitude>
					<heading>-46.119556680104</heading>
					<tilt>0</tilt>
					<range>198.8466368602732</range>
					<gx:altitudeMode>relativeToSeaFloor</gx:altitudeMode>
				</LookAt>
				<styleUrl>#msn_wht-blank</styleUrl>
				<Point>
					<gx:drawOrder>1</gx:drawOrder>
					<coordinates>73.45987724031775,19.64331958718549,0</coordinates>
				</Point>
			</Placemark>
			<Placemark>
				<name>366</name>
				<LookAt>
					<longitude>73.45891100251357</longitude>
					<latitude>19.64436997235405</latitude>
					<altitude>0</altitude>
					<heading>-46.11988888316238</heading>
					<tilt>0</tilt>
					<range>290.8770452387311</range>
					<gx:altitudeMode>relativeToSeaFloor</gx:altitudeMode>
				</LookAt>
				<styleUrl>#msn_wht-blank</styleUrl>
				<Point>
					<gx:drawOrder>1</gx:drawOrder>
					<coordinates>73.45930320850343,19.64392516210548,0</coordinates>
				</Point>
			</Placemark>
			<Placemark>
				<name>367</name>
				<LookAt>
					<longitude>73.45891100251357</longitude>
					<latitude>19.64436997235405</latitude>
					<altitude>0</altitude>
					<heading>-46.11988888316238</heading>
					<tilt>0</tilt>
					<range>290.8770452387311</range>
					<gx:altitudeMode>relativeToSeaFloor</gx:altitudeMode>
				</LookAt>
				<styleUrl>#msn_wht-blank</styleUrl>
				<Point>
					<gx:drawOrder>1</gx:drawOrder>
					<coordinates>73.45924096696162,19.6439945825364,0</coordinates>
				</Point>
			</Placemark>
			<Placemark>
				<name>368</name>
				<LookAt>
					<longitude>73.45891100251357</longitude>
					<latitude>19.64436997235405</latitude>
					<altitude>0</altitude>
					<heading>-46.11988888316238</heading>
					<tilt>0</tilt>
					<range>290.8770452387311</range>
					<gx:altitudeMode>relativeToSeaFloor</gx:altitudeMode>
				</LookAt>
				<styleUrl>#msn_wht-blank</styleUrl>
				<Point>
					<gx:drawOrder>1</gx:drawOrder>
					<coordinates>73.45918422409186,19.64406172772784,0</coordinates>
				</Point>
			</Placemark>
			<Placemark>
				<name>368</name>
				<LookAt>
					<longitude>73.45891100251357</longitude>
					<latitude>19.64436997235405</latitude>
					<altitude>0</altitude>
					<heading>-46.11988888316238</heading>
					<tilt>0</tilt>
					<range>290.8770452387311</range>
					<gx:altitudeMode>relativeToSeaFloor</gx:altitudeMode>
				</LookAt>
				<styleUrl>#msn_wht-blank</styleUrl>
				<Point>
					<gx:drawOrder>1</gx:drawOrder>
					<coordinates>73.45912147820502,19.64413435321945,0</coordinates>
				</Point>
			</Placemark>
			<Placemark>
				<name>370</name>
				<LookAt>
					<longitude>73.45891100251357</longitude>
					<latitude>19.64436997235405</latitude>
					<altitude>0</altitude>
					<heading>-46.11988888316238</heading>
					<tilt>0</tilt>
					<range>290.8770452387311</range>
					<gx:altitudeMode>relativeToSeaFloor</gx:altitudeMode>
				</LookAt>
				<styleUrl>#msn_wht-blank</styleUrl>
				<Point>
					<gx:drawOrder>1</gx:drawOrder>
					<coordinates>73.45905437094925,19.64420301240101,0</coordinates>
				</Point>
			</Placemark>
			<Placemark>
				<name>371</name>
				<LookAt>
					<longitude>73.45891100251357</longitude>
					<latitude>19.64436997235405</latitude>
					<altitude>0</altitude>
					<heading>-46.11988888316238</heading>
					<tilt>0</tilt>
					<range>290.8770452387311</range>
					<gx:altitudeMode>relativeToSeaFloor</gx:altitudeMode>
				</LookAt>
				<styleUrl>#msn_wht-blank</styleUrl>
				<Point>
					<gx:drawOrder>1</gx:drawOrder>
					<coordinates>73.45899150298462,19.64426520273879,0</coordinates>
				</Point>
			</Placemark>
			<Placemark>
				<name>372</name>
				<LookAt>
					<longitude>73.45891100251357</longitude>
					<latitude>19.64436997235405</latitude>
					<altitude>0</altitude>
					<heading>-46.11988888316238</heading>
					<tilt>0</tilt>
					<range>290.8770452387311</range>
					<gx:altitudeMode>relativeToSeaFloor</gx:altitudeMode>
				</LookAt>
				<styleUrl>#msn_wht-blank</styleUrl>
				<Point>
					<gx:drawOrder>1</gx:drawOrder>
					<coordinates>73.45892833959407,19.64433297560318,0</coordinates>
				</Point>
			</Placemark>
			<Placemark>
				<name>373</name>
				<LookAt>
					<longitude>73.45895135456003</longitude>
					<latitude>19.64437616163485</latitude>
					<altitude>0</altitude>
					<heading>-46.11987531754684</heading>
					<tilt>0</tilt>
					<range>290.6993187056923</range>
					<gx:altitudeMode>relativeToSeaFloor</gx:altitudeMode>
				</LookAt>
				<styleUrl>#msn_wht-blank</styleUrl>
				<Point>
					<gx:drawOrder>1</gx:drawOrder>
					<coordinates>73.45885897420918,19.64440373618332,0</coordinates>
				</Point>
			</Placemark>
			<Placemark>
				<name>374</name>
				<LookAt>
					<longitude>73.45891853180912</longitude>
					<latitude>19.64435788300735</latitude>
					<altitude>0</altitude>
					<heading>-46.11988635194202</heading>
					<tilt>0</tilt>
					<range>290.7143917625892</range>
					<gx:altitudeMode>relativeToSeaFloor</gx:altitudeMode>
				</LookAt>
				<styleUrl>#msn_wht-blank</styleUrl>
				<Point>
					<gx:drawOrder>1</gx:drawOrder>
					<coordinates>73.45879795908952,19.64447779166179,0</coordinates>
				</Point>
			</Placemark>
			<Placemark>
				<name>375</name>
				<LookAt>
					<longitude>73.45891250981714</longitude>
					<latitude>19.64520639365438</latitude>
					<altitude>0</altitude>
					<heading>-46.11988837106644</heading>
					<tilt>0</tilt>
					<range>293.2600984204971</range>
					<gx:altitudeMode>relativeToSeaFloor</gx:altitudeMode>
				</LookAt>
				<styleUrl>#msn_wht-blank</styleUrl>
				<Point>
					<gx:drawOrder>1</gx:drawOrder>
					<coordinates>73.45873816260519,19.64454898560662,0</coordinates>
				</Point>
			</Placemark>
			<Placemark>
				<name>376</name>
				<LookAt>
					<longitude>73.45889990949604</longitude>
					<latitude>19.64539248011891</latitude>
					<altitude>0</altitude>
					<heading>-46.11989260696588</heading>
					<tilt>0</tilt>
					<range>292.4857496460839</range>
					<gx:altitudeMode>relativeToSeaFloor</gx:altitudeMode>
				</LookAt>
				<styleUrl>#msn_wht-blank</styleUrl>
				<Point>
					<gx:drawOrder>1</gx:drawOrder>
					<coordinates>73.45868424839837,19.64461300182079,0</coordinates>
				</Point>
			</Placemark>
			<Placemark>
				<name>377</name>
				<LookAt>
					<longitude>73.45889990949604</longitude>
					<latitude>19.64539248011891</latitude>
					<altitude>0</altitude>
					<heading>-46.11989260696588</heading>
					<tilt>0</tilt>
					<range>292.4857496460839</range>
					<gx:altitudeMode>relativeToSeaFloor</gx:altitudeMode>
				</LookAt>
				<styleUrl>#msn_wht-blank</styleUrl>
				<Point>
					<gx:drawOrder>1</gx:drawOrder>
					<coordinates>73.45860438907117,19.64467140684388,0</coordinates>
				</Point>
			</Placemark>
			<Placemark>
				<name>378</name>
				<LookAt>
					<longitude>73.45889990949604</longitude>
					<latitude>19.64539248011891</latitude>
					<altitude>0</altitude>
					<heading>-46.11989260696588</heading>
					<tilt>0</tilt>
					<range>292.4857496460839</range>
					<gx:altitudeMode>relativeToSeaFloor</gx:altitudeMode>
				</LookAt>
				<styleUrl>#msn_wht-blank</styleUrl>
				<Point>
					<gx:drawOrder>1</gx:drawOrder>
					<coordinates>73.45854421350171,19.64474906080574,0</coordinates>
				</Point>
			</Placemark>
			<Placemark>
				<name>379</name>
				<LookAt>
					<longitude>73.45889990949604</longitude>
					<latitude>19.64539248011891</latitude>
					<altitude>0</altitude>
					<heading>-46.11989260696588</heading>
					<tilt>0</tilt>
					<range>292.4857496460839</range>
					<gx:altitudeMode>relativeToSeaFloor</gx:altitudeMode>
				</LookAt>
				<styleUrl>#msn_wht-blank</styleUrl>
				<Point>
					<gx:drawOrder>1</gx:drawOrder>
					<coordinates>73.45847309353667,19.64483058772963,0</coordinates>
				</Point>
			</Placemark>
			<Placemark>
				<name>380</name>
				<LookAt>
					<longitude>73.45916567114165</longitude>
					<latitude>19.64522446790815</latitude>
					<altitude>0</altitude>
					<heading>-46.11980326224693</heading>
					<tilt>0</tilt>
					<range>293.5047035916752</range>
					<gx:altitudeMode>relativeToSeaFloor</gx:altitudeMode>
				</LookAt>
				<styleUrl>#msn_wht-blank</styleUrl>
				<Point>
					<gx:drawOrder>1</gx:drawOrder>
					<coordinates>73.45870973672325,19.64482135855684,0</coordinates>
				</Point>
			</Placemark>
			<Placemark>
				<name>381</name>
				<LookAt>
					<longitude>73.45946605014912</longitude>
					<latitude>19.64496480163034</latitude>
					<altitude>0</altitude>
					<heading>-46.11970227975551</heading>
					<tilt>0</tilt>
					<range>291.3762844488693</range>
					<gx:altitudeMode>relativeToSeaFloor</gx:altitudeMode>
				</LookAt>
				<styleUrl>#msn_wht-blank</styleUrl>
				<Point>
					<gx:drawOrder>1</gx:drawOrder>
					<coordinates>73.45880900146145,19.64472567450826,0</coordinates>
				</Point>
			</Placemark>
			<Placemark>
				<name>382</name>
				<LookAt>
					<longitude>73.45930412379512</longitude>
					<latitude>19.64469710345464</latitude>
					<altitude>0</altitude>
					<heading>-46.11975671955118</heading>
					<tilt>0</tilt>
					<range>290.6994217431396</range>
					<gx:altitudeMode>relativeToSeaFloor</gx:altitudeMode>
				</LookAt>
				<styleUrl>#msn_wht-blank</styleUrl>
				<Point>
					<gx:drawOrder>1</gx:drawOrder>
					<coordinates>73.45887513646434,19.64465838541639,0</coordinates>
				</Point>
			</Placemark>
			<Placemark>
				<name>383</name>
				<LookAt>
					<longitude>73.45930412379512</longitude>
					<latitude>19.64469710345464</latitude>
					<altitude>0</altitude>
					<heading>-46.11975671955118</heading>
					<tilt>0</tilt>
					<range>290.6994217431396</range>
					<gx:altitudeMode>relativeToSeaFloor</gx:altitudeMode>
				</LookAt>
				<styleUrl>#msn_wht-blank</styleUrl>
				<Point>
					<gx:drawOrder>1</gx:drawOrder>
					<coordinates>73.45894132948766,19.64459682935645,0</coordinates>
				</Point>
			</Placemark>
			<Placemark>
				<name>384</name>
				<LookAt>
					<longitude>73.45930412379512</longitude>
					<latitude>19.64469710345464</latitude>
					<altitude>0</altitude>
					<heading>-46.11975671955118</heading>
					<tilt>0</tilt>
					<range>290.6994217431396</range>
					<gx:altitudeMode>relativeToSeaFloor</gx:altitudeMode>
				</LookAt>
				<styleUrl>#msn_wht-blank</styleUrl>
				<Point>
					<gx:drawOrder>1</gx:drawOrder>
					<coordinates>73.45899599879414,19.64452455604668,0</coordinates>
				</Point>
			</Placemark>
			<Placemark>
				<name>385</name>
				<LookAt>
					<longitude>73.45930412379512</longitude>
					<latitude>19.64469710345464</latitude>
					<altitude>0</altitude>
					<heading>-46.11975671955118</heading>
					<tilt>0</tilt>
					<range>290.6994217431396</range>
					<gx:altitudeMode>relativeToSeaFloor</gx:altitudeMode>
				</LookAt>
				<styleUrl>#msn_wht-blank</styleUrl>
				<Point>
					<gx:drawOrder>1</gx:drawOrder>
					<coordinates>73.45906180044335,19.64445562867377,0</coordinates>
				</Point>
			</Placemark>
			<Placemark>
				<name>386</name>
				<LookAt>
					<longitude>73.45919399933632</longitude>
					<latitude>19.64389992459299</latitude>
					<altitude>0</altitude>
					<heading>-46.11979374253614</heading>
					<tilt>0</tilt>
					<range>287.7726697163282</range>
					<gx:altitudeMode>relativeToSeaFloor</gx:altitudeMode>
				</LookAt>
				<styleUrl>#msn_wht-blank</styleUrl>
				<Point>
					<gx:drawOrder>1</gx:drawOrder>
					<coordinates>73.45913568116914,19.64438848419832,0</coordinates>
				</Point>
			</Placemark>
			<Placemark>
				<name>387</name>
				<LookAt>
					<longitude>73.45970397673375</longitude>
					<latitude>19.6447687354812</latitude>
					<altitude>0</altitude>
					<heading>-46.11962229676426</heading>
					<tilt>0</tilt>
					<range>289.2799832586243</range>
					<gx:altitudeMode>relativeToSeaFloor</gx:altitudeMode>
				</LookAt>
				<styleUrl>#msn_wht-blank</styleUrl>
				<Point>
					<gx:drawOrder>1</gx:drawOrder>
					<coordinates>73.45918900208919,19.64430713389585,0</coordinates>
				</Point>
			</Placemark>
			<Placemark>
				<name>378</name>
				<LookAt>
					<longitude>73.45970397673375</longitude>
					<latitude>19.6447687354812</latitude>
					<altitude>0</altitude>
					<heading>-46.11962229676426</heading>
					<tilt>0</tilt>
					<range>289.2799832586243</range>
					<gx:altitudeMode>relativeToSeaFloor</gx:altitudeMode>
				</LookAt>
				<styleUrl>#msn_wht-blank</styleUrl>
				<Point>
					<gx:drawOrder>1</gx:drawOrder>
					<coordinates>73.45925670658617,19.64425498202703,0</coordinates>
				</Point>
			</Placemark>
			<Placemark>
				<name>389</name>
				<LookAt>
					<longitude>73.45970397673375</longitude>
					<latitude>19.6447687354812</latitude>
					<altitude>0</altitude>
					<heading>-46.11962229676426</heading>
					<tilt>0</tilt>
					<range>289.2799832586243</range>
					<gx:altitudeMode>relativeToSeaFloor</gx:altitudeMode>
				</LookAt>
				<styleUrl>#msn_wht-blank</styleUrl>
				<Point>
					<gx:drawOrder>1</gx:drawOrder>
					<coordinates>73.45932185406369,19.64418418884609,0</coordinates>
				</Point>
			</Placemark>
			<Placemark>
				<name>390</name>
				<LookAt>
					<longitude>73.45970397673375</longitude>
					<latitude>19.6447687354812</latitude>
					<altitude>0</altitude>
					<heading>-46.11962229676426</heading>
					<tilt>0</tilt>
					<range>289.2799832586243</range>
					<gx:altitudeMode>relativeToSeaFloor</gx:altitudeMode>
				</LookAt>
				<styleUrl>#msn_wht-blank</styleUrl>
				<Point>
					<gx:drawOrder>1</gx:drawOrder>
					<coordinates>73.45938828649955,19.64411236097879,0</coordinates>
				</Point>
			</Placemark>
			<Placemark>
				<name>391</name>
				<LookAt>
					<longitude>73.45970397673375</longitude>
					<latitude>19.6447687354812</latitude>
					<altitude>0</altitude>
					<heading>-46.11962229676426</heading>
					<tilt>0</tilt>
					<range>289.2799832586243</range>
					<gx:altitudeMode>relativeToSeaFloor</gx:altitudeMode>
				</LookAt>
				<styleUrl>#msn_wht-blank</styleUrl>
				<Point>
					<gx:drawOrder>1</gx:drawOrder>
					<coordinates>73.45944016147816,19.64403744485259,0</coordinates>
				</Point>
			</Placemark>
			<Placemark>
				<name>392</name>
				<LookAt>
					<longitude>73.45970397673375</longitude>
					<latitude>19.6447687354812</latitude>
					<altitude>0</altitude>
					<heading>-46.11962229676426</heading>
					<tilt>0</tilt>
					<range>289.2799832586243</range>
					<gx:altitudeMode>relativeToSeaFloor</gx:altitudeMode>
				</LookAt>
				<styleUrl>#msn_wht-blank</styleUrl>
				<Point>
					<gx:drawOrder>1</gx:drawOrder>
					<coordinates>73.45968310605743,19.64422129570455,0</coordinates>
				</Point>
			</Placemark>
			<Placemark>
				<name>393</name>
				<LookAt>
					<longitude>73.45970397673375</longitude>
					<latitude>19.6447687354812</latitude>
					<altitude>0</altitude>
					<heading>-46.11962229676426</heading>
					<tilt>0</tilt>
					<range>289.2799832586243</range>
					<gx:altitudeMode>relativeToSeaFloor</gx:altitudeMode>
				</LookAt>
				<styleUrl>#msn_wht-blank</styleUrl>
				<Point>
					<gx:drawOrder>1</gx:drawOrder>
					<coordinates>73.45961999831098,19.64429435289469,0</coordinates>
				</Point>
			</Placemark>
			<Placemark>
				<name>394</name>
				<LookAt>
					<longitude>73.45970397673375</longitude>
					<latitude>19.6447687354812</latitude>
					<altitude>0</altitude>
					<heading>-46.11962229676426</heading>
					<tilt>0</tilt>
					<range>289.2799832586243</range>
					<gx:altitudeMode>relativeToSeaFloor</gx:altitudeMode>
				</LookAt>
				<styleUrl>#msn_wht-blank</styleUrl>
				<Point>
					<gx:drawOrder>1</gx:drawOrder>
					<coordinates>73.45955993915766,19.64435654522233,0</coordinates>
				</Point>
			</Placemark>
			<Placemark>
				<name>395</name>
				<LookAt>
					<longitude>73.45970397673375</longitude>
					<latitude>19.6447687354812</latitude>
					<altitude>0</altitude>
					<heading>-46.11962229676426</heading>
					<tilt>0</tilt>
					<range>289.2799832586243</range>
					<gx:altitudeMode>relativeToSeaFloor</gx:altitudeMode>
				</LookAt>
				<styleUrl>#msn_wht-blank</styleUrl>
				<Point>
					<gx:drawOrder>1</gx:drawOrder>
					<coordinates>73.45949521808535,19.64443070350552,0</coordinates>
				</Point>
			</Placemark>
			<Placemark>
				<name>396</name>
				<LookAt>
					<longitude>73.45970397673375</longitude>
					<latitude>19.6447687354812</latitude>
					<altitude>0</altitude>
					<heading>-46.11962229676426</heading>
					<tilt>0</tilt>
					<range>289.2799832586243</range>
					<gx:altitudeMode>relativeToSeaFloor</gx:altitudeMode>
				</LookAt>
				<styleUrl>#msn_wht-blank</styleUrl>
				<Point>
					<gx:drawOrder>1</gx:drawOrder>
					<coordinates>73.45943078113854,19.64448602360523,0</coordinates>
				</Point>
			</Placemark>
			<Placemark>
				<name>397</name>
				<LookAt>
					<longitude>73.45970397673375</longitude>
					<latitude>19.6447687354812</latitude>
					<altitude>0</altitude>
					<heading>-46.11962229676426</heading>
					<tilt>0</tilt>
					<range>289.2799832586243</range>
					<gx:altitudeMode>relativeToSeaFloor</gx:altitudeMode>
				</LookAt>
				<styleUrl>#msn_wht-blank</styleUrl>
				<Point>
					<gx:drawOrder>1</gx:drawOrder>
					<coordinates>73.45936835260791,19.64456291083962,0</coordinates>
				</Point>
			</Placemark>
			<Placemark>
				<name>398</name>
				<LookAt>
					<longitude>73.45970397673375</longitude>
					<latitude>19.6447687354812</latitude>
					<altitude>0</altitude>
					<heading>-46.11962229676426</heading>
					<tilt>0</tilt>
					<range>289.2799832586243</range>
					<gx:altitudeMode>relativeToSeaFloor</gx:altitudeMode>
				</LookAt>
				<styleUrl>#msn_wht-blank</styleUrl>
				<Point>
					<gx:drawOrder>1</gx:drawOrder>
					<coordinates>73.45930297394816,19.64462366978843,0</coordinates>
				</Point>
			</Placemark>
			<Placemark>
				<name>399</name>
				<LookAt>
					<longitude>73.45970397673375</longitude>
					<latitude>19.6447687354812</latitude>
					<altitude>0</altitude>
					<heading>-46.11962229676426</heading>
					<tilt>0</tilt>
					<range>289.2799832586243</range>
					<gx:altitudeMode>relativeToSeaFloor</gx:altitudeMode>
				</LookAt>
				<styleUrl>#msn_wht-blank</styleUrl>
				<Point>
					<gx:drawOrder>1</gx:drawOrder>
					<coordinates>73.45924527092474,19.64470383723885,0</coordinates>
				</Point>
			</Placemark>
			<Placemark>
				<name>400</name>
				<LookAt>
					<longitude>73.45970397673375</longitude>
					<latitude>19.6447687354812</latitude>
					<altitude>0</altitude>
					<heading>-46.11962229676426</heading>
					<tilt>0</tilt>
					<range>289.2799832586243</range>
					<gx:altitudeMode>relativeToSeaFloor</gx:altitudeMode>
				</LookAt>
				<styleUrl>#msn_wht-blank</styleUrl>
				<Point>
					<gx:drawOrder>1</gx:drawOrder>
					<coordinates>73.45918180644999,19.64476799106908,0</coordinates>
				</Point>
			</Placemark>
			<Placemark>
				<name>401</name>
				<LookAt>
					<longitude>73.45972570497663</longitude>
					<latitude>19.6447596689329</latitude>
					<altitude>0</altitude>
					<heading>-46.11961499199173</heading>
					<tilt>0</tilt>
					<range>289.1718160823677</range>
					<gx:altitudeMode>relativeToSeaFloor</gx:altitudeMode>
				</LookAt>
				<styleUrl>#msn_wht-blank</styleUrl>
				<Point>
					<gx:drawOrder>1</gx:drawOrder>
					<coordinates>73.45909692145777,19.64484321215947,0</coordinates>
				</Point>
			</Placemark>
			<Placemark>
				<name>402</name>
				<LookAt>
					<longitude>73.45972570497663</longitude>
					<latitude>19.6447596689329</latitude>
					<altitude>0</altitude>
					<heading>-46.11961499199173</heading>
					<tilt>0</tilt>
					<range>289.1718160823677</range>
					<gx:altitudeMode>relativeToSeaFloor</gx:altitudeMode>
				</LookAt>
				<styleUrl>#msn_wht-blank</styleUrl>
				<Point>
					<gx:drawOrder>1</gx:drawOrder>
					<coordinates>73.45933750285126,19.64483352366642,0</coordinates>
				</Point>
			</Placemark>
			<Placemark>
				<name>404</name>
				<LookAt>
					<longitude>73.45972570497663</longitude>
					<latitude>19.6447596689329</latitude>
					<altitude>0</altitude>
					<heading>-46.11961499199173</heading>
					<tilt>0</tilt>
					<range>289.1718160823677</range>
					<gx:altitudeMode>relativeToSeaFloor</gx:altitudeMode>
				</LookAt>
				<styleUrl>#msn_wht-blank</styleUrl>
				<Point>
					<gx:drawOrder>1</gx:drawOrder>
					<coordinates>73.45950522117157,19.64468591320123,0</coordinates>
				</Point>
			</Placemark>
			<Placemark>
				<name>405</name>
				<LookAt>
					<longitude>73.45972570497663</longitude>
					<latitude>19.6447596689329</latitude>
					<altitude>0</altitude>
					<heading>-46.11961499199173</heading>
					<tilt>0</tilt>
					<range>289.1718160823677</range>
					<gx:altitudeMode>relativeToSeaFloor</gx:altitudeMode>
				</LookAt>
				<styleUrl>#msn_wht-blank</styleUrl>
				<Point>
					<gx:drawOrder>1</gx:drawOrder>
					<coordinates>73.45956279392371,19.64462080601712,0</coordinates>
				</Point>
			</Placemark>
			<Placemark>
				<name>406</name>
				<LookAt>
					<longitude>73.45972570497663</longitude>
					<latitude>19.6447596689329</latitude>
					<altitude>0</altitude>
					<heading>-46.11961499199173</heading>
					<tilt>0</tilt>
					<range>289.1718160823677</range>
					<gx:altitudeMode>relativeToSeaFloor</gx:altitudeMode>
				</LookAt>
				<styleUrl>#msn_wht-blank</styleUrl>
				<Point>
					<gx:drawOrder>1</gx:drawOrder>
					<coordinates>73.4596334356244,19.64454119272025,0</coordinates>
				</Point>
			</Placemark>
			<Placemark>
				<name>403</name>
				<LookAt>
					<longitude>73.45972570497663</longitude>
					<latitude>19.6447596689329</latitude>
					<altitude>0</altitude>
					<heading>-46.11961499199173</heading>
					<tilt>0</tilt>
					<range>289.1718160823677</range>
					<gx:altitudeMode>relativeToSeaFloor</gx:altitudeMode>
				</LookAt>
				<styleUrl>#msn_wht-blank</styleUrl>
				<Point>
					<gx:drawOrder>1</gx:drawOrder>
					<coordinates>73.45944179687334,19.64474020721645,0</coordinates>
				</Point>
			</Placemark>
			<Placemark>
				<name>407</name>
				<LookAt>
					<longitude>73.45986220465188</longitude>
					<latitude>19.64454325977096</latitude>
					<altitude>0</altitude>
					<heading>-46.11956910271946</heading>
					<tilt>0</tilt>
					<range>289.2110298843784</range>
					<gx:altitudeMode>relativeToSeaFloor</gx:altitudeMode>
				</LookAt>
				<styleUrl>#msn_wht-blank</styleUrl>
				<Point>
					<gx:drawOrder>1</gx:drawOrder>
					<coordinates>73.45969094539477,19.64447056676037,0</coordinates>
				</Point>
			</Placemark>
			<Placemark>
				<name>408</name>
				<LookAt>
					<longitude>73.45986220465188</longitude>
					<latitude>19.64454325977096</latitude>
					<altitude>0</altitude>
					<heading>-46.11956910271946</heading>
					<tilt>0</tilt>
					<range>289.2110298843784</range>
					<gx:altitudeMode>relativeToSeaFloor</gx:altitudeMode>
				</LookAt>
				<styleUrl>#msn_wht-blank</styleUrl>
				<Point>
					<gx:drawOrder>1</gx:drawOrder>
					<coordinates>73.45974818836517,19.64440542630893,0</coordinates>
				</Point>
			</Placemark>
			<Placemark>
				<name>409</name>
				<LookAt>
					<longitude>73.45986220465188</longitude>
					<latitude>19.64454325977096</latitude>
					<altitude>0</altitude>
					<heading>-46.11956910271946</heading>
					<tilt>0</tilt>
					<range>289.2110298843784</range>
					<gx:altitudeMode>relativeToSeaFloor</gx:altitudeMode>
				</LookAt>
				<styleUrl>#msn_wht-blank</styleUrl>
				<Point>
					<gx:drawOrder>1</gx:drawOrder>
					<coordinates>73.45980151431955,19.64432260786868,0</coordinates>
				</Point>
			</Placemark>
			<Placemark>
				<name>410</name>
				<LookAt>
					<longitude>73.46055116396271</longitude>
					<latitude>19.64482203023858</latitude>
					<altitude>0</altitude>
					<heading>-46.11933748547766</heading>
					<tilt>0</tilt>
					<range>287.8204028866185</range>
					<gx:altitudeMode>relativeToSeaFloor</gx:altitudeMode>
				</LookAt>
				<styleUrl>#msn_wht-blank</styleUrl>
				<Point>
					<gx:drawOrder>1</gx:drawOrder>
					<coordinates>73.46051877637353,19.6440267107281,0</coordinates>
				</Point>
			</Placemark>
			<Placemark>
				<name>411</name>
				<LookAt>
					<longitude>73.46055116396271</longitude>
					<latitude>19.64482203023858</latitude>
					<altitude>0</altitude>
					<heading>-46.11933748547766</heading>
					<tilt>0</tilt>
					<range>287.8204028866185</range>
					<gx:altitudeMode>relativeToSeaFloor</gx:altitudeMode>
				</LookAt>
				<styleUrl>#msn_wht-blank</styleUrl>
				<Point>
					<gx:drawOrder>1</gx:drawOrder>
					<coordinates>73.46036887754815,19.64421710286174,0</coordinates>
				</Point>
			</Placemark>
			<Placemark>
				<name>412</name>
				<LookAt>
					<longitude>73.46055116396271</longitude>
					<latitude>19.64482203023858</latitude>
					<altitude>0</altitude>
					<heading>-46.11933748547766</heading>
					<tilt>0</tilt>
					<range>287.8204028866185</range>
					<gx:altitudeMode>relativeToSeaFloor</gx:altitudeMode>
				</LookAt>
				<styleUrl>#msn_wht-blank</styleUrl>
				<Point>
					<gx:drawOrder>1</gx:drawOrder>
					<coordinates>73.46029975512552,19.64428021511748,0</coordinates>
				</Point>
			</Placemark>
			<Placemark>
				<name>413</name>
				<LookAt>
					<longitude>73.46055116396271</longitude>
					<latitude>19.64482203023858</latitude>
					<altitude>0</altitude>
					<heading>-46.11933748547766</heading>
					<tilt>0</tilt>
					<range>287.8204028866185</range>
					<gx:altitudeMode>relativeToSeaFloor</gx:altitudeMode>
				</LookAt>
				<styleUrl>#msn_wht-blank</styleUrl>
				<Point>
					<gx:drawOrder>1</gx:drawOrder>
					<coordinates>73.46023931511824,19.64434732350117,0</coordinates>
				</Point>
			</Placemark>
			<Placemark>
				<name>414</name>
				<LookAt>
					<longitude>73.46055116396271</longitude>
					<latitude>19.64482203023858</latitude>
					<altitude>0</altitude>
					<heading>-46.11933748547766</heading>
					<tilt>0</tilt>
					<range>287.8204028866185</range>
					<gx:altitudeMode>relativeToSeaFloor</gx:altitudeMode>
				</LookAt>
				<styleUrl>#msn_wht-blank</styleUrl>
				<Point>
					<gx:drawOrder>1</gx:drawOrder>
					<coordinates>73.46018282587916,19.64442685787314,0</coordinates>
				</Point>
			</Placemark>
			<Placemark>
				<name>415</name>
				<LookAt>
					<longitude>73.46055116396271</longitude>
					<latitude>19.64482203023858</latitude>
					<altitude>0</altitude>
					<heading>-46.11933748547766</heading>
					<tilt>0</tilt>
					<range>287.8204028866185</range>
					<gx:altitudeMode>relativeToSeaFloor</gx:altitudeMode>
				</LookAt>
				<styleUrl>#msn_wht-blank</styleUrl>
				<Point>
					<gx:drawOrder>1</gx:drawOrder>
					<coordinates>73.46010828026803,19.64447517904834,0</coordinates>
				</Point>
			</Placemark>
			<Placemark>
				<name>416</name>
				<LookAt>
					<longitude>73.46055116396271</longitude>
					<latitude>19.64482203023858</latitude>
					<altitude>0</altitude>
					<heading>-46.11933748547766</heading>
					<tilt>0</tilt>
					<range>287.8204028866185</range>
					<gx:altitudeMode>relativeToSeaFloor</gx:altitudeMode>
				</LookAt>
				<styleUrl>#msn_wht-blank</styleUrl>
				<Point>
					<gx:drawOrder>1</gx:drawOrder>
					<coordinates>73.46005350857165,19.6445539354559,0</coordinates>
				</Point>
			</Placemark>
			<Placemark>
				<name>417</name>
				<LookAt>
					<longitude>73.46055116396271</longitude>
					<latitude>19.64482203023858</latitude>
					<altitude>0</altitude>
					<heading>-46.11933748547766</heading>
					<tilt>0</tilt>
					<range>287.8204028866185</range>
					<gx:altitudeMode>relativeToSeaFloor</gx:altitudeMode>
				</LookAt>
				<styleUrl>#msn_wht-blank</styleUrl>
				<Point>
					<gx:drawOrder>1</gx:drawOrder>
					<coordinates>73.45999625411416,19.64461916861137,0</coordinates>
				</Point>
			</Placemark>
			<Placemark>
				<name>418</name>
				<LookAt>
					<longitude>73.46055116396271</longitude>
					<latitude>19.64482203023858</latitude>
					<altitude>0</altitude>
					<heading>-46.11933748547766</heading>
					<tilt>0</tilt>
					<range>287.8204028866185</range>
					<gx:altitudeMode>relativeToSeaFloor</gx:altitudeMode>
				</LookAt>
				<styleUrl>#msn_wht-blank</styleUrl>
				<Point>
					<gx:drawOrder>1</gx:drawOrder>
					<coordinates>73.45993307046818,19.64469508744038,0</coordinates>
				</Point>
			</Placemark>
			<Placemark>
				<name>419</name>
				<LookAt>
					<longitude>73.46055116396271</longitude>
					<latitude>19.64482203023858</latitude>
					<altitude>0</altitude>
					<heading>-46.11933748547766</heading>
					<tilt>0</tilt>
					<range>287.8204028866185</range>
					<gx:altitudeMode>relativeToSeaFloor</gx:altitudeMode>
				</LookAt>
				<styleUrl>#msn_wht-blank</styleUrl>
				<Point>
					<gx:drawOrder>1</gx:drawOrder>
					<coordinates>73.45983778884225,19.64478389040553,0</coordinates>
				</Point>
			</Placemark>
			<Placemark>
				<name>420</name>
				<LookAt>
					<longitude>73.46055116396271</longitude>
					<latitude>19.64482203023858</latitude>
					<altitude>0</altitude>
					<heading>-46.11933748547766</heading>
					<tilt>0</tilt>
					<range>287.8204028866185</range>
					<gx:altitudeMode>relativeToSeaFloor</gx:altitudeMode>
				</LookAt>
				<styleUrl>#msn_wht-blank</styleUrl>
				<Point>
					<gx:drawOrder>1</gx:drawOrder>
					<coordinates>73.46012562703055,19.64485684815235,0</coordinates>
				</Point>
			</Placemark>
			<Placemark>
				<name>421</name>
				<LookAt>
					<longitude>73.46055116396271</longitude>
					<latitude>19.64482203023858</latitude>
					<altitude>0</altitude>
					<heading>-46.11933748547766</heading>
					<tilt>0</tilt>
					<range>287.8204028866185</range>
					<gx:altitudeMode>relativeToSeaFloor</gx:altitudeMode>
				</LookAt>
				<styleUrl>#msn_wht-blank</styleUrl>
				<Point>
					<gx:drawOrder>1</gx:drawOrder>
					<coordinates>73.46023025218201,19.64493733539814,0</coordinates>
				</Point>
			</Placemark>
			<Placemark>
				<name>422</name>
				<LookAt>
					<longitude>73.46052922866501</longitude>
					<latitude>19.64484717191664</latitude>
					<altitude>0</altitude>
					<heading>-46.11934485987134</heading>
					<tilt>0</tilt>
					<range>287.9440751609935</range>
					<gx:altitudeMode>relativeToSeaFloor</gx:altitudeMode>
				</LookAt>
				<styleUrl>#msn_wht-blank</styleUrl>
				<Point>
					<gx:drawOrder>1</gx:drawOrder>
					<coordinates>73.46061057501723,19.64474187595837,0</coordinates>
				</Point>
			</Placemark>
			<Placemark>
				<name>423</name>
				<LookAt>
					<longitude>73.46125679365225</longitude>
					<latitude>19.64458822793023</latitude>
					<altitude>0</altitude>
					<heading>-46.11910026335241</heading>
					<tilt>0</tilt>
					<range>282.4239415897349</range>
					<gx:altitudeMode>relativeToSeaFloor</gx:altitudeMode>
				</LookAt>
				<styleUrl>#msn_wht-blank</styleUrl>
				<Point>
					<gx:drawOrder>1</gx:drawOrder>
					<coordinates>73.46072635833224,19.6446716213573,0</coordinates>
				</Point>
			</Placemark>
			<Placemark>
				<name>424</name>
				<LookAt>
					<longitude>73.46125679365225</longitude>
					<latitude>19.64458822793023</latitude>
					<altitude>0</altitude>
					<heading>-46.11910026335241</heading>
					<tilt>0</tilt>
					<range>282.4239415897349</range>
					<gx:altitudeMode>relativeToSeaFloor</gx:altitudeMode>
				</LookAt>
				<styleUrl>#msn_wht-blank</styleUrl>
				<Point>
					<gx:drawOrder>1</gx:drawOrder>
					<coordinates>73.46081521140498,19.64462356130046,0</coordinates>
				</Point>
			</Placemark>
			<Placemark>
				<name>425</name>
				<LookAt>
					<longitude>73.46125679365225</longitude>
					<latitude>19.64458822793023</latitude>
					<altitude>0</altitude>
					<heading>-46.11910026335241</heading>
					<tilt>0</tilt>
					<range>282.4239415897349</range>
					<gx:altitudeMode>relativeToSeaFloor</gx:altitudeMode>
				</LookAt>
				<styleUrl>#msn_wht-blank</styleUrl>
				<Point>
					<gx:drawOrder>1</gx:drawOrder>
					<coordinates>73.46089085583631,19.64457682585986,0</coordinates>
				</Point>
			</Placemark>
			<Placemark>
				<name>426</name>
				<LookAt>
					<longitude>73.46125679365225</longitude>
					<latitude>19.64458822793023</latitude>
					<altitude>0</altitude>
					<heading>-46.11910026335241</heading>
					<tilt>0</tilt>
					<range>282.4239415897349</range>
					<gx:altitudeMode>relativeToSeaFloor</gx:altitudeMode>
				</LookAt>
				<styleUrl>#msn_wht-blank</styleUrl>
				<Point>
					<gx:drawOrder>1</gx:drawOrder>
					<coordinates>73.46105247524785,19.64455194779138,0</coordinates>
				</Point>
			</Placemark>
			<Placemark>
				<name>427</name>
				<LookAt>
					<longitude>73.46125679365225</longitude>
					<latitude>19.64458822793023</latitude>
					<altitude>0</altitude>
					<heading>-46.11910026335241</heading>
					<tilt>0</tilt>
					<range>282.4239415897349</range>
					<gx:altitudeMode>relativeToSeaFloor</gx:altitudeMode>
				</LookAt>
				<styleUrl>#msn_wht-blank</styleUrl>
				<Point>
					<gx:drawOrder>1</gx:drawOrder>
					<coordinates>73.46102011593936,19.64447429782305,0</coordinates>
				</Point>
			</Placemark>
			<Placemark>
				<name>428</name>
				<LookAt>
					<longitude>73.46125679365225</longitude>
					<latitude>19.64458822793023</latitude>
					<altitude>0</altitude>
					<heading>-46.11910026335241</heading>
					<tilt>0</tilt>
					<range>282.4239415897349</range>
					<gx:altitudeMode>relativeToSeaFloor</gx:altitudeMode>
				</LookAt>
				<styleUrl>#msn_wht-blank</styleUrl>
				<Point>
					<gx:drawOrder>1</gx:drawOrder>
					<coordinates>73.4609648354958,19.64440132322381,0</coordinates>
				</Point>
			</Placemark>
			<Placemark>
				<name>429</name>
				<LookAt>
					<longitude>73.46067771982514</longitude>
					<latitude>19.6452556296034</latitude>
					<altitude>0</altitude>
					<heading>-46.11929494002348</heading>
					<tilt>0</tilt>
					<range>287.3080657457865</range>
					<gx:altitudeMode>relativeToSeaFloor</gx:altitudeMode>
				</LookAt>
				<styleUrl>#msn_wht-blank</styleUrl>
				<Point>
					<gx:drawOrder>1</gx:drawOrder>
					<coordinates>73.46036838314976,19.64517213001773,0</coordinates>
				</Point>
			</Placemark>
			<Placemark>
				<name>430</name>
				<LookAt>
					<longitude>73.46105736198294</longitude>
					<latitude>19.64562742246851</latitude>
					<altitude>0</altitude>
					<heading>-46.11916730732067</heading>
					<tilt>0</tilt>
					<range>285.4371882277354</range>
					<gx:altitudeMode>relativeToSeaFloor</gx:altitudeMode>
				</LookAt>
				<styleUrl>#msn_wht-blank</styleUrl>
				<Point>
					<gx:drawOrder>1</gx:drawOrder>
					<coordinates>73.46047629053345,19.64525811924175,0</coordinates>
				</Point>
			</Placemark>
			<Placemark>
				<name>431</name>
				<LookAt>
					<longitude>73.46105736198294</longitude>
					<latitude>19.64562742246851</latitude>
					<altitude>0</altitude>
					<heading>-46.11916730732067</heading>
					<tilt>0</tilt>
					<range>285.4371882277354</range>
					<gx:altitudeMode>relativeToSeaFloor</gx:altitudeMode>
				</LookAt>
				<styleUrl>#msn_wht-blank</styleUrl>
				<Point>
					<gx:drawOrder>1</gx:drawOrder>
					<coordinates>73.46055762021648,19.64532637551122,0</coordinates>
				</Point>
			</Placemark>
			<Placemark>
				<name>432</name>
				<LookAt>
					<longitude>73.46105736198294</longitude>
					<latitude>19.64562742246851</latitude>
					<altitude>0</altitude>
					<heading>-46.11916730732067</heading>
					<tilt>0</tilt>
					<range>285.4371882277354</range>
					<gx:altitudeMode>relativeToSeaFloor</gx:altitudeMode>
				</LookAt>
				<styleUrl>#msn_wht-blank</styleUrl>
				<Point>
					<gx:drawOrder>1</gx:drawOrder>
					<coordinates>73.4606514081207,19.64540679995214,0</coordinates>
				</Point>
			</Placemark>
			<Placemark>
				<name>433</name>
				<LookAt>
					<longitude>73.46105736198294</longitude>
					<latitude>19.64562742246851</latitude>
					<altitude>0</altitude>
					<heading>-46.11916730732067</heading>
					<tilt>0</tilt>
					<range>285.4371882277354</range>
					<gx:altitudeMode>relativeToSeaFloor</gx:altitudeMode>
				</LookAt>
				<styleUrl>#msn_wht-blank</styleUrl>
				<Point>
					<gx:drawOrder>1</gx:drawOrder>
					<coordinates>73.46073182248229,19.64548249484859,0</coordinates>
				</Point>
			</Placemark>
			<Placemark>
				<name>434</name>
				<LookAt>
					<longitude>73.46105736198294</longitude>
					<latitude>19.64562742246851</latitude>
					<altitude>0</altitude>
					<heading>-46.11916730732067</heading>
					<tilt>0</tilt>
					<range>285.4371882277354</range>
					<gx:altitudeMode>relativeToSeaFloor</gx:altitudeMode>
				</LookAt>
				<styleUrl>#msn_wht-blank</styleUrl>
				<Point>
					<gx:drawOrder>1</gx:drawOrder>
					<coordinates>73.46080860408112,19.64557390354107,0</coordinates>
				</Point>
			</Placemark>
			<Placemark>
				<name>435</name>
				<LookAt>
					<longitude>73.46105736198294</longitude>
					<latitude>19.64562742246851</latitude>
					<altitude>0</altitude>
					<heading>-46.11916730732067</heading>
					<tilt>0</tilt>
					<range>285.4371882277354</range>
					<gx:altitudeMode>relativeToSeaFloor</gx:altitudeMode>
				</LookAt>
				<styleUrl>#msn_wht-blank</styleUrl>
				<Point>
					<gx:drawOrder>1</gx:drawOrder>
					<coordinates>73.46116840863914,19.64528142603495,0</coordinates>
				</Point>
			</Placemark>
			<Placemark>
				<name>436</name>
				<LookAt>
					<longitude>73.46105736198294</longitude>
					<latitude>19.64562742246851</latitude>
					<altitude>0</altitude>
					<heading>-46.11916730732067</heading>
					<tilt>0</tilt>
					<range>285.4371882277354</range>
					<gx:altitudeMode>relativeToSeaFloor</gx:altitudeMode>
				</LookAt>
				<styleUrl>#msn_wht-blank</styleUrl>
				<Point>
					<gx:drawOrder>1</gx:drawOrder>
					<coordinates>73.46142412052271,19.64546471540719,0</coordinates>
				</Point>
			</Placemark>
			<Placemark>
				<name>437</name>
				<LookAt>
					<longitude>73.46105736198294</longitude>
					<latitude>19.64562742246851</latitude>
					<altitude>0</altitude>
					<heading>-46.11916730732067</heading>
					<tilt>0</tilt>
					<range>285.4371882277354</range>
					<gx:altitudeMode>relativeToSeaFloor</gx:altitudeMode>
				</LookAt>
				<styleUrl>#msn_wht-blank</styleUrl>
				<Point>
					<gx:drawOrder>1</gx:drawOrder>
					<coordinates>73.46121981716806,19.64558985158848,0</coordinates>
				</Point>
			</Placemark>
			<Placemark>
				<name>438</name>
				<LookAt>
					<longitude>73.46105736198294</longitude>
					<latitude>19.64562742246851</latitude>
					<altitude>0</altitude>
					<heading>-46.11916730732067</heading>
					<tilt>0</tilt>
					<range>285.4371882277354</range>
					<gx:altitudeMode>relativeToSeaFloor</gx:altitudeMode>
				</LookAt>
				<styleUrl>#msn_wht-blank</styleUrl>
				<Point>
					<gx:drawOrder>1</gx:drawOrder>
					<coordinates>73.46101046216735,19.64573283739733,0</coordinates>
				</Point>
			</Placemark>
			<Placemark>
				<name>439</name>
				<LookAt>
					<longitude>73.46105736198294</longitude>
					<latitude>19.64562742246851</latitude>
					<altitude>0</altitude>
					<heading>-46.11916730732067</heading>
					<tilt>0</tilt>
					<range>285.4371882277354</range>
					<gx:altitudeMode>relativeToSeaFloor</gx:altitudeMode>
				</LookAt>
				<styleUrl>#msn_wht-blank</styleUrl>
				<Point>
					<gx:drawOrder>1</gx:drawOrder>
					<coordinates>73.46110089231099,19.64581848738348,0</coordinates>
				</Point>
			</Placemark>
			<Placemark>
				<name>440</name>
				<LookAt>
					<longitude>73.46105736198294</longitude>
					<latitude>19.64562742246851</latitude>
					<altitude>0</altitude>
					<heading>-46.11916730732067</heading>
					<tilt>0</tilt>
					<range>285.4371882277354</range>
					<gx:altitudeMode>relativeToSeaFloor</gx:altitudeMode>
				</LookAt>
				<styleUrl>#msn_wht-blank</styleUrl>
				<Point>
					<gx:drawOrder>1</gx:drawOrder>
					<coordinates>73.46132764034132,19.64599125215603,0</coordinates>
				</Point>
			</Placemark>
			<Placemark>
				<name>441</name>
				<LookAt>
					<longitude>73.46105736198294</longitude>
					<latitude>19.64562742246851</latitude>
					<altitude>0</altitude>
					<heading>-46.11916730732067</heading>
					<tilt>0</tilt>
					<range>285.4371882277354</range>
					<gx:altitudeMode>relativeToSeaFloor</gx:altitudeMode>
				</LookAt>
				<styleUrl>#msn_wht-blank</styleUrl>
				<Point>
					<gx:drawOrder>1</gx:drawOrder>
					<coordinates>73.46146584489831,19.64590139840062,0</coordinates>
				</Point>
			</Placemark>
			<Placemark>
				<name>442</name>
				<LookAt>
					<longitude>73.46105736198294</longitude>
					<latitude>19.64562742246851</latitude>
					<altitude>0</altitude>
					<heading>-46.11916730732067</heading>
					<tilt>0</tilt>
					<range>285.4371882277354</range>
					<gx:altitudeMode>relativeToSeaFloor</gx:altitudeMode>
				</LookAt>
				<styleUrl>#msn_wht-blank</styleUrl>
				<Point>
					<gx:drawOrder>1</gx:drawOrder>
					<coordinates>73.46156321337386,19.64584212987106,0</coordinates>
				</Point>
			</Placemark>
			<Placemark>
				<name>443</name>
				<LookAt>
					<longitude>73.46154909716748</longitude>
					<latitude>19.64562179259239</latitude>
					<altitude>0</altitude>
					<heading>-46.11900198943387</heading>
					<tilt>0</tilt>
					<range>284.4646507877385</range>
					<gx:altitudeMode>relativeToSeaFloor</gx:altitudeMode>
				</LookAt>
				<styleUrl>#msn_wht-blank</styleUrl>
				<Point>
					<gx:drawOrder>1</gx:drawOrder>
					<coordinates>73.46165632647477,19.64579597481259,0</coordinates>
				</Point>
			</Placemark>
			<Placemark>
				<name>444</name>
				<LookAt>
					<longitude>73.46237916861836</longitude>
					<latitude>19.64564104430262</latitude>
					<altitude>0</altitude>
					<heading>-46.11872291978789</heading>
					<tilt>0</tilt>
					<range>278.8878004750667</range>
					<gx:altitudeMode>relativeToSeaFloor</gx:altitudeMode>
				</LookAt>
				<styleUrl>#msn_wht-blank</styleUrl>
				<Point>
					<gx:drawOrder>1</gx:drawOrder>
					<coordinates>73.46176716812529,19.64573671925458,0</coordinates>
				</Point>
			</Placemark>
			<Placemark>
				<name>445</name>
				<LookAt>
					<longitude>73.46237916861836</longitude>
					<latitude>19.64564104430262</latitude>
					<altitude>0</altitude>
					<heading>-46.11872291978789</heading>
					<tilt>0</tilt>
					<range>278.8878004750667</range>
					<gx:altitudeMode>relativeToSeaFloor</gx:altitudeMode>
				</LookAt>
				<styleUrl>#msn_wht-blank</styleUrl>
				<Point>
					<gx:drawOrder>1</gx:drawOrder>
					<coordinates>73.4618928630933,19.64564204145411,0</coordinates>
				</Point>
			</Placemark>
			<Placemark>
				<name>446</name>
				<LookAt>
					<longitude>73.46158539573183</longitude>
					<latitude>19.64600921477008</latitude>
					<altitude>0</altitude>
					<heading>-46.11898978822977</heading>
					<tilt>0</tilt>
					<range>284.6932902993539</range>
					<gx:altitudeMode>relativeToSeaFloor</gx:altitudeMode>
				</LookAt>
				<styleUrl>#msn_wht-blank</styleUrl>
				<Point>
					<gx:drawOrder>1</gx:drawOrder>
					<coordinates>73.46160578982573,19.64621778873653,0</coordinates>
				</Point>
			</Placemark>
			<Placemark>
				<name>447</name>
				<LookAt>
					<longitude>73.46158539573183</longitude>
					<latitude>19.64600921477008</latitude>
					<altitude>0</altitude>
					<heading>-46.11898978822977</heading>
					<tilt>0</tilt>
					<range>284.6932902993539</range>
					<gx:altitudeMode>relativeToSeaFloor</gx:altitudeMode>
				</LookAt>
				<styleUrl>#msn_wht-blank</styleUrl>
				<Point>
					<gx:drawOrder>1</gx:drawOrder>
					<coordinates>73.46171382192743,19.64617972124907,0</coordinates>
				</Point>
			</Placemark>
			<Placemark>
				<name>448</name>
				<LookAt>
					<longitude>73.46158539573183</longitude>
					<latitude>19.64600921477008</latitude>
					<altitude>0</altitude>
					<heading>-46.11898978822977</heading>
					<tilt>0</tilt>
					<range>284.6932902993539</range>
					<gx:altitudeMode>relativeToSeaFloor</gx:altitudeMode>
				</LookAt>
				<styleUrl>#msn_wht-blank</styleUrl>
				<Point>
					<gx:drawOrder>1</gx:drawOrder>
					<coordinates>73.4618132309637,19.64613620299197,0</coordinates>
				</Point>
			</Placemark>
			<Placemark>
				<name>449</name>
				<LookAt>
					<longitude>73.46158539573183</longitude>
					<latitude>19.64600921477008</latitude>
					<altitude>0</altitude>
					<heading>-46.11898978822977</heading>
					<tilt>0</tilt>
					<range>284.6932902993539</range>
					<gx:altitudeMode>relativeToSeaFloor</gx:altitudeMode>
				</LookAt>
				<styleUrl>#msn_wht-blank</styleUrl>
				<Point>
					<gx:drawOrder>1</gx:drawOrder>
					<coordinates>73.46192067440425,19.6460875838055,0</coordinates>
				</Point>
			</Placemark>
			<Placemark>
				<name>550</name>
				<LookAt>
					<longitude>73.46214439949649</longitude>
					<latitude>19.64612428142118</latitude>
					<altitude>0</altitude>
					<heading>-46.11880184722334</heading>
					<tilt>0</tilt>
					<range>281.3337144479406</range>
					<gx:altitudeMode>relativeToSeaFloor</gx:altitudeMode>
				</LookAt>
				<styleUrl>#msn_wht-blank</styleUrl>
				<Point>
					<gx:drawOrder>1</gx:drawOrder>
					<coordinates>73.4620218963006,19.64604607690957,0</coordinates>
				</Point>
			</Placemark>
			<Placemark>
				<name>451</name>
				<LookAt>
					<longitude>73.46214439949649</longitude>
					<latitude>19.64612428142118</latitude>
					<altitude>0</altitude>
					<heading>-46.11880184722334</heading>
					<tilt>0</tilt>
					<range>281.3337144479406</range>
					<gx:altitudeMode>relativeToSeaFloor</gx:altitudeMode>
				</LookAt>
				<styleUrl>#msn_wht-blank</styleUrl>
				<Point>
					<gx:drawOrder>1</gx:drawOrder>
					<coordinates>73.46212122145289,19.64599556288373,0</coordinates>
				</Point>
			</Placemark>
			<Placemark>
				<name>452</name>
				<LookAt>
					<longitude>73.46228872666178</longitude>
					<latitude>19.64595195645313</latitude>
					<altitude>0</altitude>
					<heading>-46.11875332565164</heading>
					<tilt>0</tilt>
					<range>279.6854376667821</range>
					<gx:altitudeMode>relativeToSeaFloor</gx:altitudeMode>
				</LookAt>
				<styleUrl>#msn_wht-blank</styleUrl>
				<Point>
					<gx:drawOrder>1</gx:drawOrder>
					<coordinates>73.46222972658231,19.64594628622936,0</coordinates>
				</Point>
			</Placemark>
			<Placemark>
				<name>453</name>
				<LookAt>
					<longitude>73.46228872666178</longitude>
					<latitude>19.64595195645313</latitude>
					<altitude>0</altitude>
					<heading>-46.11875332565164</heading>
					<tilt>0</tilt>
					<range>279.6854376667821</range>
					<gx:altitudeMode>relativeToSeaFloor</gx:altitudeMode>
				</LookAt>
				<styleUrl>#msn_wht-blank</styleUrl>
				<Point>
					<gx:drawOrder>1</gx:drawOrder>
					<coordinates>73.46232788342502,19.64590113281973,0</coordinates>
				</Point>
			</Placemark>
			<Placemark>
				<name>454</name>
				<LookAt>
					<longitude>73.46228872666178</longitude>
					<latitude>19.64595195645313</latitude>
					<altitude>0</altitude>
					<heading>-46.11875332565164</heading>
					<tilt>0</tilt>
					<range>279.6854376667821</range>
					<gx:altitudeMode>relativeToSeaFloor</gx:altitudeMode>
				</LookAt>
				<styleUrl>#msn_wht-blank</styleUrl>
				<Point>
					<gx:drawOrder>1</gx:drawOrder>
					<coordinates>73.46242309331117,19.64583025866624,0</coordinates>
				</Point>
			</Placemark>
			<Placemark>
				<name>455</name>
				<LookAt>
					<longitude>73.46305408315209</longitude>
					<latitude>19.64555323087006</latitude>
					<altitude>0</altitude>
					<heading>-46.11849601083843</heading>
					<tilt>0</tilt>
					<range>272.7549681336965</range>
					<gx:altitudeMode>relativeToSeaFloor</gx:altitudeMode>
				</LookAt>
				<styleUrl>#msn_wht-blank</styleUrl>
				<Point>
					<gx:drawOrder>1</gx:drawOrder>
					<coordinates>73.46249388946525,19.64576798125042,0</coordinates>
				</Point>
			</Placemark>
			<Placemark>
				<name>456</name>
				<LookAt>
					<longitude>73.46305408315209</longitude>
					<latitude>19.64555323087006</latitude>
					<altitude>0</altitude>
					<heading>-46.11849601083843</heading>
					<tilt>0</tilt>
					<range>272.7549681336965</range>
					<gx:altitudeMode>relativeToSeaFloor</gx:altitudeMode>
				</LookAt>
				<styleUrl>#msn_wht-blank</styleUrl>
				<Point>
					<gx:drawOrder>1</gx:drawOrder>
					<coordinates>73.46258625546463,19.64570301707223,0</coordinates>
				</Point>
			</Placemark>
			<Placemark>
				<name>457</name>
				<LookAt>
					<longitude>73.46305408315209</longitude>
					<latitude>19.64555323087006</latitude>
					<altitude>0</altitude>
					<heading>-46.11849601083843</heading>
					<tilt>0</tilt>
					<range>272.7549681336965</range>
					<gx:altitudeMode>relativeToSeaFloor</gx:altitudeMode>
				</LookAt>
				<styleUrl>#msn_wht-blank</styleUrl>
				<Point>
					<gx:drawOrder>1</gx:drawOrder>
					<coordinates>73.4627065965287,19.64565056949604,0</coordinates>
				</Point>
			</Placemark>
			<Placemark>
				<name>458</name>
				<LookAt>
					<longitude>73.46305408315209</longitude>
					<latitude>19.64555323087006</latitude>
					<altitude>0</altitude>
					<heading>-46.11849601083843</heading>
					<tilt>0</tilt>
					<range>272.7549681336965</range>
					<gx:altitudeMode>relativeToSeaFloor</gx:altitudeMode>
				</LookAt>
				<styleUrl>#msn_wht-blank</styleUrl>
				<Point>
					<gx:drawOrder>1</gx:drawOrder>
					<coordinates>73.4627944097552,19.64559668340896,0</coordinates>
				</Point>
			</Placemark>
			<Placemark>
				<name>459</name>
				<LookAt>
					<longitude>73.46305408315209</longitude>
					<latitude>19.64555323087006</latitude>
					<altitude>0</altitude>
					<heading>-46.11849601083843</heading>
					<tilt>0</tilt>
					<range>272.7549681336965</range>
					<gx:altitudeMode>relativeToSeaFloor</gx:altitudeMode>
				</LookAt>
				<styleUrl>#msn_wht-blank</styleUrl>
				<Point>
					<gx:drawOrder>1</gx:drawOrder>
					<coordinates>73.46303427993583,19.64549341131044,0</coordinates>
				</Point>
			</Placemark>
			<Placemark>
				<name>460</name>
				<LookAt>
					<longitude>73.46338655988419</longitude>
					<latitude>19.64545763179746</latitude>
					<altitude>0</altitude>
					<heading>-46.11838423250322</heading>
					<tilt>0</tilt>
					<range>266.5933733918751</range>
					<gx:altitudeMode>relativeToSeaFloor</gx:altitudeMode>
				</LookAt>
				<styleUrl>#msn_wht-blank</styleUrl>
				<Point>
					<gx:drawOrder>1</gx:drawOrder>
					<coordinates>73.4631132740781,19.64540475328317,0</coordinates>
				</Point>
			</Placemark>
			<Placemark>
				<name>461</name>
				<LookAt>
					<longitude>73.46338655988419</longitude>
					<latitude>19.64545763179746</latitude>
					<altitude>0</altitude>
					<heading>-46.11838423250322</heading>
					<tilt>0</tilt>
					<range>266.5933733918751</range>
					<gx:altitudeMode>relativeToSeaFloor</gx:altitudeMode>
				</LookAt>
				<styleUrl>#msn_wht-blank</styleUrl>
				<Point>
					<gx:drawOrder>1</gx:drawOrder>
					<coordinates>73.46324229675815,19.64538219596258,0</coordinates>
				</Point>
			</Placemark>
			<Placemark>
				<name>462</name>
				<LookAt>
					<longitude>73.46338655988419</longitude>
					<latitude>19.64545763179746</latitude>
					<altitude>0</altitude>
					<heading>-46.11838423250322</heading>
					<tilt>0</tilt>
					<range>266.5933733918751</range>
					<gx:altitudeMode>relativeToSeaFloor</gx:altitudeMode>
				</LookAt>
				<styleUrl>#msn_wht-blank</styleUrl>
				<Point>
					<gx:drawOrder>1</gx:drawOrder>
					<coordinates>73.46335717145941,19.64536352231762,0</coordinates>
				</Point>
			</Placemark>
			<Placemark>
				<name>464</name>
				<LookAt>
					<longitude>73.46248369119618</longitude>
					<latitude>19.64669258346022</latitude>
					<altitude>0</altitude>
					<heading>-46.11868777451956</heading>
					<tilt>0</tilt>
					<range>280.0678395772269</range>
					<gx:altitudeMode>relativeToSeaFloor</gx:altitudeMode>
				</LookAt>
				<styleUrl>#msn_wht-blank</styleUrl>
				<Point>
					<gx:drawOrder>1</gx:drawOrder>
					<coordinates>73.4621027210944,19.64628323149415,0</coordinates>
				</Point>
			</Placemark>
			<Placemark>
				<name>463</name>
				<LookAt>
					<longitude>73.46248369119618</longitude>
					<latitude>19.64669258346022</latitude>
					<altitude>0</altitude>
					<heading>-46.11868777451956</heading>
					<tilt>0</tilt>
					<range>280.0678395772269</range>
					<gx:altitudeMode>relativeToSeaFloor</gx:altitudeMode>
				</LookAt>
				<styleUrl>#msn_wht-blank</styleUrl>
				<Point>
					<gx:drawOrder>1</gx:drawOrder>
					<coordinates>73.46189770920012,19.64635521077441,0</coordinates>
				</Point>
			</Placemark>
			<Placemark>
				<name>465</name>
				<LookAt>
					<longitude>73.4632987667641</longitude>
					<latitude>19.64640158402315</latitude>
					<altitude>0</altitude>
					<heading>-46.11841374043646</heading>
					<tilt>0</tilt>
					<range>273.8246777777554</range>
					<gx:altitudeMode>relativeToSeaFloor</gx:altitudeMode>
				</LookAt>
				<styleUrl>#msn_wht-blank</styleUrl>
				<Point>
					<gx:drawOrder>1</gx:drawOrder>
					<coordinates>73.46223555314546,19.64623327489405,0</coordinates>
				</Point>
			</Placemark>
			<Placemark>
				<name>466</name>
				<LookAt>
					<longitude>73.4632987667641</longitude>
					<latitude>19.64640158402315</latitude>
					<altitude>0</altitude>
					<heading>-46.11841374043646</heading>
					<tilt>0</tilt>
					<range>273.8246777777554</range>
					<gx:altitudeMode>relativeToSeaFloor</gx:altitudeMode>
				</LookAt>
				<styleUrl>#msn_wht-blank</styleUrl>
				<Point>
					<gx:drawOrder>1</gx:drawOrder>
					<coordinates>73.46234103656785,19.64619415687995,0</coordinates>
				</Point>
			</Placemark>
			<Placemark>
				<name>467</name>
				<LookAt>
					<longitude>73.4632987667641</longitude>
					<latitude>19.64640158402315</latitude>
					<altitude>0</altitude>
					<heading>-46.11841374043646</heading>
					<tilt>0</tilt>
					<range>273.8246777777554</range>
					<gx:altitudeMode>relativeToSeaFloor</gx:altitudeMode>
				</LookAt>
				<styleUrl>#msn_wht-blank</styleUrl>
				<Point>
					<gx:drawOrder>1</gx:drawOrder>
					<coordinates>73.46245929876315,19.64615210933532,0</coordinates>
				</Point>
			</Placemark>
			<Placemark>
				<name>468</name>
				<LookAt>
					<longitude>73.4632987667641</longitude>
					<latitude>19.64640158402315</latitude>
					<altitude>0</altitude>
					<heading>-46.11841374043646</heading>
					<tilt>0</tilt>
					<range>273.8246777777554</range>
					<gx:altitudeMode>relativeToSeaFloor</gx:altitudeMode>
				</LookAt>
				<styleUrl>#msn_wht-blank</styleUrl>
				<Point>
					<gx:drawOrder>1</gx:drawOrder>
					<coordinates>73.46257271606837,19.64609984680092,0</coordinates>
				</Point>
			</Placemark>
			<Placemark>
				<name>469</name>
				<LookAt>
					<longitude>73.4632987667641</longitude>
					<latitude>19.64640158402315</latitude>
					<altitude>0</altitude>
					<heading>-46.11841374043646</heading>
					<tilt>0</tilt>
					<range>273.8246777777554</range>
					<gx:altitudeMode>relativeToSeaFloor</gx:altitudeMode>
				</LookAt>
				<styleUrl>#msn_wht-blank</styleUrl>
				<Point>
					<gx:drawOrder>1</gx:drawOrder>
					<coordinates>73.46267312988374,19.64605512191822,0</coordinates>
				</Point>
			</Placemark>
			<Placemark>
				<name>470</name>
				<LookAt>
					<longitude>73.4632987667641</longitude>
					<latitude>19.64640158402315</latitude>
					<altitude>0</altitude>
					<heading>-46.11841374043646</heading>
					<tilt>0</tilt>
					<range>273.8246777777554</range>
					<gx:altitudeMode>relativeToSeaFloor</gx:altitudeMode>
				</LookAt>
				<styleUrl>#msn_wht-blank</styleUrl>
				<Point>
					<gx:drawOrder>1</gx:drawOrder>
					<coordinates>73.46277292805701,19.64600296297709,0</coordinates>
				</Point>
			</Placemark>
			<Placemark>
				<name>471</name>
				<LookAt>
					<longitude>73.4632987667641</longitude>
					<latitude>19.64640158402315</latitude>
					<altitude>0</altitude>
					<heading>-46.11841374043646</heading>
					<tilt>0</tilt>
					<range>273.8246777777554</range>
					<gx:altitudeMode>relativeToSeaFloor</gx:altitudeMode>
				</LookAt>
				<styleUrl>#msn_wht-blank</styleUrl>
				<Point>
					<gx:drawOrder>1</gx:drawOrder>
					<coordinates>73.46286675268857,19.6459433373935,0</coordinates>
				</Point>
			</Placemark>
			<Placemark>
				<name>472</name>
				<LookAt>
					<longitude>73.4632987667641</longitude>
					<latitude>19.64640158402315</latitude>
					<altitude>0</altitude>
					<heading>-46.11841374043646</heading>
					<tilt>0</tilt>
					<range>273.8246777777554</range>
					<gx:altitudeMode>relativeToSeaFloor</gx:altitudeMode>
				</LookAt>
				<styleUrl>#msn_wht-blank</styleUrl>
				<Point>
					<gx:drawOrder>1</gx:drawOrder>
					<coordinates>73.46297335429971,19.6458946338583,0</coordinates>
				</Point>
			</Placemark>
			<Placemark>
				<name>473</name>
				<LookAt>
					<longitude>73.46353182143689</longitude>
					<latitude>19.64612566620918</latitude>
					<altitude>0</altitude>
					<heading>-46.11833538703604</heading>
					<tilt>0</tilt>
					<range>266.0367417102232</range>
					<gx:altitudeMode>relativeToSeaFloor</gx:altitudeMode>
				</LookAt>
				<styleUrl>#msn_wht-blank</styleUrl>
				<Point>
					<gx:drawOrder>1</gx:drawOrder>
					<coordinates>73.46319328693231,19.64579285866933,0</coordinates>
				</Point>
			</Placemark>
			<Placemark>
				<name>474</name>
				<LookAt>
					<longitude>73.46353182143689</longitude>
					<latitude>19.64612566620918</latitude>
					<altitude>0</altitude>
					<heading>-46.11833538703604</heading>
					<tilt>0</tilt>
					<range>266.0367417102232</range>
					<gx:altitudeMode>relativeToSeaFloor</gx:altitudeMode>
				</LookAt>
				<styleUrl>#msn_wht-blank</styleUrl>
				<Point>
					<gx:drawOrder>1</gx:drawOrder>
					<coordinates>73.46328538557363,19.64574270782616,0</coordinates>
				</Point>
			</Placemark>
			<Placemark>
				<name>475</name>
				<LookAt>
					<longitude>73.46353182143689</longitude>
					<latitude>19.64612566620918</latitude>
					<altitude>0</altitude>
					<heading>-46.11833538703604</heading>
					<tilt>0</tilt>
					<range>266.0367417102232</range>
					<gx:altitudeMode>relativeToSeaFloor</gx:altitudeMode>
				</LookAt>
				<styleUrl>#msn_wht-blank</styleUrl>
				<Point>
					<gx:drawOrder>1</gx:drawOrder>
					<coordinates>73.46340120877333,19.64567857333745,0</coordinates>
				</Point>
			</Placemark>
			<Placemark>
				<name>476</name>
				<LookAt>
					<longitude>73.46374364740102</longitude>
					<latitude>19.64597427078137</latitude>
					<altitude>0</altitude>
					<heading>-46.11826417049868</heading>
					<tilt>0</tilt>
					<range>259.5961344563617</range>
					<gx:altitudeMode>relativeToSeaFloor</gx:altitudeMode>
				</LookAt>
				<styleUrl>#msn_wht-blank</styleUrl>
				<Point>
					<gx:drawOrder>1</gx:drawOrder>
					<coordinates>73.4635231324965,19.64568224697786,0</coordinates>
				</Point>
			</Placemark>
			<Placemark>
				<name>477</name>
				<LookAt>
					<longitude>73.46374364740102</longitude>
					<latitude>19.64597427078137</latitude>
					<altitude>0</altitude>
					<heading>-46.11826417049868</heading>
					<tilt>0</tilt>
					<range>259.5961344563617</range>
					<gx:altitudeMode>relativeToSeaFloor</gx:altitudeMode>
				</LookAt>
				<styleUrl>#msn_wht-blank</styleUrl>
				<Point>
					<gx:drawOrder>1</gx:drawOrder>
					<coordinates>73.46365315576797,19.6456623881126,0</coordinates>
				</Point>
			</Placemark>
			<Placemark>
				<name>478</name>
				<LookAt>
					<longitude>73.46374364740102</longitude>
					<latitude>19.64597427078137</latitude>
					<altitude>0</altitude>
					<heading>-46.11826417049868</heading>
					<tilt>0</tilt>
					<range>259.5961344563617</range>
					<gx:altitudeMode>relativeToSeaFloor</gx:altitudeMode>
				</LookAt>
				<styleUrl>#msn_wht-blank</styleUrl>
				<Point>
					<gx:drawOrder>1</gx:drawOrder>
					<coordinates>73.46376119794154,19.64565000044529,0</coordinates>
				</Point>
			</Placemark>
			<Placemark>
				<name>479</name>
				<LookAt>
					<longitude>73.46374364740102</longitude>
					<latitude>19.64597427078137</latitude>
					<altitude>0</altitude>
					<heading>-46.11826417049868</heading>
					<tilt>0</tilt>
					<range>259.5961344563617</range>
					<gx:altitudeMode>relativeToSeaFloor</gx:altitudeMode>
				</LookAt>
				<styleUrl>#msn_wht-blank</styleUrl>
				<Point>
					<gx:drawOrder>1</gx:drawOrder>
					<coordinates>73.46387636630737,19.6456437226108,0</coordinates>
				</Point>
			</Placemark>
			<Placemark>
				<name>480</name>
				<LookAt>
					<longitude>73.46374364740102</longitude>
					<latitude>19.64597427078137</latitude>
					<altitude>0</altitude>
					<heading>-46.11826417049868</heading>
					<tilt>0</tilt>
					<range>259.5961344563617</range>
					<gx:altitudeMode>relativeToSeaFloor</gx:altitudeMode>
				</LookAt>
				<styleUrl>#msn_wht-blank</styleUrl>
				<Point>
					<gx:drawOrder>1</gx:drawOrder>
					<coordinates>73.4639985830634,19.64563897725817,0</coordinates>
				</Point>
			</Placemark>
			<Placemark>
				<name>481</name>
				<LookAt>
					<longitude>73.46427346075005</longitude>
					<latitude>19.64591252485016</latitude>
					<altitude>0</altitude>
					<heading>-46.11808604551608</heading>
					<tilt>0</tilt>
					<range>250.3957968908174</range>
					<gx:altitudeMode>relativeToSeaFloor</gx:altitudeMode>
				</LookAt>
				<styleUrl>#msn_wht-blank</styleUrl>
				<Point>
					<gx:drawOrder>1</gx:drawOrder>
					<coordinates>73.46411027979926,19.64563172562926,0</coordinates>
				</Point>
			</Placemark>
			<Placemark>
				<name>482</name>
				<LookAt>
					<longitude>73.46427346075005</longitude>
					<latitude>19.64591252485016</latitude>
					<altitude>0</altitude>
					<heading>-46.11808604551608</heading>
					<tilt>0</tilt>
					<range>250.3957968908174</range>
					<gx:altitudeMode>relativeToSeaFloor</gx:altitudeMode>
				</LookAt>
				<styleUrl>#msn_wht-blank</styleUrl>
				<Point>
					<gx:drawOrder>1</gx:drawOrder>
					<coordinates>73.46422569140314,19.64561702852475,0</coordinates>
				</Point>
			</Placemark>
			<Placemark>
				<name>483</name>
				<LookAt>
					<longitude>73.46427346075005</longitude>
					<latitude>19.64591252485016</latitude>
					<altitude>0</altitude>
					<heading>-46.11808604551608</heading>
					<tilt>0</tilt>
					<range>250.3957968908174</range>
					<gx:altitudeMode>relativeToSeaFloor</gx:altitudeMode>
				</LookAt>
				<styleUrl>#msn_wht-blank</styleUrl>
				<Point>
					<gx:drawOrder>1</gx:drawOrder>
					<coordinates>73.46433837754982,19.64560130084166,0</coordinates>
				</Point>
			</Placemark>
			<Placemark>
				<name>484</name>
				<LookAt>
					<longitude>73.46494150880042</longitude>
					<latitude>19.64576534244029</latitude>
					<altitude>0</altitude>
					<heading>-46.11786144788458</heading>
					<tilt>0</tilt>
					<range>245.5744141088284</range>
					<gx:altitudeMode>relativeToSeaFloor</gx:altitudeMode>
				</LookAt>
				<styleUrl>#msn_wht-blank</styleUrl>
				<Point>
					<gx:drawOrder>1</gx:drawOrder>
					<coordinates>73.46461931772484,19.64555419155262,0</coordinates>
				</Point>
			</Placemark>
			<Placemark>
				<name>485</name>
				<LookAt>
					<longitude>73.46494150880042</longitude>
					<latitude>19.64576534244029</latitude>
					<altitude>0</altitude>
					<heading>-46.11786144788458</heading>
					<tilt>0</tilt>
					<range>245.5744141088284</range>
					<gx:altitudeMode>relativeToSeaFloor</gx:altitudeMode>
				</LookAt>
				<styleUrl>#msn_wht-blank</styleUrl>
				<Point>
					<gx:drawOrder>1</gx:drawOrder>
					<coordinates>73.46480869108345,19.64550067880977,0</coordinates>
				</Point>
			</Placemark>
			<Placemark>
				<name>486</name>
				<LookAt>
					<longitude>73.46494150880042</longitude>
					<latitude>19.64576534244029</latitude>
					<altitude>0</altitude>
					<heading>-46.11786144788458</heading>
					<tilt>0</tilt>
					<range>245.5744141088284</range>
					<gx:altitudeMode>relativeToSeaFloor</gx:altitudeMode>
				</LookAt>
				<styleUrl>#msn_wht-blank</styleUrl>
				<Point>
					<gx:drawOrder>1</gx:drawOrder>
					<coordinates>73.46498850970723,19.64546424587855,0</coordinates>
				</Point>
			</Placemark>
			<Placemark>
				<name>487</name>
				<LookAt>
					<longitude>73.46542271975437</longitude>
					<latitude>19.64549126980628</latitude>
					<altitude>0</altitude>
					<heading>-46.11769966524336</heading>
					<tilt>0</tilt>
					<range>244.5924510159644</range>
					<gx:altitudeMode>relativeToSeaFloor</gx:altitudeMode>
				</LookAt>
				<styleUrl>#msn_wht-blank</styleUrl>
				<Point>
					<gx:drawOrder>1</gx:drawOrder>
					<coordinates>73.46516834721642,19.64539078834598,0</coordinates>
				</Point>
			</Placemark>
			<Placemark>
				<name>488</name>
				<LookAt>
					<longitude>73.46542271975437</longitude>
					<latitude>19.64549126980628</latitude>
					<altitude>0</altitude>
					<heading>-46.11769966524336</heading>
					<tilt>0</tilt>
					<range>244.5924510159644</range>
					<gx:altitudeMode>relativeToSeaFloor</gx:altitudeMode>
				</LookAt>
				<styleUrl>#msn_wht-blank</styleUrl>
				<Point>
					<gx:drawOrder>1</gx:drawOrder>
					<coordinates>73.46536082717535,19.64534078698498,0</coordinates>
				</Point>
			</Placemark>
			<Placemark>
				<name>489</name>
				<LookAt>
					<longitude>73.46555333493772</longitude>
					<latitude>19.64533932239379</latitude>
					<altitude>0</altitude>
					<heading>-46.11765575266265</heading>
					<tilt>0</tilt>
					<range>243.6399080058589</range>
					<gx:altitudeMode>relativeToSeaFloor</gx:altitudeMode>
				</LookAt>
				<styleUrl>#msn_wht-blank</styleUrl>
				<Point>
					<gx:drawOrder>1</gx:drawOrder>
					<coordinates>73.46560589297167,19.64527612321914,0</coordinates>
				</Point>
			</Placemark>
		</Folder>
		<gx:Tour>
			<name>kasara video</name>
			<gx:Playlist>
				<gx:AnimatedUpdate>
					<Update>
						<targetHref></targetHref>
						<Change><Placemark targetId="StationRd"><gx:balloonVisibility>1</gx:balloonVisibility></Placemark></Change>
					</Update>
				</gx:AnimatedUpdate>
				<gx:AnimatedUpdate>
					<Update>
						<targetHref></targetHref>
						<Change><Placemark targetId="OldAgraRd"><gx:balloonVisibility>1</gx:balloonVisibility></Placemark></Change>
					</Update>
				</gx:AnimatedUpdate>
				<gx:AnimatedUpdate>
					<Update>
						<targetHref></targetHref>
						<Change><Placemark targetId="StationRd"><gx:balloonVisibility>1</gx:balloonVisibility></Placemark></Change>
					</Update>
				</gx:AnimatedUpdate>
				<gx:FlyTo>
					<LookAt>
						<gx:horizFov>59.99999999999999</gx:horizFov>
						<longitude>73.46073517161548</longitude>
						<latitude>19.64217990761449</latitude>
						<altitude>0</altitude>
						<heading>84.67231505898164</heading>
						<tilt>63.3005641657534</tilt>
						<range>906.5841588605377</range>
						<gx:altitudeMode>relativeToSeaFloor</gx:altitudeMode>
					</LookAt>
				</gx:FlyTo>
				<gx:Wait><gx:duration>1.964345599999888</gx:duration>
</gx:Wait>
				<gx:FlyTo>
					<gx:duration>0.5319947999996657</gx:duration>
					<gx:flyToMode>smooth</gx:flyToMode>
					<LookAt>
						<gx:horizFov>59.99999999999999</gx:horizFov>
						<longitude>73.46073515430696</longitude>
						<latitude>19.64217991551553</latitude>
						<altitude>0</altitude>
						<heading>84.67002205908905</heading>
						<tilt>63.30056417044063</tilt>
						<range>906.5847320843898</range>
						<gx:altitudeMode>relativeToSeaFloor</gx:altitudeMode>
					</LookAt>
				</gx:FlyTo>
				<gx:FlyTo>
					<gx:duration>0.5103146000001288</gx:duration>
					<gx:flyToMode>smooth</gx:flyToMode>
					<LookAt>
						<gx:horizFov>59.99999999999999</gx:horizFov>
						<longitude>73.46073487503988</longitude>
						<latitude>19.64217669043815</latitude>
						<altitude>0</altitude>
						<heading>84.7388086036885</heading>
						<tilt>63.26294536900534</tilt>
						<range>901.3426373277425</range>
						<gx:altitudeMode>relativeToSeaFloor</gx:altitudeMode>
					</LookAt>
				</gx:FlyTo>
				<gx:FlyTo>
					<gx:duration>0.02860069999996995</gx:duration>
					<gx:flyToMode>smooth</gx:flyToMode>
					<LookAt>
						<gx:horizFov>59.99999999999999</gx:horizFov>
						<longitude>73.4607349371975</longitude>
						<latitude>19.642176025498</latitude>
						<altitude>0</altitude>
						<heading>84.76632393380936</heading>
						<tilt>63.2558858279926</tilt>
						<range>900.3256448094293</range>
						<gx:altitudeMode>relativeToSeaFloor</gx:altitudeMode>
					</LookAt>
				</gx:FlyTo>
				<gx:FlyTo>
					<gx:duration>1.503080899999986</gx:duration>
					<gx:flyToMode>smooth</gx:flyToMode>
					<LookAt>
						<gx:horizFov>59.99999999999999</gx:horizFov>
						<longitude>73.46073625305441</longitude>
						<latitude>19.64217595853023</latitude>
						<altitude>0</altitude>
						<heading>84.76632424609598</heading>
						<tilt>63.25442272092713</tilt>
						<range>900.1326710676042</range>
						<gx:altitudeMode>relativeToSeaFloor</gx:altitudeMode>
					</LookAt>
				</gx:FlyTo>
				<gx:FlyTo>
					<gx:duration>0.5059056000000055</gx:duration>
					<gx:flyToMode>smooth</gx:flyToMode>
					<LookAt>
						<gx:horizFov>59.99999999999999</gx:horizFov>
						<longitude>73.46078772285151</longitude>
						<latitude>19.64216810719616</latitude>
						<altitude>0</altitude>
						<heading>84.60811393592245</heading>
						<tilt>63.12283278222024</tilt>
						<range>882.3144536785404</range>
						<gx:altitudeMode>relativeToSeaFloor</gx:altitudeMode>
					</LookAt>
				</gx:FlyTo>
				<gx:FlyTo>
					<gx:duration>0.5112761000000319</gx:duration>
					<gx:flyToMode>smooth</gx:flyToMode>
					<LookAt>
						<gx:horizFov>59.99999999999999</gx:horizFov>
						<longitude>73.46082047692839</longitude>
						<latitude>19.64216080088257</latitude>
						<altitude>0</altitude>
						<heading>82.60862513922118</heading>
						<tilt>63.0123986648125</tilt>
						<range>865.6221131532219</range>
						<gx:altitudeMode>relativeToSeaFloor</gx:altitudeMode>
					</LookAt>
				</gx:FlyTo>
				<gx:FlyTo>
					<gx:duration>0.5085530000005747</gx:duration>
					<gx:flyToMode>smooth</gx:flyToMode>
					<LookAt>
						<gx:horizFov>59.99999999999999</gx:horizFov>
						<longitude>73.46085331504169</longitude>
						<latitude>19.64213546456267</latitude>
						<altitude>0</altitude>
						<heading>79.46721344153364</heading>
						<tilt>62.75763361892989</tilt>
						<range>806.0097480120737</range>
						<gx:altitudeMode>relativeToSeaFloor</gx:altitudeMode>
					</LookAt>
				</gx:FlyTo>
				<gx:FlyTo>
					<gx:duration>0.5087606999995842</gx:duration>
					<gx:flyToMode>smooth</gx:flyToMode>
					<LookAt>
						<gx:horizFov>59.99999999999999</gx:horizFov>
						<longitude>73.46085537412637</longitude>
						<latitude>19.64211115188916</latitude>
						<altitude>0</altitude>
						<heading>77.36452352765316</heading>
						<tilt>62.57255158452136</tilt>
						<range>752.850087737256</range>
						<gx:altitudeMode>relativeToSeaFloor</gx:altitudeMode>
					</LookAt>
				</gx:FlyTo>
				<gx:FlyTo>
					<gx:duration>0.2531896000000415</gx:duration>
					<gx:flyToMode>smooth</gx:flyToMode>
					<LookAt>
						<gx:horizFov>59.99999999999999</gx:horizFov>
						<longitude>73.46086686011161</longitude>
						<latitude>19.64208552469037</latitude>
						<altitude>0</altitude>
						<heading>77.31865084266933</heading>
						<tilt>62.37083343496028</tilt>
						<range>699.6895604234295</range>
						<gx:altitudeMode>relativeToSeaFloor</gx:altitudeMode>
					</LookAt>
				</gx:FlyTo>
				<gx:Wait><gx:duration>0.1847946000002594</gx:duration>
</gx:Wait>
				<gx:AnimatedUpdate>
					<Update>
						<targetHref></targetHref>
						<Change><Placemark targetId="StationRd"><gx:balloonVisibility>0</gx:balloonVisibility></Placemark></Change>
					</Update>
				</gx:AnimatedUpdate>
				<gx:Wait><gx:duration>0.0002027000000452972</gx:duration>
</gx:Wait>
				<gx:AnimatedUpdate>
					<Update>
						<targetHref></targetHref>
						<Change><Placemark targetId="OldAgraRd"><gx:balloonVisibility>0</gx:balloonVisibility></Placemark></Change>
					</Update>
				</gx:AnimatedUpdate>
				<gx:Wait><gx:duration>0.0001422000000275148</gx:duration>
</gx:Wait>
				<gx:AnimatedUpdate>
					<Update>
						<targetHref></targetHref>
						<Change><Placemark targetId="StationRd"><gx:balloonVisibility>0</gx:balloonVisibility></Placemark></Change>
					</Update>
				</gx:AnimatedUpdate>
				<gx:FlyTo>
					<gx:duration>0.5057135000001836</gx:duration>
					<gx:flyToMode>smooth</gx:flyToMode>
					<LookAt>
						<gx:horizFov>59.99999999999999</gx:horizFov>
						<longitude>73.46086694347051</longitude>
						<latitude>19.64208564985244</latitude>
						<altitude>0</altitude>
						<heading>77.31865087065502</heading>
						<tilt>62.37083544524799</tilt>
						<range>699.9432923781615</range>
						<gx:altitudeMode>relativeToSeaFloor</gx:altitudeMode>
					</LookAt>
				</gx:FlyTo>
				<gx:FlyTo>
					<gx:duration>0.5110516999998254</gx:duration>
					<gx:flyToMode>smooth</gx:flyToMode>
					<LookAt>
						<gx:horizFov>59.99999999999999</gx:horizFov>
						<longitude>73.46085856406299</longitude>
						<latitude>19.64209972692781</latitude>
						<altitude>0</altitude>
						<heading>77.3186480368807</heading>
						<tilt>62.37111156186634</tilt>
						<range>734.7212840942027</range>
						<gx:altitudeMode>relativeToSeaFloor</gx:altitudeMode>
					</LookAt>
				</gx:FlyTo>
				<gx:FlyTo>
					<gx:duration>0.5068952999999965</gx:duration>
					<gx:flyToMode>smooth</gx:flyToMode>
					<LookAt>
						<gx:horizFov>59.99999999999999</gx:horizFov>
						<longitude>73.46084276383286</longitude>
						<latitude>19.64211424207027</latitude>
						<altitude>0</altitude>
						<heading>77.318642711839</heading>
						<tilt>62.3714167250752</tilt>
						<range>773.1378860934198</range>
						<gx:altitudeMode>relativeToSeaFloor</gx:altitudeMode>
					</LookAt>
				</gx:FlyTo>
				<gx:FlyTo>
					<gx:duration>0.5077639999999519</gx:duration>
					<gx:flyToMode>smooth</gx:flyToMode>
					<LookAt>
						<gx:horizFov>59.99999999999999</gx:horizFov>
						<longitude>73.46083639565623</longitude>
						<latitude>19.64213126821228</latitude>
						<altitude>0</altitude>
						<heading>77.31864055809031</heading>
						<tilt>62.37174020129197</tilt>
						<range>813.8495479727519</range>
						<gx:altitudeMode>relativeToSeaFloor</gx:altitudeMode>
					</LookAt>
				</gx:FlyTo>
				<gx:FlyTo>
					<gx:duration>0.5089118000000781</gx:duration>
					<gx:flyToMode>smooth</gx:flyToMode>
					<LookAt>
						<gx:horizFov>59.99999999999999</gx:horizFov>
						<longitude>73.46083631589136</longitude>
						<latitude>19.64215095005145</latitude>
						<altitude>0</altitude>
						<heading>77.2727806551999</heading>
						<tilt>62.37209017009209</tilt>
						<range>857.8490556010038</range>
						<gx:altitudeMode>relativeToSeaFloor</gx:altitudeMode>
					</LookAt>
				</gx:FlyTo>
				<gx:FlyTo>
					<gx:duration>0.5106917000002795</gx:duration>
					<gx:flyToMode>smooth</gx:flyToMode>
					<LookAt>
						<gx:horizFov>59.99999999999999</gx:horizFov>
						<longitude>73.46084190579651</longitude>
						<latitude>19.6421766873294</latitude>
						<altitude>0</altitude>
						<heading>76.62615833434241</heading>
						<tilt>62.37248234882451</tilt>
						<range>907.0830125321086</range>
						<gx:altitudeMode>relativeToSeaFloor</gx:altitudeMode>
					</LookAt>
				</gx:FlyTo>
				<gx:FlyTo>
					<gx:duration>0.5009659999996074</gx:duration>
					<gx:flyToMode>smooth</gx:flyToMode>
					<LookAt>
						<gx:horizFov>59.99999999999999</gx:horizFov>
						<longitude>73.46084118907177</longitude>
						<latitude>19.64220648297915</latitude>
						<altitude>0</altitude>
						<heading>75.16781411691184</heading>
						<tilt>62.37288962555124</tilt>
						<range>958.3008719861182</range>
						<gx:altitudeMode>relativeToSeaFloor</gx:altitudeMode>
					</LookAt>
				</gx:FlyTo>
				<gx:FlyTo>
					<gx:duration>0.5020604999999705</gx:duration>
					<gx:flyToMode>smooth</gx:flyToMode>
					<LookAt>
						<gx:horizFov>59.99999999999999</gx:horizFov>
						<longitude>73.46084533872366</longitude>
						<latitude>19.64226596498607</latitude>
						<altitude>0</altitude>
						<heading>73.42514032731134</heading>
						<tilt>62.37376653172094</tilt>
						<range>1068.514540692258</range>
						<gx:altitudeMode>relativeToSeaFloor</gx:altitudeMode>
					</LookAt>
				</gx:FlyTo>
				<gx:FlyTo>
					<gx:duration>0.5049616000001151</gx:duration>
					<gx:flyToMode>smooth</gx:flyToMode>
					<LookAt>
						<gx:horizFov>59.99999999999999</gx:horizFov>
						<longitude>73.4608459001761</longitude>
						<latitude>19.64234845361944</latitude>
						<altitude>0</altitude>
						<heading>71.31558635150868</heading>
						<tilt>62.37499582101254</tilt>
						<range>1223.006591709356</range>
						<gx:altitudeMode>relativeToSeaFloor</gx:altitudeMode>
					</LookAt>
				</gx:FlyTo>
				<gx:FlyTo>
					<gx:duration>0.5103113000004669</gx:duration>
					<gx:flyToMode>smooth</gx:flyToMode>
					<LookAt>
						<gx:horizFov>59.99999999999999</gx:horizFov>
						<longitude>73.46087964033011</longitude>
						<latitude>19.6424593570514</latitude>
						<altitude>0</altitude>
						<heading>71.84298625350868</heading>
						<tilt>62.37685618911479</tilt>
						<range>1456.781431538967</range>
						<gx:altitudeMode>relativeToSeaFloor</gx:altitudeMode>
					</LookAt>
				</gx:FlyTo>
				<gx:FlyTo>
					<gx:duration>0.5066278000003877</gx:duration>
					<gx:flyToMode>smooth</gx:flyToMode>
					<LookAt>
						<gx:horizFov>59.99999999999999</gx:horizFov>
						<longitude>73.46091123537212</longitude>
						<latitude>19.64257327006868</latitude>
						<altitude>0</altitude>
						<heading>72.84962111547296</heading>
						<tilt>62.37886723458223</tilt>
						<range>1709.496477200242</range>
						<gx:altitudeMode>relativeToSeaFloor</gx:altitudeMode>
					</LookAt>
				</gx:FlyTo>
				<gx:FlyTo>
					<gx:duration>0.5021553000001404</gx:duration>
					<gx:flyToMode>smooth</gx:flyToMode>
					<LookAt>
						<gx:horizFov>59.99999999999999</gx:horizFov>
						<longitude>73.46092146970767</longitude>
						<latitude>19.6426207494915</latitude>
						<altitude>0</altitude>
						<heading>73.98465643686602</heading>
						<tilt>62.3798322181698</tilt>
						<range>1830.734509202995</range>
						<gx:altitudeMode>relativeToSeaFloor</gx:altitudeMode>
					</LookAt>
				</gx:FlyTo>
				<gx:FlyTo>
					<gx:duration>0.5048520000004828</gx:duration>
					<gx:flyToMode>smooth</gx:flyToMode>
					<LookAt>
						<gx:horizFov>59.99999999999999</gx:horizFov>
						<longitude>73.46093524815558</longitude>
						<latitude>19.64262452006559</latitude>
						<altitude>0</altitude>
						<heading>75.66083944237602</heading>
						<tilt>62.38009142860432</tilt>
						<range>1863.301049976868</range>
						<gx:altitudeMode>relativeToSeaFloor</gx:altitudeMode>
					</LookAt>
				</gx:FlyTo>
				<gx:FlyTo>
					<gx:duration>0.4991107000000738</gx:duration>
					<gx:flyToMode>smooth</gx:flyToMode>
					<LookAt>
						<gx:horizFov>59.99999999999999</gx:horizFov>
						<longitude>73.46095290484281</longitude>
						<latitude>19.64261796178365</latitude>
						<altitude>0</altitude>
						<heading>77.60530403235958</heading>
						<tilt>62.38019382596767</tilt>
						<range>1876.05698988478</range>
						<gx:altitudeMode>relativeToSeaFloor</gx:altitudeMode>
					</LookAt>
				</gx:FlyTo>
				<gx:FlyTo>
					<gx:duration>0.5033970999998019</gx:duration>
					<gx:flyToMode>smooth</gx:flyToMode>
					<LookAt>
						<gx:horizFov>59.99999999999999</gx:horizFov>
						<longitude>73.46097714260873</longitude>
						<latitude>19.6426097890914</latitude>
						<altitude>0</altitude>
						<heading>79.86620394723315</heading>
						<tilt>62.38029693729086</tilt>
						<range>1888.96060059117</range>
						<gx:altitudeMode>relativeToSeaFloor</gx:altitudeMode>
					</LookAt>
				</gx:FlyTo>
				<gx:FlyTo>
					<gx:duration>0.5112654000004113</gx:duration>
					<gx:flyToMode>smooth</gx:flyToMode>
					<LookAt>
						<gx:horizFov>59.99999999999999</gx:horizFov>
						<longitude>73.46098829003274</longitude>
						<latitude>19.64259823364706</latitude>
						<altitude>0</altitude>
						<heading>82.3426408707583</heading>
						<tilt>62.38039236719658</tilt>
						<range>1900.876964978929</range>
						<gx:altitudeMode>relativeToSeaFloor</gx:altitudeMode>
					</LookAt>
				</gx:FlyTo>
				<gx:FlyTo>
					<gx:duration>0.5034716999998636</gx:duration>
					<gx:flyToMode>smooth</gx:flyToMode>
					<LookAt>
						<gx:horizFov>59.99999999999999</gx:horizFov>
						<longitude>73.46101044050555</longitude>
						<latitude>19.64258864241144</latitude>
						<altitude>0</altitude>
						<heading>84.7502917137525</heading>
						<tilt>62.38049636126283</tilt>
						<range>1913.738560557582</range>
						<gx:altitudeMode>relativeToSeaFloor</gx:altitudeMode>
					</LookAt>
				</gx:FlyTo>
				<gx:FlyTo>
					<gx:duration>0.5123438999994505</gx:duration>
					<gx:flyToMode>smooth</gx:flyToMode>
					<LookAt>
						<gx:horizFov>59.99999999999999</gx:horizFov>
						<longitude>73.46103037615617</longitude>
						<latitude>19.64257896341466</latitude>
						<altitude>0</altitude>
						<heading>87.1579417201477</heading>
						<tilt>62.38059982862046</tilt>
						<range>1926.932739270697</range>
						<gx:altitudeMode>relativeToSeaFloor</gx:altitudeMode>
					</LookAt>
				</gx:FlyTo>
				<gx:FlyTo>
					<gx:duration>0.499778299999889</gx:duration>
					<gx:flyToMode>smooth</gx:flyToMode>
					<LookAt>
						<gx:horizFov>59.99999999999999</gx:horizFov>
						<longitude>73.46105130099657</longitude>
						<latitude>19.64256860151855</latitude>
						<altitude>0</altitude>
						<heading>89.63438190142227</heading>
						<tilt>62.38070220237226</tilt>
						<range>1939.848032299136</range>
						<gx:altitudeMode>relativeToSeaFloor</gx:altitudeMode>
					</LookAt>
				</gx:FlyTo>
				<gx:FlyTo>
					<gx:duration>0.5070540000001529</gx:duration>
					<gx:flyToMode>smooth</gx:flyToMode>
					<LookAt>
						<gx:horizFov>59.99999999999999</gx:horizFov>
						<longitude>73.46107283359937</longitude>
						<latitude>19.64255815074236</latitude>
						<altitude>0</altitude>
						<heading>92.11082229369832</heading>
						<tilt>62.38080709849366</tilt>
						<range>1953.050643299399</range>
						<gx:altitudeMode>relativeToSeaFloor</gx:altitudeMode>
					</LookAt>
				</gx:FlyTo>
				<gx:FlyTo>
					<gx:duration>0.50205939999978</gx:duration>
					<gx:flyToMode>smooth</gx:flyToMode>
					<LookAt>
						<gx:horizFov>59.99999999999999</gx:horizFov>
						<longitude>73.46108928480442</longitude>
						<latitude>19.64254849281115</latitude>
						<altitude>0</altitude>
						<heading>94.51847116388727</heading>
						<tilt>62.38091181818304</tilt>
						<range>1966.256448563873</range>
						<gx:altitudeMode>relativeToSeaFloor</gx:altitudeMode>
					</LookAt>
				</gx:FlyTo>
				<gx:FlyTo>
					<gx:duration>0.5087973999998212</gx:duration>
					<gx:flyToMode>smooth</gx:flyToMode>
					<LookAt>
						<gx:horizFov>59.99999999999999</gx:horizFov>
						<longitude>73.46099018512619</longitude>
						<latitude>19.64255171979885</latitude>
						<altitude>0</altitude>
						<heading>96.99487103273722</heading>
						<tilt>62.38090391022818</tilt>
						<range>1965.171379957012</range>
						<gx:altitudeMode>relativeToSeaFloor</gx:altitudeMode>
					</LookAt>
				</gx:FlyTo>
				<gx:FlyTo>
					<gx:duration>0.5017154000001938</gx:duration>
					<gx:flyToMode>smooth</gx:flyToMode>
					<LookAt>
						<gx:horizFov>59.99999999999999</gx:horizFov>
						<longitude>73.46113239152878</longitude>
						<latitude>19.64252721865738</latitude>
						<altitude>0</altitude>
						<heading>99.40256216895311</heading>
						<tilt>62.3811252089475</tilt>
						<range>1993.046911324557</range>
						<gx:altitudeMode>relativeToSeaFloor</gx:altitudeMode>
					</LookAt>
				</gx:FlyTo>
				<gx:FlyTo>
					<gx:duration>0.5088337999995929</gx:duration>
					<gx:flyToMode>smooth</gx:flyToMode>
					<LookAt>
						<gx:horizFov>59.99999999999999</gx:horizFov>
						<longitude>73.46115056843641</longitude>
						<latitude>19.64251692582375</latitude>
						<altitude>0</altitude>
						<heading>101.8790014506971</heading>
						<tilt>62.38123438290956</tilt>
						<range>2006.711751882413</range>
						<gx:altitudeMode>relativeToSeaFloor</gx:altitudeMode>
					</LookAt>
				</gx:FlyTo>
				<gx:FlyTo>
					<gx:duration>0.5015117000002647</gx:duration>
					<gx:flyToMode>smooth</gx:flyToMode>
					<LookAt>
						<gx:horizFov>59.99999999999999</gx:horizFov>
						<longitude>73.46117122648944</longitude>
						<latitude>19.64250580210195</latitude>
						<altitude>0</altitude>
						<heading>104.3554415171701</heading>
						<tilt>62.38134062492747</tilt>
						<range>2020.225433518602</range>
						<gx:altitudeMode>relativeToSeaFloor</gx:altitudeMode>
					</LookAt>
				</gx:FlyTo>
				<gx:FlyTo>
					<gx:duration>0.5112956999996641</gx:duration>
					<gx:flyToMode>smooth</gx:flyToMode>
					<LookAt>
						<gx:horizFov>59.99999999999999</gx:horizFov>
						<longitude>73.461189701805</longitude>
						<latitude>19.64249536361637</latitude>
						<altitude>0</altitude>
						<heading>106.8318809091938</heading>
						<tilt>62.38145229612618</tilt>
						<range>2034.161045380512</range>
						<gx:altitudeMode>relativeToSeaFloor</gx:altitudeMode>
					</LookAt>
				</gx:FlyTo>
				<gx:FlyTo>
					<gx:duration>0.5096439999997529</gx:duration>
					<gx:flyToMode>smooth</gx:flyToMode>
					<LookAt>
						<gx:horizFov>59.99999999999999</gx:horizFov>
						<longitude>73.46120744605342</longitude>
						<latitude>19.64248517818479</latitude>
						<altitude>0</altitude>
						<heading>109.3083200119933</heading>
						<tilt>62.38156304122923</tilt>
						<range>2048.171630276939</range>
						<gx:altitudeMode>relativeToSeaFloor</gx:altitudeMode>
					</LookAt>
				</gx:FlyTo>
				<gx:FlyTo>
					<gx:duration>0.5023056999998516</gx:duration>
					<gx:flyToMode>smooth</gx:flyToMode>
					<LookAt>
						<gx:horizFov>59.99999999999999</gx:horizFov>
						<longitude>73.46123120495352</longitude>
						<latitude>19.64247222422309</latitude>
						<altitude>0</altitude>
						<heading>111.7847611651948</heading>
						<tilt>62.38167258082817</tilt>
						<range>2061.910263211014</range>
						<gx:altitudeMode>relativeToSeaFloor</gx:altitudeMode>
					</LookAt>
				</gx:FlyTo>
				<gx:FlyTo>
					<gx:duration>0.5107530000000224</gx:duration>
					<gx:flyToMode>smooth</gx:flyToMode>
					<LookAt>
						<gx:horizFov>59.99999999999999</gx:horizFov>
						<longitude>73.461250124778</longitude>
						<latitude>19.64246125807826</latitude>
						<altitude>0</altitude>
						<heading>114.2612007145982</heading>
						<tilt>62.38178669874907</tilt>
						<range>2076.116040750297</range>
						<gx:altitudeMode>relativeToSeaFloor</gx:altitudeMode>
					</LookAt>
				</gx:FlyTo>
				<gx:FlyTo>
					<gx:duration>0.5048415000001114</gx:duration>
					<gx:flyToMode>smooth</gx:flyToMode>
					<LookAt>
						<gx:horizFov>59.99999999999999</gx:horizFov>
						<longitude>73.46126686548777</longitude>
						<latitude>19.64245134894965</latitude>
						<altitude>0</altitude>
						<heading>116.7376395177185</heading>
						<tilt>62.38190037459511</tilt>
						<range>2090.32694695191</range>
						<gx:altitudeMode>relativeToSeaFloor</gx:altitudeMode>
					</LookAt>
				</gx:FlyTo>
				<gx:FlyTo>
					<gx:duration>0.5110669999999118</gx:duration>
					<gx:flyToMode>smooth</gx:flyToMode>
					<LookAt>
						<gx:horizFov>59.99999999999999</gx:horizFov>
						<longitude>73.46128392142941</longitude>
						<latitude>19.64244111239415</latitude>
						<altitude>0</altitude>
						<heading>119.3516580231338</heading>
						<tilt>62.38201533268619</tilt>
						<range>2104.806507010547</range>
						<gx:altitudeMode>relativeToSeaFloor</gx:altitudeMode>
					</LookAt>
				</gx:FlyTo>
				<gx:FlyTo>
					<gx:duration>0.5083934000003865</gx:duration>
					<gx:flyToMode>smooth</gx:flyToMode>
					<LookAt>
						<gx:horizFov>59.99999999999999</gx:horizFov>
						<longitude>73.46123480158963</longitude>
						<latitude>19.64246974761334</latitude>
						<altitude>0</altitude>
						<heading>121.8968645002638</heading>
						<tilt>62.38205336133878</tilt>
						<range>2109.503277161563</range>
						<gx:altitudeMode>relativeToSeaFloor</gx:altitudeMode>
					</LookAt>
				</gx:FlyTo>
				<gx:FlyTo>
					<gx:duration>0.5113695999998527</gx:duration>
					<gx:flyToMode>smooth</gx:flyToMode>
					<LookAt>
						<gx:horizFov>59.99999999999999</gx:horizFov>
						<longitude>73.46132408884068</longitude>
						<latitude>19.6424172419792</latitude>
						<altitude>0</altitude>
						<heading>124.4421174748467</heading>
						<tilt>62.38224661653918</tilt>
						<range>2133.828664395239</range>
						<gx:altitudeMode>relativeToSeaFloor</gx:altitudeMode>
					</LookAt>
				</gx:FlyTo>
				<gx:FlyTo>
					<gx:duration>0.5069829999997637</gx:duration>
					<gx:flyToMode>smooth</gx:flyToMode>
					<LookAt>
						<gx:horizFov>59.99999999999999</gx:horizFov>
						<longitude>73.46134351632261</longitude>
						<latitude>19.64240573385034</latitude>
						<altitude>0</altitude>
						<heading>126.9185571638913</heading>
						<tilt>62.38236294069564</tilt>
						<range>2148.453828438208</range>
						<gx:altitudeMode>relativeToSeaFloor</gx:altitudeMode>
					</LookAt>
				</gx:FlyTo>
				<gx:FlyTo>
					<gx:duration>0.5033006999997269</gx:duration>
					<gx:flyToMode>smooth</gx:flyToMode>
					<LookAt>
						<gx:horizFov>59.99999999999999</gx:horizFov>
						<longitude>73.46136435020946</longitude>
						<latitude>19.64239294918744</latitude>
						<altitude>0</altitude>
						<heading>129.3262075234825</heading>
						<tilt>62.38247911764083</tilt>
						<range>2163.024707090698</range>
						<gx:altitudeMode>relativeToSeaFloor</gx:altitudeMode>
					</LookAt>
				</gx:FlyTo>
				<gx:FlyTo>
					<gx:duration>0.5120688000001792</gx:duration>
					<gx:flyToMode>smooth</gx:flyToMode>
					<LookAt>
						<gx:horizFov>59.99999999999999</gx:horizFov>
						<longitude>73.46138517787593</longitude>
						<latitude>19.64237986349135</latitude>
						<altitude>0</altitude>
						<heading>131.871437436436</heading>
						<tilt>62.38259607150991</tilt>
						<range>2177.961211026543</range>
						<gx:altitudeMode>relativeToSeaFloor</gx:altitudeMode>
					</LookAt>
				</gx:FlyTo>
				<gx:FlyTo>
					<gx:duration>0.4977781000002324</gx:duration>
					<gx:flyToMode>smooth</gx:flyToMode>
					<LookAt>
						<gx:horizFov>59.99999999999999</gx:horizFov>
						<longitude>73.46140417955371</longitude>
						<latitude>19.64236831352612</latitude>
						<altitude>0</altitude>
						<heading>134.2790871903594</heading>
						<tilt>62.38271350465059</tilt>
						<range>2192.652602674071</range>
						<gx:altitudeMode>relativeToSeaFloor</gx:altitudeMode>
					</LookAt>
				</gx:FlyTo>
				<gx:FlyTo>
					<gx:duration>0.5103645999997752</gx:duration>
					<gx:flyToMode>smooth</gx:flyToMode>
					<LookAt>
						<gx:horizFov>59.99999999999999</gx:horizFov>
						<longitude>73.46142387719102</longitude>
						<latitude>19.64235622821108</latitude>
						<altitude>0</altitude>
						<heading>136.8243167873575</heading>
						<tilt>62.3828343629756</tilt>
						<range>2207.829825762243</range>
						<gx:altitudeMode>relativeToSeaFloor</gx:altitudeMode>
					</LookAt>
				</gx:FlyTo>
				<gx:FlyTo>
					<gx:duration>0.5083730999999716</gx:duration>
					<gx:flyToMode>smooth</gx:flyToMode>
					<LookAt>
						<gx:horizFov>59.99999999999999</gx:horizFov>
						<longitude>73.4614443888359</longitude>
						<latitude>19.64234319044003</latitude>
						<altitude>0</altitude>
						<heading>139.3695466621328</heading>
						<tilt>62.38295550704409</tilt>
						<range>2222.994276269862</range>
						<gx:altitudeMode>relativeToSeaFloor</gx:altitudeMode>
					</LookAt>
				</gx:FlyTo>
				<gx:FlyTo>
					<gx:duration>0.5008611000002929</gx:duration>
					<gx:flyToMode>smooth</gx:flyToMode>
					<LookAt>
						<gx:horizFov>59.99999999999999</gx:horizFov>
						<longitude>73.4614025810141</longitude>
						<latitude>19.64240414478821</latitude>
						<altitude>0</altitude>
						<heading>141.8322078585249</heading>
						<tilt>62.38297790187254</tilt>
						<range>2225.589843860009</range>
						<gx:altitudeMode>relativeToSeaFloor</gx:altitudeMode>
					</LookAt>
				</gx:FlyTo>
				<gx:FlyTo>
					<gx:duration>0.5084388999994189</gx:duration>
					<gx:flyToMode>smooth</gx:flyToMode>
					<LookAt>
						<gx:horizFov>59.99999999999999</gx:horizFov>
						<longitude>73.461488073385</longitude>
						<latitude>19.64231270813396</latitude>
						<altitude>0</altitude>
						<heading>144.3912175159011</heading>
						<tilt>62.38319701407297</tilt>
						<range>2253.1710011721</range>
						<gx:altitudeMode>relativeToSeaFloor</gx:altitudeMode>
					</LookAt>
				</gx:FlyTo>
				<gx:FlyTo>
					<gx:duration>0.5006386999993993</gx:duration>
					<gx:flyToMode>smooth</gx:flyToMode>
					<LookAt>
						<gx:horizFov>59.99999999999999</gx:horizFov>
						<longitude>73.46151116726912</longitude>
						<latitude>19.64229477622629</latitude>
						<altitude>0</altitude>
						<heading>146.9502061857602</heading>
						<tilt>62.38331528574327</tilt>
						<range>2268.139955032521</range>
						<gx:altitudeMode>relativeToSeaFloor</gx:altitudeMode>
					</LookAt>
				</gx:FlyTo>
				<gx:FlyTo>
					<gx:duration>0.5016259000003629</gx:duration>
					<gx:flyToMode>smooth</gx:flyToMode>
					<LookAt>
						<gx:horizFov>59.99999999999999</gx:horizFov>
						<longitude>73.46153024325348</longitude>
						<latitude>19.64228306856102</latitude>
						<altitude>0</altitude>
						<heading>149.4381107321199</heading>
						<tilt>62.38343451730885</tilt>
						<range>2283.106336212767</range>
						<gx:altitudeMode>relativeToSeaFloor</gx:altitudeMode>
					</LookAt>
				</gx:FlyTo>
				<gx:FlyTo>
					<gx:duration>0.5037958000002618</gx:duration>
					<gx:flyToMode>smooth</gx:flyToMode>
					<LookAt>
						<gx:horizFov>59.99999999999999</gx:horizFov>
						<longitude>73.46155068639499</longitude>
						<latitude>19.6422691632978</latitude>
						<altitude>0</altitude>
						<heading>151.9260157266829</heading>
						<tilt>62.3835530503606</tilt>
						<range>2298.020878594446</range>
						<gx:altitudeMode>relativeToSeaFloor</gx:altitudeMode>
					</LookAt>
				</gx:FlyTo>
				<gx:FlyTo>
					<gx:duration>0.5104998000001615</gx:duration>
					<gx:flyToMode>smooth</gx:flyToMode>
					<LookAt>
						<gx:horizFov>59.99999999999999</gx:horizFov>
						<longitude>73.46157046113117</longitude>
						<latitude>19.64225764554849</latitude>
						<altitude>0</altitude>
						<heading>154.4139204987337</heading>
						<tilt>62.38367591525136</tilt>
						<range>2313.471968745718</range>
						<gx:altitudeMode>relativeToSeaFloor</gx:altitudeMode>
					</LookAt>
				</gx:FlyTo>
				<gx:FlyTo>
					<gx:duration>0.4994975999998132</gx:duration>
					<gx:flyToMode>smooth</gx:flyToMode>
					<LookAt>
						<gx:horizFov>59.99999999999999</gx:horizFov>
						<longitude>73.46159165108384</longitude>
						<latitude>19.64224216936323</latitude>
						<altitude>0</altitude>
						<heading>156.8307429421679</heading>
						<tilt>62.38379414526713</tilt>
						<range>2328.357496571959</range>
						<gx:altitudeMode>relativeToSeaFloor</gx:altitudeMode>
					</LookAt>
				</gx:FlyTo>
				<gx:FlyTo>
					<gx:duration>0.5044683000000987</gx:duration>
					<gx:flyToMode>smooth</gx:flyToMode>
					<LookAt>
						<gx:horizFov>59.99999999999999</gx:horizFov>
						<longitude>73.46161335055537</longitude>
						<latitude>19.6422263176648</latitude>
						<altitude>0</altitude>
						<heading>159.318648328968</heading>
						<tilt>62.38391318430764</tilt>
						<range>2343.463401766533</range>
						<gx:altitudeMode>relativeToSeaFloor</gx:altitudeMode>
					</LookAt>
				</gx:FlyTo>
				<gx:FlyTo>
					<gx:duration>0.5101609999996981</gx:duration>
					<gx:flyToMode>smooth</gx:flyToMode>
					<LookAt>
						<gx:horizFov>59.99999999999999</gx:horizFov>
						<longitude>73.46163521408278</longitude>
						<latitude>19.64221085417763</latitude>
						<altitude>0</altitude>
						<heading>161.8065538279112</heading>
						<tilt>62.38403722702689</tilt>
						<range>2358.962225057817</range>
						<gx:altitudeMode>relativeToSeaFloor</gx:altitudeMode>
					</LookAt>
				</gx:FlyTo>
				<gx:FlyTo>
					<gx:duration>0.5099691000004896</gx:duration>
					<gx:flyToMode>smooth</gx:flyToMode>
					<LookAt>
						<gx:horizFov>59.99999999999999</gx:horizFov>
						<longitude>73.46165644040603</longitude>
						<latitude>19.6421998244615</latitude>
						<altitude>0</altitude>
						<heading>164.2944591119403</heading>
						<tilt>62.3841647354189</tilt>
						<range>2374.89503984739</range>
						<gx:altitudeMode>relativeToSeaFloor</gx:altitudeMode>
					</LookAt>
				</gx:FlyTo>
				<gx:FlyTo>
					<gx:duration>0.4997936999998274</gx:duration>
					<gx:flyToMode>smooth</gx:flyToMode>
					<LookAt>
						<gx:horizFov>59.99999999999999</gx:horizFov>
						<longitude>73.4616781954455</longitude>
						<latitude>19.64218449260568</latitude>
						<altitude>0</altitude>
						<heading>166.6401989405667</heading>
						<tilt>62.38428692954097</tilt>
						<range>2390.276594739561</range>
						<gx:altitudeMode>relativeToSeaFloor</gx:altitudeMode>
					</LookAt>
				</gx:FlyTo>
				<gx:FlyTo>
					<gx:duration>0.5023132000001169</gx:duration>
					<gx:flyToMode>smooth</gx:flyToMode>
					<LookAt>
						<gx:horizFov>59.99999999999999</gx:horizFov>
						<longitude>73.4617011888685</longitude>
						<latitude>19.64216540800361</latitude>
						<altitude>0</altitude>
						<heading>169.0570219821974</heading>
						<tilt>62.38441017624985</tilt>
						<range>2405.818069927665</range>
						<gx:altitudeMode>relativeToSeaFloor</gx:altitudeMode>
					</LookAt>
				</gx:FlyTo>
				<gx:FlyTo>
					<gx:duration>0.5074970999999096</gx:duration>
					<gx:flyToMode>smooth</gx:flyToMode>
					<LookAt>
						<gx:horizFov>59.99999999999999</gx:horizFov>
						<longitude>73.46172438344237</longitude>
						<latitude>19.64214624107884</latitude>
						<altitude>0</altitude>
						<heading>171.4738451571156</heading>
						<tilt>62.38453848738605</tilt>
						<range>2421.707815640326</range>
						<gx:altitudeMode>relativeToSeaFloor</gx:altitudeMode>
					</LookAt>
				</gx:FlyTo>
				<gx:FlyTo>
					<gx:duration>0.5002850999999282</gx:duration>
					<gx:flyToMode>smooth</gx:flyToMode>
					<LookAt>
						<gx:horizFov>59.99999999999999</gx:horizFov>
						<longitude>73.46174760810634</longitude>
						<latitude>19.64212782544735</latitude>
						<altitude>0</altitude>
						<heading>173.8906682787248</heading>
						<tilt>62.3846639723552</tilt>
						<range>2437.515187294682</range>
						<gx:altitudeMode>relativeToSeaFloor</gx:altitudeMode>
					</LookAt>
				</gx:FlyTo>
				<gx:FlyTo>
					<gx:duration>0.5044265000005907</gx:duration>
					<gx:flyToMode>smooth</gx:flyToMode>
					<LookAt>
						<gx:horizFov>59.99999999999999</gx:horizFov>
						<longitude>73.46177030715543</longitude>
						<latitude>19.64211128749606</latitude>
						<altitude>0</altitude>
						<heading>176.1653256246455</heading>
						<tilt>62.3847928127654</tilt>
						<range>2453.718641557812</range>
						<gx:altitudeMode>relativeToSeaFloor</gx:altitudeMode>
					</LookAt>
				</gx:FlyTo>
				<gx:FlyTo>
					<gx:duration>0.5058120000003328</gx:duration>
					<gx:flyToMode>smooth</gx:flyToMode>
					<LookAt>
						<gx:horizFov>59.99999999999999</gx:horizFov>
						<longitude>73.46179437258873</longitude>
						<latitude>19.64209189439095</latitude>
						<altitude>0</altitude>
						<heading>178.5913209987946</heading>
						<tilt>62.3849211072828</tilt>
						<range>2469.907460907917</range>
						<gx:altitudeMode>relativeToSeaFloor</gx:altitudeMode>
					</LookAt>
				</gx:FlyTo>
				<gx:FlyTo>
					<gx:duration>0.5011371999999028</gx:duration>
					<gx:flyToMode>smooth</gx:flyToMode>
					<LookAt>
						<gx:horizFov>59.99999999999999</gx:horizFov>
						<longitude>73.46181943656012</longitude>
						<latitude>19.64206778304389</latitude>
						<altitude>0</altitude>
						<heading>-178.8359316497398</heading>
						<tilt>62.38504886345653</tilt>
						<range>2485.822087143055</range>
						<gx:altitudeMode>relativeToSeaFloor</gx:altitudeMode>
					</LookAt>
				</gx:FlyTo>
				<gx:FlyTo>
					<gx:duration>0.5030809999998382</gx:duration>
					<gx:flyToMode>smooth</gx:flyToMode>
					<LookAt>
						<gx:horizFov>59.99999999999999</gx:horizFov>
						<longitude>73.46184518181829</longitude>
						<latitude>19.64204633362413</latitude>
						<altitude>0</altitude>
						<heading>-176.2631841057868</heading>
						<tilt>62.38517762727907</tilt>
						<range>2502.02027271715</range>
						<gx:altitudeMode>relativeToSeaFloor</gx:altitudeMode>
					</LookAt>
				</gx:FlyTo>
				<gx:FlyTo>
					<gx:duration>0.5029207000002316</gx:duration>
					<gx:flyToMode>smooth</gx:flyToMode>
					<LookAt>
						<gx:horizFov>59.99999999999999</gx:horizFov>
						<longitude>73.46187126499312</longitude>
						<latitude>19.64201604022077</latitude>
						<altitude>0</altitude>
						<heading>-173.5712007659802</heading>
						<tilt>62.38531129457937</tilt>
						<range>2518.787681420105</range>
						<gx:altitudeMode>relativeToSeaFloor</gx:altitudeMode>
					</LookAt>
				</gx:FlyTo>
				<gx:FlyTo>
					<gx:duration>0.5054521000001841</gx:duration>
					<gx:flyToMode>smooth</gx:flyToMode>
					<LookAt>
						<gx:horizFov>59.99999999999999</gx:horizFov>
						<longitude>73.461896668913</longitude>
						<latitude>19.64198154810918</latitude>
						<altitude>0</altitude>
						<heading>-170.4825297763273</heading>
						<tilt>62.38538670108882</tilt>
						<range>2528.335508681392</range>
						<gx:altitudeMode>relativeToSeaFloor</gx:altitudeMode>
					</LookAt>
				</gx:FlyTo>
				<gx:FlyTo>
					<gx:duration>0.5031311000002461</gx:duration>
					<gx:flyToMode>smooth</gx:flyToMode>
					<LookAt>
						<gx:horizFov>59.99999999999999</gx:horizFov>
						<longitude>73.46192001248436</longitude>
						<latitude>19.6419438206188</latitude>
						<altitude>0</altitude>
						<heading>-167.3892734606377</heading>
						<tilt>62.38544175365401</tilt>
						<range>2535.194757726584</range>
						<gx:altitudeMode>relativeToSeaFloor</gx:altitudeMode>
					</LookAt>
				</gx:FlyTo>
				<gx:FlyTo>
					<gx:duration>0.4996612000004461</gx:duration>
					<gx:flyToMode>smooth</gx:flyToMode>
					<LookAt>
						<gx:horizFov>59.99999999999999</gx:horizFov>
						<longitude>73.4619447077414</longitude>
						<latitude>19.64189726098328</latitude>
						<altitude>0</altitude>
						<heading>-163.8809848835079</heading>
						<tilt>62.38549715448259</tilt>
						<range>2542.292825281611</range>
						<gx:altitudeMode>relativeToSeaFloor</gx:altitudeMode>
					</LookAt>
				</gx:FlyTo>
				<gx:FlyTo>
					<gx:duration>0.5124620999999934</gx:duration>
					<gx:flyToMode>smooth</gx:flyToMode>
					<LookAt>
						<gx:horizFov>59.99999999999999</gx:horizFov>
						<longitude>73.46196843751922</longitude>
						<latitude>19.64184644006157</latitude>
						<altitude>0</altitude>
						<heading>-160.2695118842054</heading>
						<tilt>62.38555429511025</tilt>
						<range>2549.454785925499</range>
						<gx:altitudeMode>relativeToSeaFloor</gx:altitudeMode>
					</LookAt>
				</gx:FlyTo>
				<gx:FlyTo>
					<gx:duration>0.4973796000003858</gx:duration>
					<gx:flyToMode>smooth</gx:flyToMode>
					<LookAt>
						<gx:horizFov>59.99999999999999</gx:horizFov>
						<longitude>73.46199106615151</longitude>
						<latitude>19.64179717157355</latitude>
						<altitude>0</altitude>
						<heading>-156.7612239473629</heading>
						<tilt>62.38560994425827</tilt>
						<range>2556.326333082798</range>
						<gx:altitudeMode>relativeToSeaFloor</gx:altitudeMode>
					</LookAt>
				</gx:FlyTo>
				<gx:FlyTo>
					<gx:duration>0.5010729999999057</gx:duration>
					<gx:flyToMode>smooth</gx:flyToMode>
					<LookAt>
						<gx:horizFov>59.99999999999999</gx:horizFov>
						<longitude>73.46201317279292</longitude>
						<latitude>19.64174683477837</latitude>
						<altitude>0</altitude>
						<heading>-153.2300063239794</heading>
						<tilt>62.38566120195932</tilt>
						<range>2563.063310840592</range>
						<gx:altitudeMode>relativeToSeaFloor</gx:altitudeMode>
					</LookAt>
				</gx:FlyTo>
				<gx:FlyTo>
					<gx:duration>0.4992919000001166</gx:duration>
					<gx:flyToMode>smooth</gx:flyToMode>
					<LookAt>
						<gx:horizFov>59.99999999999999</gx:horizFov>
						<longitude>73.46203592615687</longitude>
						<latitude>19.64169905075417</latitude>
						<altitude>0</altitude>
						<heading>-149.7790432017357</heading>
						<tilt>62.3857129474201</tilt>
						<range>2569.488661251937</range>
						<gx:altitudeMode>relativeToSeaFloor</gx:altitudeMode>
					</LookAt>
				</gx:FlyTo>
				<gx:FlyTo>
					<gx:duration>0.5092151000003469</gx:duration>
					<gx:flyToMode>smooth</gx:flyToMode>
					<LookAt>
						<gx:horizFov>59.99999999999999</gx:horizFov>
						<longitude>73.4620581124985</longitude>
						<latitude>19.64164753258666</latitude>
						<altitude>0</altitude>
						<heading>-146.229481534927</heading>
						<tilt>62.38576258711367</tilt>
						<range>2575.700916839087</range>
						<gx:altitudeMode>relativeToSeaFloor</gx:altitudeMode>
					</LookAt>
				</gx:FlyTo>
				<gx:FlyTo>
					<gx:duration>0.5115351999997984</gx:duration>
					<gx:flyToMode>smooth</gx:flyToMode>
					<LookAt>
						<gx:horizFov>59.99999999999999</gx:horizFov>
						<longitude>73.46207246178035</longitude>
						<latitude>19.64159156697548</latitude>
						<altitude>0</altitude>
						<heading>-142.7624706907335</heading>
						<tilt>62.38575298895515</tilt>
						<range>2576.347445253862</range>
						<gx:altitudeMode>relativeToSeaFloor</gx:altitudeMode>
					</LookAt>
				</gx:FlyTo>
				<gx:FlyTo>
					<gx:duration>0.512095699999918</gx:duration>
					<gx:flyToMode>smooth</gx:flyToMode>
					<LookAt>
						<gx:horizFov>59.99999999999999</gx:horizFov>
						<longitude>73.46207935763326</longitude>
						<latitude>19.64153610313616</latitude>
						<altitude>0</altitude>
						<heading>-139.5431057047351</heading>
						<tilt>62.38570568050969</tilt>
						<range>2572.345613524075</range>
						<gx:altitudeMode>relativeToSeaFloor</gx:altitudeMode>
					</LookAt>
				</gx:FlyTo>
				<gx:FlyTo>
					<gx:duration>0.5108662000002369</gx:duration>
					<gx:flyToMode>smooth</gx:flyToMode>
					<LookAt>
						<gx:horizFov>59.99999999999999</gx:horizFov>
						<longitude>73.46208685831806</longitude>
						<latitude>19.64148018182205</latitude>
						<altitude>0</altitude>
						<heading>-136.2343136808774</heading>
						<tilt>62.38565955571624</tilt>
						<range>2568.186694832568</range>
						<gx:altitudeMode>relativeToSeaFloor</gx:altitudeMode>
					</LookAt>
				</gx:FlyTo>
				<gx:FlyTo>
					<gx:duration>0.4989679999998771</gx:duration>
					<gx:flyToMode>smooth</gx:flyToMode>
					<LookAt>
						<gx:horizFov>59.99999999999999</gx:horizFov>
						<longitude>73.46209523196895</longitude>
						<latitude>19.64142758279874</latitude>
						<altitude>0</altitude>
						<heading>-133.1043745355546</heading>
						<tilt>62.38562332310683</tilt>
						<range>2563.956303228904</range>
						<gx:altitudeMode>relativeToSeaFloor</gx:altitudeMode>
					</LookAt>
				</gx:FlyTo>
				<gx:FlyTo>
					<gx:duration>0.4999308999995264</gx:duration>
					<gx:flyToMode>smooth</gx:flyToMode>
					<LookAt>
						<gx:horizFov>59.99999999999999</gx:horizFov>
						<longitude>73.46210464159728</longitude>
						<latitude>19.64137560306951</latitude>
						<altitude>0</altitude>
						<heading>-129.9400403219686</heading>
						<tilt>62.38558551216883</tilt>
						<range>2559.78570191543</range>
						<gx:altitudeMode>relativeToSeaFloor</gx:altitudeMode>
					</LookAt>
				</gx:FlyTo>
				<gx:FlyTo>
					<gx:duration>0.5025906000000759</gx:duration>
					<gx:flyToMode>smooth</gx:flyToMode>
					<LookAt>
						<gx:horizFov>59.99999999999999</gx:horizFov>
						<longitude>73.4621070617969</longitude>
						<latitude>19.64132098817133</latitude>
						<altitude>0</altitude>
						<heading>-126.8903585299017</heading>
						<tilt>62.38552741405677</tilt>
						<range>2555.339742162501</range>
						<gx:altitudeMode>relativeToSeaFloor</gx:altitudeMode>
					</LookAt>
				</gx:FlyTo>
				<gx:FlyTo>
					<gx:duration>0.5045022000003883</gx:duration>
					<gx:flyToMode>smooth</gx:flyToMode>
					<LookAt>
						<gx:horizFov>59.99999999999999</gx:horizFov>
						<longitude>73.46210585648589</longitude>
						<latitude>19.64126269417093</latitude>
						<altitude>0</altitude>
						<heading>-123.7535441793155</heading>
						<tilt>62.3854704433536</tilt>
						<range>2550.573576842607</range>
						<gx:altitudeMode>relativeToSeaFloor</gx:altitudeMode>
					</LookAt>
				</gx:FlyTo>
				<gx:FlyTo>
					<gx:duration>0.5088550999994368</gx:duration>
					<gx:flyToMode>smooth</gx:flyToMode>
					<LookAt>
						<gx:horizFov>59.99999999999999</gx:horizFov>
						<longitude>73.46210134904636</longitude>
						<latitude>19.64120601924978</latitude>
						<altitude>0</altitude>
						<heading>-120.8276860498064</heading>
						<tilt>62.38543096842668</tilt>
						<range>2546.818428460959</range>
						<gx:altitudeMode>relativeToSeaFloor</gx:altitudeMode>
					</LookAt>
				</gx:FlyTo>
				<gx:FlyTo>
					<gx:duration>0.5096400000002177</gx:duration>
					<gx:flyToMode>smooth</gx:flyToMode>
					<LookAt>
						<gx:horizFov>59.99999999999999</gx:horizFov>
						<longitude>73.46209466744311</longitude>
						<latitude>19.64115388635314</latitude>
						<altitude>0</altitude>
						<heading>-118.0990260844164</heading>
						<tilt>62.38539903847443</tilt>
						<range>2543.494358130121</range>
						<gx:altitudeMode>relativeToSeaFloor</gx:altitudeMode>
					</LookAt>
				</gx:FlyTo>
				<gx:FlyTo>
					<gx:duration>0.5065878999998858</gx:duration>
					<gx:flyToMode>smooth</gx:flyToMode>
					<LookAt>
						<gx:horizFov>59.99999999999999</gx:horizFov>
						<longitude>73.46208500884744</longitude>
						<latitude>19.6411011226559</latitude>
						<altitude>0</altitude>
						<heading>-115.5262907232226</heading>
						<tilt>62.38536164768712</tilt>
						<range>2540.358276563994</range>
						<gx:altitudeMode>relativeToSeaFloor</gx:altitudeMode>
					</LookAt>
				</gx:FlyTo>
				<gx:FlyTo>
					<gx:duration>0.4975023000001784</gx:duration>
					<gx:flyToMode>smooth</gx:flyToMode>
					<LookAt>
						<gx:horizFov>59.99999999999999</gx:horizFov>
						<longitude>73.46207380716606</longitude>
						<latitude>19.64104836752367</latitude>
						<altitude>0</altitude>
						<heading>-112.9535559931708</heading>
						<tilt>62.38531976539577</tilt>
						<range>2537.212442836078</range>
						<gx:altitudeMode>relativeToSeaFloor</gx:altitudeMode>
					</LookAt>
				</gx:FlyTo>
				<gx:FlyTo>
					<gx:duration>0.4987165000002278</gx:duration>
					<gx:flyToMode>smooth</gx:flyToMode>
					<LookAt>
						<gx:horizFov>59.99999999999999</gx:horizFov>
						<longitude>73.46206172121887</longitude>
						<latitude>19.64099503033962</latitude>
						<altitude>0</altitude>
						<heading>-110.3028596888275</heading>
						<tilt>62.38528484926564</tilt>
						<range>2534.029988010567</range>
						<gx:altitudeMode>relativeToSeaFloor</gx:altitudeMode>
					</LookAt>
				</gx:FlyTo>
				<gx:FlyTo>
					<gx:duration>0.5103490999999849</gx:duration>
					<gx:flyToMode>smooth</gx:flyToMode>
					<LookAt>
						<gx:horizFov>59.99999999999999</gx:horizFov>
						<longitude>73.46202882252824</longitude>
						<latitude>19.64094479964508</latitude>
						<altitude>0</altitude>
						<heading>-107.7576534219291</heading>
						<tilt>62.33462391003473</tilt>
						<range>2517.337250685569</range>
						<gx:altitudeMode>relativeToSeaFloor</gx:altitudeMode>
					</LookAt>
				</gx:FlyTo>
				<gx:FlyTo>
					<gx:duration>0.4988828000000467</gx:duration>
					<gx:flyToMode>smooth</gx:flyToMode>
					<LookAt>
						<gx:horizFov>59.99999999999999</gx:horizFov>
						<longitude>73.46199003554254</longitude>
						<latitude>19.64089887388414</latitude>
						<altitude>0</altitude>
						<heading>-105.3408585168613</heading>
						<tilt>62.26878798296656</tilt>
						<range>2496.826503111517</range>
						<gx:altitudeMode>relativeToSeaFloor</gx:altitudeMode>
					</LookAt>
				</gx:FlyTo>
				<gx:FlyTo>
					<gx:duration>0.5043817999999192</gx:duration>
					<gx:flyToMode>smooth</gx:flyToMode>
					<LookAt>
						<gx:horizFov>59.99999999999999</gx:horizFov>
						<longitude>73.46193983859655</longitude>
						<latitude>19.64085584232235</latitude>
						<altitude>0</altitude>
						<heading>-102.8529892641138</heading>
						<tilt>62.16019587248008</tilt>
						<range>2467.433627573767</range>
						<gx:altitudeMode>relativeToSeaFloor</gx:altitudeMode>
					</LookAt>
				</gx:FlyTo>
				<gx:FlyTo>
					<gx:duration>0.5038549000000785</gx:duration>
					<gx:flyToMode>smooth</gx:flyToMode>
					<LookAt>
						<gx:horizFov>59.99999999999999</gx:horizFov>
						<longitude>73.46186564351648</longitude>
						<latitude>19.64082472063555</latitude>
						<altitude>0</altitude>
						<heading>-100.4362212673012</heading>
						<tilt>61.95901811616424</tilt>
						<range>2412.728975620551</range>
						<gx:altitudeMode>relativeToSeaFloor</gx:altitudeMode>
					</LookAt>
				</gx:FlyTo>
				<gx:FlyTo>
					<gx:duration>0.5058634999995775</gx:duration>
					<gx:flyToMode>smooth</gx:flyToMode>
					<LookAt>
						<gx:horizFov>59.99999999999999</gx:horizFov>
						<longitude>73.46177971685596</longitude>
						<latitude>19.64079964890249</latitude>
						<altitude>0</altitude>
						<heading>-97.99882099301614</heading>
						<tilt>61.74882765950497</tilt>
						<range>2351.841190221387</range>
						<gx:altitudeMode>relativeToSeaFloor</gx:altitudeMode>
					</LookAt>
				</gx:FlyTo>
				<gx:FlyTo>
					<gx:duration>0.5012441999997463</gx:duration>
					<gx:flyToMode>smooth</gx:flyToMode>
					<LookAt>
						<gx:horizFov>59.99999999999999</gx:horizFov>
						<longitude>73.46169783441788</longitude>
						<latitude>19.64077853019263</latitude>
						<altitude>0</altitude>
						<heading>-95.51785308752896</heading>
						<tilt>61.53349089742439</tilt>
						<range>2291.860615449433</range>
						<gx:altitudeMode>relativeToSeaFloor</gx:altitudeMode>
					</LookAt>
				</gx:FlyTo>
				<gx:FlyTo>
					<gx:duration>0.4990409000006366</gx:duration>
					<gx:flyToMode>smooth</gx:flyToMode>
					<LookAt>
						<gx:horizFov>59.99999999999999</gx:horizFov>
						<longitude>73.46161506410574</longitude>
						<latitude>19.6407608320062</latitude>
						<altitude>0</altitude>
						<heading>-92.78924783495677</heading>
						<tilt>61.26454677056765</tilt>
						<range>2226.334888330144</range>
						<gx:altitudeMode>relativeToSeaFloor</gx:altitudeMode>
					</LookAt>
				</gx:FlyTo>
				<gx:FlyTo>
					<gx:duration>0.509413300000233</gx:duration>
					<gx:flyToMode>smooth</gx:flyToMode>
					<LookAt>
						<gx:horizFov>59.99999999999999</gx:horizFov>
						<longitude>73.46153475837913</longitude>
						<latitude>19.64074734753709</latitude>
						<altitude>0</altitude>
						<heading>-89.99643659989393</heading>
						<tilt>61.00680558144683</tilt>
						<range>2160.469615383043</range>
						<gx:altitudeMode>relativeToSeaFloor</gx:altitudeMode>
					</LookAt>
				</gx:FlyTo>
				<gx:FlyTo>
					<gx:duration>0.501754400000209</gx:duration>
					<gx:flyToMode>smooth</gx:flyToMode>
					<LookAt>
						<gx:horizFov>59.99999999999999</gx:horizFov>
						<longitude>73.46145452723947</longitude>
						<latitude>19.64073613808677</latitude>
						<altitude>0</altitude>
						<heading>-87.10043317041573</heading>
						<tilt>60.81654352285548</tilt>
						<range>2097.385613679693</range>
						<gx:altitudeMode>relativeToSeaFloor</gx:altitudeMode>
					</LookAt>
				</gx:FlyTo>
				<gx:FlyTo>
					<gx:duration>0.4990656000004492</gx:duration>
					<gx:flyToMode>smooth</gx:flyToMode>
					<LookAt>
						<gx:horizFov>59.99999999999999</gx:horizFov>
						<longitude>73.46136961051354</longitude>
						<latitude>19.64072742188658</latitude>
						<altitude>0</altitude>
						<heading>-84.06226588333838</heading>
						<tilt>60.62354854622391</tilt>
						<range>2037.249687251267</range>
						<gx:altitudeMode>relativeToSeaFloor</gx:altitudeMode>
					</LookAt>
				</gx:FlyTo>
				<gx:FlyTo>
					<gx:duration>0.5051469999998517</gx:duration>
					<gx:flyToMode>smooth</gx:flyToMode>
					<LookAt>
						<gx:horizFov>59.99999999999999</gx:horizFov>
						<longitude>73.46128021932466</longitude>
						<latitude>19.64072461101248</latitude>
						<altitude>0</altitude>
						<heading>-80.88881401964005</heading>
						<tilt>60.42445368012395</tilt>
						<range>1974.660411886694</range>
						<gx:altitudeMode>relativeToSeaFloor</gx:altitudeMode>
					</LookAt>
				</gx:FlyTo>
				<gx:FlyTo>
					<gx:duration>0.4972204999999121</gx:duration>
					<gx:flyToMode>smooth</gx:flyToMode>
					<LookAt>
						<gx:horizFov>59.99999999999999</gx:horizFov>
						<longitude>73.46118031309993</longitude>
						<latitude>19.64072780294687</latitude>
						<altitude>0</altitude>
						<heading>-77.22466091669928</heading>
						<tilt>60.26287780959645</tilt>
						<range>1904.499813478252</range>
						<gx:altitudeMode>relativeToSeaFloor</gx:altitudeMode>
					</LookAt>
				</gx:FlyTo>
				<gx:FlyTo>
					<gx:duration>0.4991700999994464</gx:duration>
					<gx:flyToMode>smooth</gx:flyToMode>
					<LookAt>
						<gx:horizFov>59.99999999999999</gx:horizFov>
						<longitude>73.46107957740777</longitude>
						<latitude>19.64073871940448</latitude>
						<altitude>0</altitude>
						<heading>-73.56050273617412</heading>
						<tilt>60.15074093955273</tilt>
						<range>1837.263450707149</range>
						<gx:altitudeMode>relativeToSeaFloor</gx:altitudeMode>
					</LookAt>
				</gx:FlyTo>
				<gx:FlyTo>
					<gx:duration>0.5033276999997724</gx:duration>
					<gx:flyToMode>smooth</gx:flyToMode>
					<LookAt>
						<gx:horizFov>59.99999999999999</gx:horizFov>
						<longitude>73.46097571762293</longitude>
						<latitude>19.64075759958506</latitude>
						<altitude>0</altitude>
						<heading>-69.78857294000862</heading>
						<tilt>60.05616929202741</tilt>
						<range>1772.791267307906</range>
						<gx:altitudeMode>relativeToSeaFloor</gx:altitudeMode>
					</LookAt>
				</gx:FlyTo>
				<gx:FlyTo>
					<gx:duration>0.5110045000001264</gx:duration>
					<gx:flyToMode>smooth</gx:flyToMode>
					<LookAt>
						<gx:horizFov>59.99999999999999</gx:horizFov>
						<longitude>73.46088329650787</longitude>
						<latitude>19.64078108818463</latitude>
						<altitude>0</altitude>
						<heading>-66.00058542039784</heading>
						<tilt>59.9892141474302</tilt>
						<range>1708.814065966583</range>
						<gx:altitudeMode>relativeToSeaFloor</gx:altitudeMode>
					</LookAt>
				</gx:FlyTo>
				<gx:FlyTo>
					<gx:duration>0.5031333000001723</gx:duration>
					<gx:flyToMode>smooth</gx:flyToMode>
					<LookAt>
						<gx:horizFov>59.99999999999999</gx:horizFov>
						<longitude>73.46079040857995</longitude>
						<latitude>19.64081179116284</latitude>
						<altitude>0</altitude>
						<heading>-61.85947386710222</heading>
						<tilt>59.95222497320481</tilt>
						<range>1641.936300779949</range>
						<gx:altitudeMode>relativeToSeaFloor</gx:altitudeMode>
					</LookAt>
				</gx:FlyTo>
				<gx:FlyTo>
					<gx:duration>0.5003468999998404</gx:duration>
					<gx:flyToMode>smooth</gx:flyToMode>
					<LookAt>
						<gx:horizFov>59.99999999999999</gx:horizFov>
						<longitude>73.46070289972864</longitude>
						<latitude>19.64084727074559</latitude>
						<altitude>0</altitude>
						<heading>-57.56702058410591</heading>
						<tilt>59.93747733354596</tilt>
						<range>1577.447835011187</range>
						<gx:altitudeMode>relativeToSeaFloor</gx:altitudeMode>
					</LookAt>
				</gx:FlyTo>
				<gx:FlyTo>
					<gx:duration>0.5090860999998768</gx:duration>
					<gx:flyToMode>smooth</gx:flyToMode>
					<LookAt>
						<gx:horizFov>59.99999999999999</gx:horizFov>
						<longitude>73.46062997458024</longitude>
						<latitude>19.64088192936597</latitude>
						<altitude>0</altitude>
						<heading>-53.01087128706767</heading>
						<tilt>59.89167265565649</tilt>
						<range>1509.505566151335</range>
						<gx:altitudeMode>relativeToSeaFloor</gx:altitudeMode>
					</LookAt>
				</gx:FlyTo>
				<gx:FlyTo>
					<gx:duration>0.5054956000003585</gx:duration>
					<gx:flyToMode>smooth</gx:flyToMode>
					<LookAt>
						<gx:horizFov>59.99999999999999</gx:horizFov>
						<longitude>73.46056285677832</longitude>
						<latitude>19.64091821990206</latitude>
						<altitude>0</altitude>
						<heading>-48.25981988590453</heading>
						<tilt>59.80231147508984</tilt>
						<range>1443.702619801777</range>
						<gx:altitudeMode>relativeToSeaFloor</gx:altitudeMode>
					</LookAt>
				</gx:FlyTo>
				<gx:FlyTo>
					<gx:duration>0.5001541999999972</gx:duration>
					<gx:flyToMode>smooth</gx:flyToMode>
					<LookAt>
						<gx:horizFov>59.99999999999999</gx:horizFov>
						<longitude>73.46050064529139</longitude>
						<latitude>19.64095621708342</latitude>
						<altitude>0</altitude>
						<heading>-43.37576895168876</heading>
						<tilt>59.75497461115523</tilt>
						<range>1381.351349769605</range>
						<gx:altitudeMode>relativeToSeaFloor</gx:altitudeMode>
					</LookAt>
				</gx:FlyTo>
				<gx:FlyTo>
					<gx:duration>0.5002194000003328</gx:duration>
					<gx:flyToMode>smooth</gx:flyToMode>
					<LookAt>
						<gx:horizFov>59.99999999999999</gx:horizFov>
						<longitude>73.46044013897959</longitude>
						<latitude>19.64100274843523</latitude>
						<altitude>0</altitude>
						<heading>-38.24636329449118</heading>
						<tilt>59.746086605983</tilt>
						<range>1315.890494804132</range>
						<gx:altitudeMode>relativeToSeaFloor</gx:altitudeMode>
					</LookAt>
				</gx:FlyTo>
				<gx:FlyTo>
					<gx:duration>0.5013939999998911</gx:duration>
					<gx:flyToMode>smooth</gx:flyToMode>
					<LookAt>
						<gx:horizFov>59.99999999999999</gx:horizFov>
						<longitude>73.46037990033433</longitude>
						<latitude>19.64105700290807</latitude>
						<altitude>0</altitude>
						<heading>-32.61708675850129</heading>
						<tilt>59.71824571191111</tilt>
						<range>1250.135288072781</range>
						<gx:altitudeMode>relativeToSeaFloor</gx:altitudeMode>
					</LookAt>
				</gx:FlyTo>
				<gx:FlyTo>
					<gx:duration>0.5030524999997397</gx:duration>
					<gx:flyToMode>smooth</gx:flyToMode>
					<LookAt>
						<gx:horizFov>59.99999999999999</gx:horizFov>
						<longitude>73.46032857514388</longitude>
						<latitude>19.64111484018241</latitude>
						<altitude>0</altitude>
						<heading>-27.12767857203477</heading>
						<tilt>59.70336991750259</tilt>
						<range>1187.725340232588</range>
						<gx:altitudeMode>relativeToSeaFloor</gx:altitudeMode>
					</LookAt>
				</gx:FlyTo>
				<gx:FlyTo>
					<gx:duration>0.4979408999997759</gx:duration>
					<gx:flyToMode>smooth</gx:flyToMode>
					<LookAt>
						<gx:horizFov>59.99999999999999</gx:horizFov>
						<longitude>73.46027063366701</longitude>
						<latitude>19.6412036850105</latitude>
						<altitude>0</altitude>
						<heading>-21.14986425072748</heading>
						<tilt>59.69589645810271</tilt>
						<range>1129.416510853485</range>
						<gx:altitudeMode>relativeToSeaFloor</gx:altitudeMode>
					</LookAt>
				</gx:FlyTo>
				<gx:FlyTo>
					<gx:duration>0.5047719999997753</gx:duration>
					<gx:flyToMode>smooth</gx:flyToMode>
					<LookAt>
						<gx:horizFov>59.99999999999999</gx:horizFov>
						<longitude>73.46020516562957</longitude>
						<latitude>19.64137727299406</latitude>
						<altitude>0</altitude>
						<heading>-14.99549362668872</heading>
						<tilt>59.67044332267914</tilt>
						<range>1080.969279621236</range>
						<gx:altitudeMode>relativeToSeaFloor</gx:altitudeMode>
					</LookAt>
				</gx:FlyTo>
				<gx:FlyTo>
					<gx:duration>0.5107401000000209</gx:duration>
					<gx:flyToMode>smooth</gx:flyToMode>
					<LookAt>
						<gx:horizFov>59.99999999999999</gx:horizFov>
						<longitude>73.46050509318397</longitude>
						<latitude>19.63952900846571</latitude>
						<altitude>137.5609833704825</altitude>
						<heading>-8.726366448672696</heading>
						<tilt>59.47271575010816</tilt>
						<range>763.5544445713718</range>
						<gx:altitudeMode>relativeToSeaFloor</gx:altitudeMode>
					</LookAt>
				</gx:FlyTo>
				<gx:FlyTo>
					<gx:duration>0.4974812000000384</gx:duration>
					<gx:flyToMode>smooth</gx:flyToMode>
					<LookAt>
						<gx:horizFov>59.99999999999999</gx:horizFov>
						<longitude>73.46018008459485</longitude>
						<latitude>19.64171884898751</latitude>
						<altitude>0</altitude>
						<heading>-2.459735370950686</heading>
						<tilt>59.35247366874061</tilt>
						<range>984.8721463240985</range>
						<gx:altitudeMode>relativeToSeaFloor</gx:altitudeMode>
					</LookAt>
				</gx:FlyTo>
				<gx:FlyTo>
					<gx:duration>0.5059582999997474</gx:duration>
					<gx:flyToMode>smooth</gx:flyToMode>
					<LookAt>
						<gx:horizFov>59.99999999999999</gx:horizFov>
						<longitude>73.46021055041209</longitude>
						<latitude>19.64180936197935</latitude>
						<altitude>0</altitude>
						<heading>4.102823153313678</heading>
						<tilt>59.35659556138219</tilt>
						<range>932.8515083529898</range>
						<gx:altitudeMode>relativeToSeaFloor</gx:altitudeMode>
					</LookAt>
				</gx:FlyTo>
				<gx:FlyTo>
					<gx:duration>0.501375199999984</gx:duration>
					<gx:flyToMode>smooth</gx:flyToMode>
					<LookAt>
						<gx:horizFov>59.99999999999999</gx:horizFov>
						<longitude>73.46025323516147</longitude>
						<latitude>19.64188829921923</latitude>
						<altitude>0</altitude>
						<heading>10.87175490796001</heading>
						<tilt>59.35726230237917</tilt>
						<range>886.0555144647493</range>
						<gx:altitudeMode>relativeToSeaFloor</gx:altitudeMode>
					</LookAt>
				</gx:FlyTo>
				<gx:FlyTo>
					<gx:duration>0.5079864999997881</gx:duration>
					<gx:flyToMode>smooth</gx:flyToMode>
					<LookAt>
						<gx:horizFov>59.99999999999999</gx:horizFov>
						<longitude>73.46030570402489</longitude>
						<latitude>19.6419516294118</latitude>
						<altitude>0</altitude>
						<heading>17.97088133771382</heading>
						<tilt>59.36140129953086</tilt>
						<range>842.173667439294</range>
						<gx:altitudeMode>relativeToSeaFloor</gx:altitudeMode>
					</LookAt>
				</gx:FlyTo>
				<gx:FlyTo>
					<gx:duration>0.511673299999984</gx:duration>
					<gx:flyToMode>smooth</gx:flyToMode>
					<LookAt>
						<gx:horizFov>59.99999999999999</gx:horizFov>
						<longitude>73.46036955389408</longitude>
						<latitude>19.64200763962009</latitude>
						<altitude>0</altitude>
						<heading>25.47816443419863</heading>
						<tilt>59.3654980521737</tilt>
						<range>801.292314205153</range>
						<gx:altitudeMode>relativeToSeaFloor</gx:altitudeMode>
					</LookAt>
				</gx:FlyTo>
				<gx:FlyTo>
					<gx:duration>0.5083959000003233</gx:duration>
					<gx:flyToMode>smooth</gx:flyToMode>
					<LookAt>
						<gx:horizFov>59.99999999999999</gx:horizFov>
						<longitude>73.46043871666657</longitude>
						<latitude>19.64204702422017</latitude>
						<altitude>0</altitude>
						<heading>33.10697800098269</heading>
						<tilt>59.36957206093669</tilt>
						<range>762.3424463495754</range>
						<gx:altitudeMode>relativeToSeaFloor</gx:altitudeMode>
					</LookAt>
				</gx:FlyTo>
				<gx:FlyTo>
					<gx:duration>0.5033924000003935</gx:duration>
					<gx:flyToMode>smooth</gx:flyToMode>
					<LookAt>
						<gx:horizFov>59.99999999999999</gx:horizFov>
						<longitude>73.46051330822401</longitude>
						<latitude>19.64207183517868</latitude>
						<altitude>0</altitude>
						<heading>41.15541123528629</heading>
						<tilt>59.37387605571924</tilt>
						<range>723.6216962712152</range>
						<gx:altitudeMode>relativeToSeaFloor</gx:altitudeMode>
					</LookAt>
				</gx:FlyTo>
				<gx:FlyTo>
					<gx:duration>0.5036313999999038</gx:duration>
					<gx:flyToMode>smooth</gx:flyToMode>
					<LookAt>
						<gx:horizFov>59.99999999999999</gx:horizFov>
						<longitude>73.46058058404687</longitude>
						<latitude>19.64207685235687</latitude>
						<altitude>0</altitude>
						<heading>49.20384199239841</heading>
						<tilt>59.37805961353455</tilt>
						<range>687.2644695855706</range>
						<gx:altitudeMode>relativeToSeaFloor</gx:altitudeMode>
					</LookAt>
				</gx:FlyTo>
				<gx:FlyTo>
					<gx:duration>0.509528500000215</gx:duration>
					<gx:flyToMode>smooth</gx:flyToMode>
					<LookAt>
						<gx:horizFov>59.99999999999999</gx:horizFov>
						<longitude>73.46064610391511</longitude>
						<latitude>19.64207147868548</latitude>
						<altitude>0</altitude>
						<heading>57.43112565388392</heading>
						<tilt>59.38217627157825</tilt>
						<range>653.9275969644799</range>
						<gx:altitudeMode>relativeToSeaFloor</gx:altitudeMode>
					</LookAt>
				</gx:FlyTo>
				<gx:FlyTo>
					<gx:duration>0.5111926999998104</gx:duration>
					<gx:flyToMode>smooth</gx:flyToMode>
					<LookAt>
						<gx:horizFov>59.99999999999999</gx:horizFov>
						<longitude>73.4607097473932</longitude>
						<latitude>19.64205535610402</latitude>
						<altitude>0</altitude>
						<heading>66.01611569809803</heading>
						<tilt>59.38616613002448</tilt>
						<range>621.6935696892923</range>
						<gx:altitudeMode>relativeToSeaFloor</gx:altitudeMode>
					</LookAt>
				</gx:FlyTo>
				<gx:FlyTo>
					<gx:duration>0.504801800000223</gx:duration>
					<gx:flyToMode>smooth</gx:flyToMode>
					<LookAt>
						<gx:horizFov>59.99999999999999</gx:horizFov>
						<longitude>73.46075914482307</longitude>
						<latitude>19.64202806111772</latitude>
						<altitude>0</altitude>
						<heading>74.60110092772211</heading>
						<tilt>59.38997416335967</tilt>
						<range>591.4154663129297</range>
						<gx:altitudeMode>relativeToSeaFloor</gx:altitudeMode>
					</LookAt>
				</gx:FlyTo>
				<gx:FlyTo>
					<gx:duration>0.5048808999999892</gx:duration>
					<gx:flyToMode>smooth</gx:flyToMode>
					<LookAt>
						<gx:horizFov>59.99999999999999</gx:horizFov>
						<longitude>73.4608010322389</longitude>
						<latitude>19.64199358180531</latitude>
						<altitude>0</altitude>
						<heading>83.72264418386631</heading>
						<tilt>59.39365214442223</tilt>
						<range>563.2686630001775</range>
						<gx:altitudeMode>relativeToSeaFloor</gx:altitudeMode>
					</LookAt>
				</gx:FlyTo>
				<gx:FlyTo>
					<gx:duration>0.5019396000002416</gx:duration>
					<gx:flyToMode>smooth</gx:flyToMode>
					<LookAt>
						<gx:horizFov>59.99999999999999</gx:horizFov>
						<longitude>73.46083123007874</longitude>
						<latitude>19.64195532251461</latitude>
						<altitude>0</altitude>
						<heading>92.84418339922129</heading>
						<tilt>59.39717507617861</tilt>
						<range>536.8836866113659</range>
						<gx:altitudeMode>relativeToSeaFloor</gx:altitudeMode>
					</LookAt>
				</gx:FlyTo>
				<gx:FlyTo>
					<gx:duration>0.5115029999997205</gx:duration>
					<gx:flyToMode>smooth</gx:flyToMode>
					<LookAt>
						<gx:horizFov>59.99999999999999</gx:horizFov>
						<longitude>73.46085360007602</longitude>
						<latitude>19.6419130442014</latitude>
						<altitude>0</altitude>
						<heading>102.6811341190398</heading>
						<tilt>59.40063660476471</tilt>
						<range>511.380428820509</range>
						<gx:altitudeMode>relativeToSeaFloor</gx:altitudeMode>
					</LookAt>
				</gx:FlyTo>
				<gx:FlyTo>
					<gx:duration>0.5123665000005531</gx:duration>
					<gx:flyToMode>smooth</gx:flyToMode>
					<LookAt>
						<gx:horizFov>59.99999999999999</gx:horizFov>
						<longitude>73.4608666239894</longitude>
						<latitude>19.64186831859059</latitude>
						<altitude>0</altitude>
						<heading>113.4123491576083</heading>
						<tilt>59.40396332472048</tilt>
						<range>486.8731819574074</range>
						<gx:altitudeMode>relativeToSeaFloor</gx:altitudeMode>
					</LookAt>
				</gx:FlyTo>
				<gx:FlyTo>
					<gx:duration>0.5107273999997233</gx:duration>
					<gx:flyToMode>smooth</gx:flyToMode>
					<LookAt>
						<gx:horizFov>59.99999999999999</gx:horizFov>
						<longitude>73.46087925659748</longitude>
						<latitude>19.64181658225125</latitude>
						<altitude>0</altitude>
						<heading>125.0378315609982</heading>
						<tilt>59.40713801558146</tilt>
						<range>463.2649724570315</range>
						<gx:altitudeMode>relativeToSeaFloor</gx:altitudeMode>
					</LookAt>
				</gx:FlyTo>
				<gx:FlyTo>
					<gx:duration>0.5071181999996952</gx:duration>
					<gx:flyToMode>smooth</gx:flyToMode>
					<LookAt>
						<gx:horizFov>59.99999999999999</gx:horizFov>
						<longitude>73.46087514571214</longitude>
						<latitude>19.64177330374226</latitude>
						<altitude>0</altitude>
						<heading>136.3056012598105</heading>
						<tilt>59.41016751237468</tilt>
						<range>442.0181088354945</range>
						<gx:altitudeMode>relativeToSeaFloor</gx:altitudeMode>
					</LookAt>
				</gx:FlyTo>
				<gx:FlyTo>
					<gx:duration>0.5102691000001869</gx:duration>
					<gx:flyToMode>smooth</gx:flyToMode>
					<LookAt>
						<gx:horizFov>59.99999999999999</gx:horizFov>
						<longitude>73.4608642320066</longitude>
						<latitude>19.64172805683065</latitude>
						<altitude>0</altitude>
						<heading>148.8253434284481</heading>
						<tilt>59.41308792316882</tilt>
						<range>421.5519075120766</range>
						<gx:altitudeMode>relativeToSeaFloor</gx:altitudeMode>
					</LookAt>
				</gx:FlyTo>
				<gx:FlyTo>
					<gx:duration>0.5086006999995334</gx:duration>
					<gx:flyToMode>smooth</gx:flyToMode>
					<LookAt>
						<gx:horizFov>59.99999999999999</gx:horizFov>
						<longitude>73.46084572994597</longitude>
						<latitude>19.64167618801064</latitude>
						<altitude>0</altitude>
						<heading>162.6016434179155</heading>
						<tilt>59.41586227911547</tilt>
						<range>401.6867650256315</range>
						<gx:altitudeMode>relativeToSeaFloor</gx:altitudeMode>
					</LookAt>
				</gx:FlyTo>
				<gx:FlyTo>
					<gx:duration>0.5094555000000582</gx:duration>
					<gx:flyToMode>smooth</gx:flyToMode>
					<LookAt>
						<gx:horizFov>59.99999999999999</gx:horizFov>
						<longitude>73.46081366537881</longitude>
						<latitude>19.64161142917841</latitude>
						<altitude>0</altitude>
						<heading>177.4602318664608</heading>
						<tilt>59.41850606853507</tilt>
						<range>383.483732683497</range>
						<gx:altitudeMode>relativeToSeaFloor</gx:altitudeMode>
					</LookAt>
				</gx:FlyTo>
				<gx:FlyTo>
					<gx:duration>0.5093587000001207</gx:duration>
					<gx:flyToMode>smooth</gx:flyToMode>
					<LookAt>
						<gx:horizFov>59.99999999999999</gx:horizFov>
						<longitude>73.46076213791551</longitude>
						<latitude>19.64156294909106</latitude>
						<altitude>0</altitude>
						<heading>-168.0480650005923</heading>
						<tilt>59.42103964380669</tilt>
						<range>367.8103551641095</range>
						<gx:altitudeMode>relativeToSeaFloor</gx:altitudeMode>
					</LookAt>
				</gx:FlyTo>
				<gx:FlyTo>
					<gx:duration>0.5085825999999543</gx:duration>
					<gx:flyToMode>smooth</gx:flyToMode>
					<LookAt>
						<gx:horizFov>59.99999999999999</gx:horizFov>
						<longitude>73.46069256890416</longitude>
						<latitude>19.6415243558308</latitude>
						<altitude>0</altitude>
						<heading>-153.1894890088964</heading>
						<tilt>59.42344694275724</tilt>
						<range>354.0683295772409</range>
						<gx:altitudeMode>relativeToSeaFloor</gx:altitudeMode>
					</LookAt>
				</gx:FlyTo>
				<gx:FlyTo>
					<gx:duration>0.5076926000001549</gx:duration>
					<gx:flyToMode>smooth</gx:flyToMode>
					<LookAt>
						<gx:horizFov>59.99999999999999</gx:horizFov>
						<longitude>73.46061368303846</longitude>
						<latitude>19.64150371062038</latitude>
						<altitude>0</altitude>
						<heading>-139.0646741257273</heading>
						<tilt>59.42573850200645</tilt>
						<range>342.3493197859903</range>
						<gx:altitudeMode>relativeToSeaFloor</gx:altitudeMode>
					</LookAt>
				</gx:FlyTo>
				<gx:FlyTo>
					<gx:duration>0.5120973000002778</gx:duration>
					<gx:flyToMode>smooth</gx:flyToMode>
					<LookAt>
						<gx:horizFov>59.99999999999999</gx:horizFov>
						<longitude>73.4605147490348</longitude>
						<latitude>19.64149836738138</latitude>
						<altitude>0</altitude>
						<heading>-124.9398662585348</heading>
						<tilt>59.42794011050076</tilt>
						<range>333.7030848023759</range>
						<gx:altitudeMode>relativeToSeaFloor</gx:altitudeMode>
					</LookAt>
				</gx:FlyTo>
				<gx:FlyTo>
					<gx:duration>0.5115822000002481</gx:duration>
					<gx:flyToMode>smooth</gx:flyToMode>
					<LookAt>
						<gx:horizFov>59.99999999999999</gx:horizFov>
						<longitude>73.46038436571631</longitude>
						<latitude>19.64151535576639</latitude>
						<altitude>0</altitude>
						<heading>-110.8150689099313</heading>
						<tilt>59.43005312515573</tilt>
						<range>328.8133691017046</range>
						<gx:altitudeMode>relativeToSeaFloor</gx:altitudeMode>
					</LookAt>
				</gx:FlyTo>
				<gx:FlyTo>
					<gx:duration>0.5072916000003715</gx:duration>
					<gx:flyToMode>smooth</gx:flyToMode>
					<LookAt>
						<gx:horizFov>59.99999999999999</gx:horizFov>
						<longitude>73.46023276216492</longitude>
						<latitude>19.64156783131209</latitude>
						<altitude>0</altitude>
						<heading>-97.9743552084518</heading>
						<tilt>59.43207100186493</tilt>
						<range>328.8446886384843</range>
						<gx:altitudeMode>relativeToSeaFloor</gx:altitudeMode>
					</LookAt>
				</gx:FlyTo>
				<gx:FlyTo>
					<gx:duration>0.5047712000000502</gx:duration>
					<gx:flyToMode>smooth</gx:flyToMode>
					<LookAt>
						<gx:horizFov>59.99999999999999</gx:horizFov>
						<longitude>73.46008209478526</longitude>
						<latitude>19.64167421557279</latitude>
						<altitude>0</altitude>
						<heading>-84.95020180723988</heading>
						<tilt>59.43398556012434</tilt>
						<range>331.8668228850584</range>
						<gx:altitudeMode>relativeToSeaFloor</gx:altitudeMode>
					</LookAt>
				</gx:FlyTo>
				<gx:FlyTo>
					<gx:duration>0.5037887000003138</gx:duration>
					<gx:flyToMode>smooth</gx:flyToMode>
					<LookAt>
						<gx:horizFov>59.99999999999999</gx:horizFov>
						<longitude>73.4599737358037</longitude>
						<latitude>19.64182217000151</latitude>
						<altitude>0</altitude>
						<heading>-72.84323144827337</heading>
						<tilt>59.43580281291445</tilt>
						<range>334.6775662719286</range>
						<gx:altitudeMode>relativeToSeaFloor</gx:altitudeMode>
					</LookAt>
				</gx:FlyTo>
				<gx:FlyTo>
					<gx:duration>0.5112017999999807</gx:duration>
					<gx:flyToMode>smooth</gx:flyToMode>
					<LookAt>
						<gx:horizFov>59.99999999999999</gx:horizFov>
						<longitude>73.45990077645656</longitude>
						<latitude>19.64201108711079</latitude>
						<altitude>0</altitude>
						<heading>-60.91968893841271</heading>
						<tilt>59.4375497649313</tilt>
						<range>339.0731847950009</range>
						<gx:altitudeMode>relativeToSeaFloor</gx:altitudeMode>
					</LookAt>
				</gx:FlyTo>
				<gx:FlyTo>
					<gx:duration>0.5052021000001332</gx:duration>
					<gx:flyToMode>smooth</gx:flyToMode>
					<LookAt>
						<gx:horizFov>59.99999999999999</gx:horizFov>
						<longitude>73.45992470841371</longitude>
						<latitude>19.64218986458699</latitude>
						<altitude>0</altitude>
						<heading>-49.36299276152505</heading>
						<tilt>59.43912531365828</tilt>
						<range>337.9293579160177</range>
						<gx:altitudeMode>relativeToSeaFloor</gx:altitudeMode>
					</LookAt>
				</gx:FlyTo>
				<gx:FlyTo>
					<gx:duration>0.5071665999998913</gx:duration>
					<gx:flyToMode>smooth</gx:flyToMode>
					<LookAt>
						<gx:horizFov>59.99999999999999</gx:horizFov>
						<longitude>73.46001918009543</longitude>
						<latitude>19.64233626048458</latitude>
						<altitude>0</altitude>
						<heading>-37.98971228867272</heading>
						<tilt>59.44059358468178</tilt>
						<range>332.144456488718</range>
						<gx:altitudeMode>relativeToSeaFloor</gx:altitudeMode>
					</LookAt>
				</gx:FlyTo>
				<gx:FlyTo>
					<gx:duration>0.5096968000002562</gx:duration>
					<gx:flyToMode>smooth</gx:flyToMode>
					<LookAt>
						<gx:horizFov>59.99999999999999</gx:horizFov>
						<longitude>73.46015247682372</longitude>
						<latitude>19.6424653536259</latitude>
						<altitude>0</altitude>
						<heading>-26.24954005138943</heading>
						<tilt>59.44196937138895</tilt>
						<range>326.2527404217449</range>
						<gx:altitudeMode>relativeToSeaFloor</gx:altitudeMode>
					</LookAt>
				</gx:FlyTo>
				<gx:FlyTo>
					<gx:duration>0.5027744999997594</gx:duration>
					<gx:flyToMode>smooth</gx:flyToMode>
					<LookAt>
						<gx:horizFov>59.99999999999999</gx:horizFov>
						<longitude>73.46031242801796</longitude>
						<latitude>19.64256999885722</latitude>
						<altitude>0</altitude>
						<heading>-14.69279782302266</heading>
						<tilt>59.44325485227429</tilt>
						<range>322.0206883821108</range>
						<gx:altitudeMode>relativeToSeaFloor</gx:altitudeMode>
					</LookAt>
				</gx:FlyTo>
				<gx:FlyTo>
					<gx:duration>0.1214878000000681</gx:duration>
					<gx:flyToMode>smooth</gx:flyToMode>
					<LookAt>
						<gx:horizFov>59.99999999999999</gx:horizFov>
						<longitude>73.46035409867518</longitude>
						<latitude>19.64259023606889</latitude>
						<altitude>0</altitude>
						<heading>-11.94119127844776</heading>
						<tilt>59.44355588743424</tilt>
						<range>321.3504732020342</range>
						<gx:altitudeMode>relativeToSeaFloor</gx:altitudeMode>
					</LookAt>
				</gx:FlyTo>
			</gx:Playlist>
		</gx:Tour>
		<atom:link rel="app" href="https://www.google.com/earth/about/versions/#earth-pro" title="Google Earth Pro 7.3.7.1155"></atom:link>
	</Folder>
</Document>
</kml>
